category,seed,image,label,peak_y,peak_x,peak_in_outer_16px,peak_in_defect_mask
bottle,0,test\broken_large\000.png,1,184,184,False,True
bottle,0,test\broken_large\001.png,1,170,183,False,True
bottle,0,test\broken_large\002.png,1,94,193,False,True
bottle,0,test\broken_large\003.png,1,199,101,False,True
bottle,0,test\broken_large\004.png,1,104,72,False,True
bottle,0,test\broken_large\005.png,1,122,200,False,True
bottle,0,test\broken_large\006.png,1,56,167,False,False
bottle,0,test\broken_large\007.png,1,197,88,False,True
bottle,0,test\broken_large\008.png,1,104,193,False,True
bottle,0,test\broken_large\009.png,1,56,146,False,True
bottle,0,test\broken_large\010.png,1,87,65,False,True
bottle,0,test\broken_large\011.png,1,183,170,False,True
bottle,0,test\broken_large\012.png,1,56,151,False,True
bottle,0,test\broken_large\013.png,1,170,184,False,True
bottle,0,test\broken_large\014.png,1,168,87,False,True
bottle,0,test\broken_large\015.png,1,199,162,False,True
bottle,0,test\broken_large\016.png,1,184,72,False,True
bottle,0,test\broken_large\017.png,1,56,151,False,True
bottle,0,test\broken_large\018.png,1,184,88,False,True
bottle,0,test\broken_large\019.png,1,71,152,False,True
bottle,0,test\broken_small\000.png,1,167,72,False,True
bottle,0,test\broken_small\001.png,1,87,72,False,True
bottle,0,test\broken_small\002.png,1,120,199,False,True
bottle,0,test\broken_small\003.png,1,183,103,False,True
bottle,0,test\broken_small\004.png,1,177,88,False,True
bottle,0,test\broken_small\005.png,1,194,89,False,True
bottle,0,test\broken_small\006.png,1,65,152,False,True
bottle,0,test\broken_small\007.png,1,104,197,False,True
bottle,0,test\broken_small\008.png,1,103,72,False,False
bottle,0,test\broken_small\009.png,1,181,88,False,True
bottle,0,test\broken_small\010.png,1,72,167,False,True
bottle,0,test\broken_small\011.png,1,151,62,False,True
bottle,0,test\broken_small\012.png,1,184,149,False,True
bottle,0,test\broken_small\013.png,1,87,168,False,True
bottle,0,test\broken_small\014.png,1,138,56,False,True
bottle,0,test\broken_small\015.png,1,87,178,False,True
bottle,0,test\broken_small\016.png,1,87,168,False,False
bottle,0,test\broken_small\017.png,1,119,56,False,True
bottle,0,test\broken_small\018.png,1,183,88,False,True
bottle,0,test\broken_small\019.png,1,167,72,False,True
bottle,0,test\broken_small\020.png,1,146,183,False,True
bottle,0,test\broken_small\021.png,1,151,184,False,True
bottle,0,test\contamination\000.png,1,149,135,False,True
bottle,0,test\contamination\001.png,1,152,136,False,True
bottle,0,test\contamination\002.png,1,151,119,False,True
bottle,0,test\contamination\003.png,1,142,185,False,True
bottle,0,test\contamination\004.png,1,168,89,False,False
bottle,0,test\contamination\005.png,1,104,120,False,True
bottle,0,test\contamination\006.png,1,136,104,False,True
bottle,0,test\contamination\007.png,1,215,199,False,True
bottle,0,test\contamination\008.png,1,104,119,False,True
bottle,0,test\contamination\009.png,1,120,120,False,True
bottle,0,test\contamination\010.png,1,119,120,False,True
bottle,0,test\contamination\011.png,1,119,129,False,True
bottle,0,test\contamination\012.png,1,104,125,False,True
bottle,0,test\contamination\013.png,1,119,23,False,True
bottle,0,test\contamination\014.png,1,248,104,True,True
bottle,0,test\contamination\015.png,1,113,119,False,False
bottle,0,test\contamination\016.png,1,121,72,False,False
bottle,0,test\contamination\017.png,1,0,6,True,False
bottle,0,test\contamination\018.png,1,106,202,False,True
bottle,0,test\contamination\019.png,1,134,199,False,True
bottle,0,test\contamination\020.png,1,119,104,False,True
bottle,0,test\good\000.png,0,138,25,False,False
bottle,0,test\good\001.png,0,117,50,False,False
bottle,0,test\good\002.png,0,149,216,False,False
bottle,0,test\good\003.png,0,234,181,False,False
bottle,0,test\good\004.png,0,97,53,False,False
bottle,0,test\good\005.png,0,164,186,False,False
bottle,0,test\good\006.png,0,197,69,False,False
bottle,0,test\good\007.png,0,46,81,False,False
bottle,0,test\good\008.png,0,147,219,False,False
bottle,0,test\good\009.png,0,45,154,False,False
bottle,0,test\good\010.png,0,89,210,False,False
bottle,0,test\good\011.png,0,114,36,False,False
bottle,0,test\good\012.png,0,217,181,False,False
bottle,0,test\good\013.png,0,211,230,False,False
bottle,0,test\good\014.png,0,205,161,False,False
bottle,0,test\good\015.png,0,56,70,False,False
bottle,0,test\good\016.png,0,169,201,False,False
bottle,0,test\good\017.png,0,105,246,True,False
bottle,0,test\good\018.png,0,178,53,False,False
bottle,0,test\good\019.png,0,185,198,False,False
bottle,1,test\broken_large\000.png,1,130,202,False,True
bottle,1,test\broken_large\001.png,1,151,55,False,True
bottle,1,test\broken_large\002.png,1,87,173,False,True
bottle,1,test\broken_large\003.png,1,190,133,False,True
bottle,1,test\broken_large\004.png,1,102,57,False,True
bottle,1,test\broken_large\005.png,1,89,177,False,True
bottle,1,test\broken_large\006.png,1,71,152,False,True
bottle,1,test\broken_large\007.png,1,183,72,False,True
bottle,1,test\broken_large\008.png,1,227,136,False,False
bottle,1,test\broken_large\009.png,1,65,151,False,True
bottle,1,test\broken_large\010.png,1,119,44,False,True
bottle,1,test\broken_large\011.png,1,197,133,False,True
bottle,1,test\broken_large\012.png,1,66,167,False,True
bottle,1,test\broken_large\013.png,1,110,189,False,True
bottle,1,test\broken_large\014.png,1,183,72,False,True
bottle,1,test\broken_large\015.png,1,129,174,False,False
bottle,1,test\broken_large\016.png,1,184,81,False,True
bottle,1,test\broken_large\017.png,1,56,153,False,True
bottle,1,test\broken_large\018.png,1,183,87,False,True
bottle,1,test\broken_large\019.png,1,72,167,False,True
bottle,1,test\broken_small\000.png,1,151,74,False,False
bottle,1,test\broken_small\001.png,1,87,69,False,True
bottle,1,test\broken_small\002.png,1,88,169,False,True
bottle,1,test\broken_small\003.png,1,190,137,False,True
bottle,1,test\broken_small\004.png,1,183,72,False,True
bottle,1,test\broken_small\005.png,1,171,72,False,False
bottle,1,test\broken_small\006.png,1,56,151,False,True
bottle,1,test\broken_small\007.png,1,113,184,False,False
bottle,1,test\broken_small\008.png,1,183,161,False,True
bottle,1,test\broken_small\009.png,1,198,114,False,True
bottle,1,test\broken_small\010.png,1,85,168,False,True
bottle,1,test\broken_small\011.png,1,142,69,False,True
bottle,1,test\broken_small\012.png,1,190,134,False,True
bottle,1,test\broken_small\013.png,1,82,167,False,True
bottle,1,test\broken_small\014.png,1,138,65,False,True
bottle,1,test\broken_small\015.png,1,78,165,False,True
bottle,1,test\broken_small\016.png,1,62,169,False,True
bottle,1,test\broken_small\017.png,1,119,62,False,True
bottle,1,test\broken_small\018.png,1,183,72,False,True
bottle,1,test\broken_small\019.png,1,168,70,False,True
bottle,1,test\broken_small\020.png,1,169,170,False,True
bottle,1,test\broken_small\021.png,1,146,182,False,True
bottle,1,test\contamination\000.png,1,119,103,False,True
bottle,1,test\contamination\001.png,1,142,168,False,True
bottle,1,test\contamination\002.png,1,168,120,False,True
bottle,1,test\contamination\003.png,1,142,186,False,True
bottle,1,test\contamination\004.png,1,167,89,False,False
bottle,1,test\contamination\005.png,1,117,126,False,True
bottle,1,test\contamination\006.png,1,87,138,False,True
bottle,1,test\contamination\007.png,1,210,202,False,False
bottle,1,test\contamination\008.png,1,142,125,False,True
bottle,1,test\contamination\009.png,1,167,121,False,True
bottle,1,test\contamination\010.png,1,97,167,False,False
bottle,1,test\contamination\011.png,1,166,120,False,True
bottle,1,test\contamination\012.png,1,88,165,False,False
bottle,1,test\contamination\013.png,1,120,0,True,True
bottle,1,test\contamination\014.png,1,238,104,False,False
bottle,1,test\contamination\015.png,1,104,104,False,True
bottle,1,test\contamination\016.png,1,87,167,False,False
bottle,1,test\contamination\017.png,1,0,26,True,False
bottle,1,test\contamination\018.png,1,105,205,False,True
bottle,1,test\contamination\019.png,1,151,184,False,True
bottle,1,test\contamination\020.png,1,85,119,False,True
bottle,1,test\good\000.png,0,85,46,False,False
bottle,1,test\good\001.png,0,178,165,False,False
bottle,1,test\good\002.png,0,149,211,False,False
bottle,1,test\good\003.png,0,246,178,True,False
bottle,1,test\good\004.png,0,94,57,False,False
bottle,1,test\good\005.png,0,41,98,False,False
bottle,1,test\good\006.png,0,150,118,False,False
bottle,1,test\good\007.png,0,114,37,False,False
bottle,1,test\good\008.png,0,134,213,False,False
bottle,1,test\good\009.png,0,145,214,False,False
bottle,1,test\good\010.png,0,50,77,False,False
bottle,1,test\good\011.png,0,115,35,False,False
bottle,1,test\good\012.png,0,196,189,False,False
bottle,1,test\good\013.png,0,205,230,False,False
bottle,1,test\good\014.png,0,26,114,False,False
bottle,1,test\good\015.png,0,54,67,False,False
bottle,1,test\good\016.png,0,149,57,False,False
bottle,1,test\good\017.png,0,106,249,True,False
bottle,1,test\good\018.png,0,181,53,False,False
bottle,1,test\good\019.png,0,45,121,False,False
bottle,2,test\broken_large\000.png,1,133,201,False,True
bottle,2,test\broken_large\001.png,1,153,61,False,True
bottle,2,test\broken_large\002.png,1,122,202,False,True
bottle,2,test\broken_large\003.png,1,202,98,False,True
bottle,2,test\broken_large\004.png,1,93,54,False,True
bottle,2,test\broken_large\005.png,1,130,190,False,True
bottle,2,test\broken_large\006.png,1,33,101,False,True
bottle,2,test\broken_large\007.png,1,203,94,False,True
bottle,2,test\broken_large\008.png,1,167,69,False,True
bottle,2,test\broken_large\009.png,1,61,150,False,True
bottle,2,test\broken_large\010.png,1,86,58,False,True
bottle,2,test\broken_large\011.png,1,149,194,False,True
bottle,2,test\broken_large\012.png,1,54,161,False,True
bottle,2,test\broken_large\013.png,1,62,170,False,True
bottle,2,test\broken_large\014.png,1,184,69,False,True
bottle,2,test\broken_large\015.png,1,122,209,False,True
bottle,2,test\broken_large\016.png,1,178,73,False,True
bottle,2,test\broken_large\017.png,1,61,162,False,True
bottle,2,test\broken_large\018.png,1,179,70,False,True
bottle,2,test\broken_large\019.png,1,65,169,False,True
bottle,2,test\broken_small\000.png,1,170,73,False,True
bottle,2,test\broken_small\001.png,1,86,65,False,True
bottle,2,test\broken_small\002.png,1,130,209,False,True
bottle,2,test\broken_small\003.png,1,172,85,False,True
bottle,2,test\broken_small\004.png,1,186,77,False,True
bottle,2,test\broken_small\005.png,1,194,85,False,True
bottle,2,test\broken_small\006.png,1,56,146,False,True
bottle,2,test\broken_small\007.png,1,122,206,False,True
bottle,2,test\broken_small\008.png,1,185,157,False,True
bottle,2,test\broken_small\009.png,1,185,73,False,True
bottle,2,test\broken_small\010.png,1,60,157,False,True
bottle,2,test\broken_small\011.png,1,139,58,False,True
bottle,2,test\broken_small\012.png,1,182,102,False,True
bottle,2,test\broken_small\013.png,1,82,177,False,True
bottle,2,test\broken_small\014.png,1,165,66,False,True
bottle,2,test\broken_small\015.png,1,72,173,False,True
bottle,2,test\broken_small\016.png,1,85,169,False,True
bottle,2,test\broken_small\017.png,1,118,62,False,True
bottle,2,test\broken_small\018.png,1,126,65,False,True
bottle,2,test\broken_small\019.png,1,166,69,False,True
bottle,2,test\broken_small\020.png,1,166,198,False,False
bottle,2,test\broken_small\021.png,1,134,205,False,True
bottle,2,test\contamination\000.png,1,140,157,False,True
bottle,2,test\contamination\001.png,1,138,158,False,True
bottle,2,test\contamination\002.png,1,161,120,False,True
bottle,2,test\contamination\003.png,1,142,185,False,True
bottle,2,test\contamination\004.png,1,229,130,False,False
bottle,2,test\contamination\005.png,1,120,88,False,True
bottle,2,test\contamination\006.png,1,119,104,False,True
bottle,2,test\contamination\007.png,1,104,146,False,True
bottle,2,test\contamination\008.png,1,94,136,False,True
bottle,2,test\contamination\009.png,1,115,135,False,True
bottle,2,test\contamination\010.png,1,142,129,False,True
bottle,2,test\contamination\011.png,1,170,162,False,True
bottle,2,test\contamination\012.png,1,82,161,False,False
bottle,2,test\contamination\013.png,1,82,0,True,False
bottle,2,test\contamination\014.png,1,238,102,False,False
bottle,2,test\contamination\015.png,1,109,146,False,True
bottle,2,test\contamination\016.png,1,97,167,False,True
bottle,2,test\contamination\017.png,1,0,22,True,False
bottle,2,test\contamination\018.png,1,90,222,False,False
bottle,2,test\contamination\019.png,1,126,198,False,False
bottle,2,test\contamination\020.png,1,84,126,False,True
bottle,2,test\good\000.png,0,89,42,False,False
bottle,2,test\good\001.png,0,186,181,False,False
bottle,2,test\good\002.png,0,118,182,False,False
bottle,2,test\good\003.png,0,244,157,True,False
bottle,2,test\good\004.png,0,97,55,False,False
bottle,2,test\good\005.png,0,158,182,False,False
bottle,2,test\good\006.png,0,133,122,False,False
bottle,2,test\good\007.png,0,26,82,False,False
bottle,2,test\good\008.png,0,146,218,False,False
bottle,2,test\good\009.png,0,42,156,False,False
bottle,2,test\good\010.png,0,81,45,False,False
bottle,2,test\good\011.png,0,167,201,False,False
bottle,2,test\good\012.png,0,162,202,False,False
bottle,2,test\good\013.png,0,41,157,False,False
bottle,2,test\good\014.png,0,34,134,False,False
bottle,2,test\good\015.png,0,55,69,False,False
bottle,2,test\good\016.png,0,142,53,False,False
bottle,2,test\good\017.png,0,104,242,True,False
bottle,2,test\good\018.png,0,169,38,False,False
bottle,2,test\good\019.png,0,187,194,False,False
cable,0,test\bent_wire\000.png,1,146,26,False,False
cable,0,test\bent_wire\001.png,1,148,117,False,True
cable,0,test\bent_wire\002.png,1,58,105,False,True
cable,0,test\bent_wire\003.png,1,165,181,False,False
cable,0,test\bent_wire\004.png,1,89,197,False,True
cable,0,test\bent_wire\005.png,1,209,151,False,False
cable,0,test\bent_wire\006.png,1,164,51,False,True
cable,0,test\bent_wire\007.png,1,53,167,False,False
cable,0,test\bent_wire\008.png,1,83,84,False,True
cable,0,test\bent_wire\009.png,1,150,49,False,True
cable,0,test\bent_wire\010.png,1,85,184,False,True
cable,0,test\bent_wire\011.png,1,69,184,False,True
cable,0,test\bent_wire\012.png,1,157,130,False,True
cable,0,test\cable_swap\000.png,1,169,202,False,True
cable,0,test\cable_swap\001.png,1,108,138,False,False
cable,0,test\cable_swap\002.png,1,121,72,False,True
cable,0,test\cable_swap\003.png,1,201,163,False,False
cable,0,test\cable_swap\004.png,1,34,73,False,False
cable,0,test\cable_swap\005.png,1,163,116,False,True
cable,0,test\cable_swap\006.png,1,177,131,False,True
cable,0,test\cable_swap\007.png,1,130,118,False,True
cable,0,test\cable_swap\008.png,1,209,138,False,False
cable,0,test\cable_swap\009.png,1,168,211,False,False
cable,0,test\cable_swap\010.png,1,188,97,False,True
cable,0,test\cable_swap\011.png,1,117,254,True,False
cable,0,test\combined\000.png,1,62,92,False,True
cable,0,test\combined\001.png,1,210,138,False,True
cable,0,test\combined\002.png,1,109,217,False,False
cable,0,test\combined\003.png,1,114,196,False,True
cable,0,test\combined\004.png,1,88,216,False,True
cable,0,test\combined\005.png,1,70,105,False,True
cable,0,test\combined\006.png,1,90,108,False,True
cable,0,test\combined\007.png,1,117,60,False,True
cable,0,test\combined\008.png,1,25,114,False,True
cable,0,test\combined\009.png,1,44,123,False,True
cable,0,test\combined\010.png,1,98,226,False,True
cable,0,test\cut_inner_insulation\000.png,1,185,153,False,True
cable,0,test\cut_inner_insulation\001.png,1,178,52,False,False
cable,0,test\cut_inner_insulation\002.png,1,132,171,False,True
cable,0,test\cut_inner_insulation\003.png,1,83,67,False,False
cable,0,test\cut_inner_insulation\004.png,1,114,145,False,True
cable,0,test\cut_inner_insulation\005.png,1,45,142,False,False
cable,0,test\cut_inner_insulation\006.png,1,129,66,False,False
cable,0,test\cut_inner_insulation\007.png,1,66,93,False,True
cable,0,test\cut_inner_insulation\008.png,1,123,164,False,False
cable,0,test\cut_inner_insulation\009.png,1,57,93,False,True
cable,0,test\cut_inner_insulation\010.png,1,106,93,False,False
cable,0,test\cut_inner_insulation\011.png,1,171,54,False,False
cable,0,test\cut_inner_insulation\012.png,1,164,210,False,False
cable,0,test\cut_inner_insulation\013.png,1,85,82,False,False
cable,0,test\cut_outer_insulation\000.png,1,119,231,False,True
cable,0,test\cut_outer_insulation\001.png,1,230,121,False,False
cable,0,test\cut_outer_insulation\002.png,1,71,46,False,True
cable,0,test\cut_outer_insulation\003.png,1,90,202,False,True
cable,0,test\cut_outer_insulation\004.png,1,174,38,False,True
cable,0,test\cut_outer_insulation\005.png,1,202,125,False,False
cable,0,test\cut_outer_insulation\006.png,1,78,34,False,True
cable,0,test\cut_outer_insulation\007.png,1,37,141,False,True
cable,0,test\cut_outer_insulation\008.png,1,184,206,False,True
cable,0,test\cut_outer_insulation\009.png,1,121,39,False,True
cable,0,test\good\000.png,0,102,51,False,False
cable,0,test\good\001.png,0,140,148,False,False
cable,0,test\good\002.png,0,91,172,False,False
cable,0,test\good\003.png,0,75,84,False,False
cable,0,test\good\004.png,0,14,251,True,False
cable,0,test\good\005.png,0,81,67,False,False
cable,0,test\good\006.png,0,155,52,False,False
cable,0,test\good\007.png,0,243,229,True,False
cable,0,test\good\008.png,0,44,141,False,False
cable,0,test\good\009.png,0,26,82,False,False
cable,0,test\good\010.png,0,60,76,False,False
cable,0,test\good\011.png,0,117,236,False,False
cable,0,test\good\012.png,0,65,157,False,False
cable,0,test\good\013.png,0,188,189,False,False
cable,0,test\good\014.png,0,213,8,True,False
cable,0,test\good\015.png,0,138,17,False,False
cable,0,test\good\016.png,0,167,54,False,False
cable,0,test\good\017.png,0,91,205,False,False
cable,0,test\good\018.png,0,122,34,False,False
cable,0,test\good\019.png,0,130,218,False,False
cable,0,test\good\020.png,0,213,157,False,False
cable,0,test\good\021.png,0,182,50,False,False
cable,0,test\good\022.png,0,249,0,True,False
cable,0,test\good\023.png,0,220,116,False,False
cable,0,test\good\024.png,0,18,11,True,False
cable,0,test\good\025.png,0,141,58,False,False
cable,0,test\good\026.png,0,0,72,True,False
cable,0,test\good\027.png,0,250,249,True,False
cable,0,test\good\028.png,0,90,36,False,False
cable,0,test\good\029.png,0,123,14,True,False
cable,0,test\good\030.png,0,20,12,True,False
cable,0,test\good\031.png,0,194,209,False,False
cable,0,test\good\032.png,0,180,52,False,False
cable,0,test\good\033.png,0,89,230,False,False
cable,0,test\good\034.png,0,81,233,False,False
cable,0,test\good\035.png,0,219,119,False,False
cable,0,test\good\036.png,0,41,120,False,False
cable,0,test\good\037.png,0,245,137,True,False
cable,0,test\good\038.png,0,254,69,True,False
cable,0,test\good\039.png,0,117,86,False,False
cable,0,test\good\040.png,0,183,139,False,False
cable,0,test\good\041.png,0,168,54,False,False
cable,0,test\good\042.png,0,71,196,False,False
cable,0,test\good\043.png,0,248,28,True,False
cable,0,test\good\044.png,0,235,254,True,False
cable,0,test\good\045.png,0,212,88,False,False
cable,0,test\good\046.png,0,27,75,False,False
cable,0,test\good\047.png,0,91,20,False,False
cable,0,test\good\048.png,0,106,73,False,False
cable,0,test\good\049.png,0,0,179,True,False
cable,0,test\good\050.png,0,250,0,True,False
cable,0,test\good\051.png,0,172,123,False,False
cable,0,test\good\052.png,0,68,228,False,False
cable,0,test\good\053.png,0,52,74,False,False
cable,0,test\good\054.png,0,59,187,False,False
cable,0,test\good\055.png,0,106,90,False,False
cable,0,test\good\056.png,0,121,34,False,False
cable,0,test\good\057.png,0,91,18,False,False
cable,0,test\missing_cable\000.png,1,108,155,False,True
cable,0,test\missing_cable\001.png,1,185,74,False,True
cable,0,test\missing_cable\002.png,1,147,58,False,True
cable,0,test\missing_cable\003.png,1,178,125,False,False
cable,0,test\missing_cable\004.png,1,196,178,False,False
cable,0,test\missing_cable\005.png,1,189,181,False,False
cable,0,test\missing_cable\006.png,1,68,212,False,False
cable,0,test\missing_cable\007.png,1,73,106,False,True
cable,0,test\missing_cable\008.png,1,138,58,False,True
cable,0,test\missing_cable\009.png,1,0,235,True,False
cable,0,test\missing_cable\010.png,1,106,114,False,True
cable,0,test\missing_cable\011.png,1,189,33,False,False
cable,0,test\missing_wire\000.png,1,123,107,False,False
cable,0,test\missing_wire\001.png,1,162,197,False,False
cable,0,test\missing_wire\002.png,1,29,72,False,False
cable,0,test\missing_wire\003.png,1,213,146,False,False
cable,0,test\missing_wire\004.png,1,12,244,True,False
cable,0,test\missing_wire\005.png,1,197,133,False,False
cable,0,test\missing_wire\006.png,1,62,122,False,False
cable,0,test\missing_wire\007.png,1,171,232,False,False
cable,0,test\missing_wire\008.png,1,100,220,False,False
cable,0,test\missing_wire\009.png,1,12,244,True,False
cable,0,test\poke_insulation\000.png,1,190,114,False,True
cable,0,test\poke_insulation\001.png,1,114,54,False,True
cable,0,test\poke_insulation\002.png,1,88,50,False,False
cable,0,test\poke_insulation\003.png,1,201,139,False,False
cable,0,test\poke_insulation\004.png,1,124,217,False,False
cable,0,test\poke_insulation\005.png,1,98,183,False,True
cable,0,test\poke_insulation\006.png,1,99,188,False,True
cable,0,test\poke_insulation\007.png,1,202,93,False,True
cable,0,test\poke_insulation\008.png,1,84,77,False,True
cable,0,test\poke_insulation\009.png,1,213,150,False,True
cable,1,test\bent_wire\000.png,1,133,106,False,True
cable,1,test\bent_wire\001.png,1,162,116,False,True
cable,1,test\bent_wire\002.png,1,66,83,False,False
cable,1,test\bent_wire\003.png,1,177,206,False,False
cable,1,test\bent_wire\004.png,1,94,194,False,True
cable,1,test\bent_wire\005.png,1,103,206,False,False
cable,1,test\bent_wire\006.png,1,166,42,False,True
cable,1,test\bent_wire\007.png,1,78,169,False,False
cable,1,test\bent_wire\008.png,1,86,73,False,True
cable,1,test\bent_wire\009.png,1,142,44,False,True
cable,1,test\bent_wire\010.png,1,188,190,False,True
cable,1,test\bent_wire\011.png,1,43,85,False,True
cable,1,test\bent_wire\012.png,1,148,124,False,False
cable,1,test\cable_swap\000.png,1,156,212,False,True
cable,1,test\cable_swap\001.png,1,34,157,False,False
cable,1,test\cable_swap\002.png,1,163,52,False,True
cable,1,test\cable_swap\003.png,1,203,166,False,False
cable,1,test\cable_swap\004.png,1,67,165,False,True
cable,1,test\cable_swap\005.png,1,156,115,False,True
cable,1,test\cable_swap\006.png,1,98,213,False,False
cable,1,test\cable_swap\007.png,1,195,93,False,True
cable,1,test\cable_swap\008.png,1,197,139,False,False
cable,1,test\cable_swap\009.png,1,235,20,False,False
cable,1,test\cable_swap\010.png,1,131,59,False,True
cable,1,test\cable_swap\011.png,1,39,133,False,False
cable,1,test\combined\000.png,1,194,110,False,True
cable,1,test\combined\001.png,1,202,73,False,False
cable,1,test\combined\002.png,1,97,222,False,True
cable,1,test\combined\003.png,1,65,202,False,True
cable,1,test\combined\004.png,1,97,225,False,True
cable,1,test\combined\005.png,1,44,141,False,False
cable,1,test\combined\006.png,1,61,171,False,False
cable,1,test\combined\007.png,1,179,70,False,True
cable,1,test\combined\008.png,1,27,114,False,True
cable,1,test\combined\009.png,1,12,11,True,False
cable,1,test\combined\010.png,1,101,225,False,True
cable,1,test\cut_inner_insulation\000.png,1,229,118,False,False
cable,1,test\cut_inner_insulation\001.png,1,122,54,False,True
cable,1,test\cut_inner_insulation\002.png,1,197,156,False,False
cable,1,test\cut_inner_insulation\003.png,1,81,67,False,False
cable,1,test\cut_inner_insulation\004.png,1,85,142,False,False
cable,1,test\cut_inner_insulation\005.png,1,45,138,False,False
cable,1,test\cut_inner_insulation\006.png,1,180,97,False,True
cable,1,test\cut_inner_insulation\007.png,1,50,100,False,True
cable,1,test\cut_inner_insulation\008.png,1,52,217,False,False
cable,1,test\cut_inner_insulation\009.png,1,69,101,False,True
cable,1,test\cut_inner_insulation\010.png,1,181,115,False,False
cable,1,test\cut_inner_insulation\011.png,1,172,44,False,False
cable,1,test\cut_inner_insulation\012.png,1,28,3,True,False
cable,1,test\cut_inner_insulation\013.png,1,102,67,False,False
cable,1,test\cut_outer_insulation\000.png,1,130,230,False,True
cable,1,test\cut_outer_insulation\001.png,1,219,130,False,True
cable,1,test\cut_outer_insulation\002.png,1,76,54,False,True
cable,1,test\cut_outer_insulation\003.png,1,93,209,False,True
cable,1,test\cut_outer_insulation\004.png,1,178,33,False,True
cable,1,test\cut_outer_insulation\005.png,1,212,126,False,True
cable,1,test\cut_outer_insulation\006.png,1,78,38,False,True
cable,1,test\cut_outer_insulation\007.png,1,26,147,False,True
cable,1,test\cut_outer_insulation\008.png,1,182,205,False,True
cable,1,test\cut_outer_insulation\009.png,1,137,21,False,True
cable,1,test\good\000.png,0,41,101,False,False
cable,1,test\good\001.png,0,145,154,False,False
cable,1,test\good\002.png,0,66,123,False,False
cable,1,test\good\003.png,0,227,202,False,False
cable,1,test\good\004.png,0,13,248,True,False
cable,1,test\good\005.png,0,26,250,True,False
cable,1,test\good\006.png,0,157,59,False,False
cable,1,test\good\007.png,0,237,227,False,False
cable,1,test\good\008.png,0,121,65,False,False
cable,1,test\good\009.png,0,217,234,False,False
cable,1,test\good\010.png,0,76,10,True,False
cable,1,test\good\011.png,0,35,155,False,False
cable,1,test\good\012.png,0,254,18,True,False
cable,1,test\good\013.png,0,180,190,False,False
cable,1,test\good\014.png,0,214,13,True,False
cable,1,test\good\015.png,0,137,10,True,False
cable,1,test\good\016.png,0,177,46,False,False
cable,1,test\good\017.png,0,97,54,False,False
cable,1,test\good\018.png,0,84,59,False,False
cable,1,test\good\019.png,0,186,121,False,False
cable,1,test\good\020.png,0,185,77,False,False
cable,1,test\good\021.png,0,245,124,True,False
cable,1,test\good\022.png,0,252,0,True,False
cable,1,test\good\023.png,0,90,52,False,False
cable,1,test\good\024.png,0,11,11,True,False
cable,1,test\good\025.png,0,194,38,False,False
cable,1,test\good\026.png,0,58,249,True,False
cable,1,test\good\027.png,0,99,228,False,False
cable,1,test\good\028.png,0,196,227,False,False
cable,1,test\good\029.png,0,45,154,False,False
cable,1,test\good\030.png,0,14,10,True,False
cable,1,test\good\031.png,0,185,105,False,False
cable,1,test\good\032.png,0,19,98,False,False
cable,1,test\good\033.png,0,181,243,True,False
cable,1,test\good\034.png,0,75,227,False,False
cable,1,test\good\035.png,0,230,120,False,False
cable,1,test\good\036.png,0,28,124,False,False
cable,1,test\good\037.png,0,185,217,False,False
cable,1,test\good\038.png,0,107,219,False,False
cable,1,test\good\039.png,0,130,94,False,False
cable,1,test\good\040.png,0,41,72,False,False
cable,1,test\good\041.png,0,195,139,False,False
cable,1,test\good\042.png,0,202,186,False,False
cable,1,test\good\043.png,0,254,27,True,False
cable,1,test\good\044.png,0,197,147,False,False
cable,1,test\good\045.png,0,190,150,False,False
cable,1,test\good\046.png,0,116,178,False,False
cable,1,test\good\047.png,0,226,142,False,False
cable,1,test\good\048.png,0,87,132,False,False
cable,1,test\good\049.png,0,6,174,True,False
cable,1,test\good\050.png,0,243,11,True,False
cable,1,test\good\051.png,0,114,27,False,False
cable,1,test\good\052.png,0,68,228,False,False
cable,1,test\good\053.png,0,246,213,True,False
cable,1,test\good\054.png,0,189,50,False,False
cable,1,test\good\055.png,0,203,126,False,False
cable,1,test\good\056.png,0,116,34,False,False
cable,1,test\good\057.png,0,42,138,False,False
cable,1,test\missing_cable\000.png,1,53,124,False,True
cable,1,test\missing_cable\001.png,1,130,58,False,True
cable,1,test\missing_cable\002.png,1,156,52,False,True
cable,1,test\missing_cable\003.png,1,85,65,False,False
cable,1,test\missing_cable\004.png,1,197,171,False,False
cable,1,test\missing_cable\005.png,1,205,158,False,False
cable,1,test\missing_cable\006.png,1,114,105,False,True
cable,1,test\missing_cable\007.png,1,52,123,False,True
cable,1,test\missing_cable\008.png,1,196,115,False,False
cable,1,test\missing_cable\009.png,1,4,235,True,False
cable,1,test\missing_cable\010.png,1,100,69,False,False
cable,1,test\missing_cable\011.png,1,53,123,False,True
cable,1,test\missing_wire\000.png,1,212,139,False,False
cable,1,test\missing_wire\001.png,1,30,145,False,False
cable,1,test\missing_wire\002.png,1,83,169,False,False
cable,1,test\missing_wire\003.png,1,229,170,False,False
cable,1,test\missing_wire\004.png,1,107,56,False,False
cable,1,test\missing_wire\005.png,1,195,129,False,False
cable,1,test\missing_wire\006.png,1,42,101,False,False
cable,1,test\missing_wire\007.png,1,77,222,False,False
cable,1,test\missing_wire\008.png,1,171,172,False,False
cable,1,test\missing_wire\009.png,1,75,131,False,True
cable,1,test\poke_insulation\000.png,1,188,118,False,True
cable,1,test\poke_insulation\001.png,1,149,25,False,False
cable,1,test\poke_insulation\002.png,1,77,53,False,True
cable,1,test\poke_insulation\003.png,1,214,124,False,True
cable,1,test\poke_insulation\004.png,1,102,73,False,False
cable,1,test\poke_insulation\005.png,1,107,197,False,True
cable,1,test\poke_insulation\006.png,1,106,190,False,True
cable,1,test\poke_insulation\007.png,1,229,117,False,False
cable,1,test\poke_insulation\008.png,1,181,218,False,False
cable,1,test\poke_insulation\009.png,1,212,148,False,True
cable,2,test\bent_wire\000.png,1,146,114,False,True
cable,2,test\bent_wire\001.png,1,146,114,False,False
cable,2,test\bent_wire\002.png,1,83,90,False,True
cable,2,test\bent_wire\003.png,1,173,202,False,False
cable,2,test\bent_wire\004.png,1,85,193,False,True
cable,2,test\bent_wire\005.png,1,125,114,False,True
cable,2,test\bent_wire\006.png,1,201,66,False,False
cable,2,test\bent_wire\007.png,1,81,169,False,False
cable,2,test\bent_wire\008.png,1,89,89,False,True
cable,2,test\bent_wire\009.png,1,142,41,False,True
cable,2,test\bent_wire\010.png,1,82,185,False,True
cable,2,test\bent_wire\011.png,1,42,93,False,False
cable,2,test\bent_wire\012.png,1,164,125,False,False
cable,2,test\cable_swap\000.png,1,156,212,False,True
cable,2,test\cable_swap\001.png,1,26,155,False,False
cable,2,test\cable_swap\002.png,1,149,53,False,True
cable,2,test\cable_swap\003.png,1,185,205,False,True
cable,2,test\cable_swap\004.png,1,30,66,False,False
cable,2,test\cable_swap\005.png,1,165,57,False,True
cable,2,test\cable_swap\006.png,1,101,210,False,False
cable,2,test\cable_swap\007.png,1,125,109,False,True
cable,2,test\cable_swap\008.png,1,75,90,False,True
cable,2,test\cable_swap\009.png,1,168,213,False,False
cable,2,test\cable_swap\010.png,1,148,43,False,True
cable,2,test\cable_swap\011.png,1,66,66,False,False
cable,2,test\combined\000.png,1,210,158,False,False
cable,2,test\combined\001.png,1,181,130,False,False
cable,2,test\combined\002.png,1,94,222,False,True
cable,2,test\combined\003.png,1,90,197,False,True
cable,2,test\combined\004.png,1,104,229,False,True
cable,2,test\combined\005.png,1,61,117,False,True
cable,2,test\combined\006.png,1,73,149,False,True
cable,2,test\combined\007.png,1,116,61,False,True
cable,2,test\combined\008.png,1,29,114,False,True
cable,2,test\combined\009.png,1,97,78,False,False
cable,2,test\combined\010.png,1,102,229,False,True
cable,2,test\cut_inner_insulation\000.png,1,130,172,False,True
cable,2,test\cut_inner_insulation\001.png,1,125,42,False,False
cable,2,test\cut_inner_insulation\002.png,1,99,171,False,False
cable,2,test\cut_inner_insulation\003.png,1,82,83,False,True
cable,2,test\cut_inner_insulation\004.png,1,110,149,False,True
cable,2,test\cut_inner_insulation\005.png,1,52,139,False,False
cable,2,test\cut_inner_insulation\006.png,1,142,21,False,False
cable,2,test\cut_inner_insulation\007.png,1,70,100,False,True
cable,2,test\cut_inner_insulation\008.png,1,116,196,False,False
cable,2,test\cut_inner_insulation\009.png,1,58,82,False,False
cable,2,test\cut_inner_insulation\010.png,1,106,129,False,True
cable,2,test\cut_inner_insulation\011.png,1,177,49,False,False
cable,2,test\cut_inner_insulation\012.png,1,45,155,False,False
cable,2,test\cut_inner_insulation\013.png,1,117,77,False,False
cable,2,test\cut_outer_insulation\000.png,1,129,234,False,True
cable,2,test\cut_outer_insulation\001.png,1,230,129,False,True
cable,2,test\cut_outer_insulation\002.png,1,83,59,False,True
cable,2,test\cut_outer_insulation\003.png,1,93,201,False,True
cable,2,test\cut_outer_insulation\004.png,1,177,46,False,True
cable,2,test\cut_outer_insulation\005.png,1,206,125,False,True
cable,2,test\cut_outer_insulation\006.png,1,75,59,False,False
cable,2,test\cut_outer_insulation\007.png,1,26,138,False,True
cable,2,test\cut_outer_insulation\008.png,1,186,217,False,True
cable,2,test\cut_outer_insulation\009.png,1,129,41,False,True
cable,2,test\good\000.png,0,61,45,False,False
cable,2,test\good\001.png,0,108,155,False,False
cable,2,test\good\002.png,0,108,115,False,False
cable,2,test\good\003.png,0,108,115,False,False
cable,2,test\good\004.png,0,50,157,False,False
cable,2,test\good\005.png,0,81,62,False,False
cable,2,test\good\006.png,0,102,130,False,False
cable,2,test\good\007.png,0,164,41,False,False
cable,2,test\good\008.png,0,221,66,False,False
cable,2,test\good\009.png,0,180,214,False,False
cable,2,test\good\010.png,0,133,41,False,False
cable,2,test\good\011.png,0,108,100,False,False
cable,2,test\good\012.png,0,76,155,False,False
cable,2,test\good\013.png,0,170,114,False,False
cable,2,test\good\014.png,0,124,99,False,False
cable,2,test\good\015.png,0,85,34,False,False
cable,2,test\good\016.png,0,153,50,False,False
cable,2,test\good\017.png,0,97,205,False,False
cable,2,test\good\018.png,0,90,53,False,False
cable,2,test\good\019.png,0,82,173,False,False
cable,2,test\good\020.png,0,187,76,False,False
cable,2,test\good\021.png,0,83,100,False,False
cable,2,test\good\022.png,0,243,0,True,False
cable,2,test\good\023.png,0,132,90,False,False
cable,2,test\good\024.png,0,13,10,True,False
cable,2,test\good\025.png,0,193,38,False,False
cable,2,test\good\026.png,0,167,140,False,False
cable,2,test\good\027.png,0,99,228,False,False
cable,2,test\good\028.png,0,110,74,False,False
cable,2,test\good\029.png,0,130,99,False,False
cable,2,test\good\030.png,0,177,62,False,False
cable,2,test\good\031.png,0,92,53,False,False
cable,2,test\good\032.png,0,115,62,False,False
cable,2,test\good\033.png,0,122,238,False,False
cable,2,test\good\034.png,0,75,227,False,False
cable,2,test\good\035.png,0,123,179,False,False
cable,2,test\good\036.png,0,73,92,False,False
cable,2,test\good\037.png,0,206,109,False,False
cable,2,test\good\038.png,0,141,212,False,False
cable,2,test\good\039.png,0,129,91,False,False
cable,2,test\good\040.png,0,205,210,False,False
cable,2,test\good\041.png,0,131,99,False,False
cable,2,test\good\042.png,0,105,213,False,False
cable,2,test\good\043.png,0,37,134,False,False
cable,2,test\good\044.png,0,197,141,False,False
cable,2,test\good\045.png,0,156,36,False,False
cable,2,test\good\046.png,0,35,91,False,False
cable,2,test\good\047.png,0,115,172,False,False
cable,2,test\good\048.png,0,117,69,False,False
cable,2,test\good\049.png,0,12,156,True,False
cable,2,test\good\050.png,0,235,19,False,False
cable,2,test\good\051.png,0,99,60,False,False
cable,2,test\good\052.png,0,194,134,False,False
cable,2,test\good\053.png,0,70,141,False,False
cable,2,test\good\054.png,0,92,52,False,False
cable,2,test\good\055.png,0,53,173,False,False
cable,2,test\good\056.png,0,109,25,False,False
cable,2,test\good\057.png,0,93,17,False,False
cable,2,test\missing_cable\000.png,1,61,117,False,True
cable,2,test\missing_cable\001.png,1,169,77,False,True
cable,2,test\missing_cable\002.png,1,133,69,False,True
cable,2,test\missing_cable\003.png,1,125,73,False,True
cable,2,test\missing_cable\004.png,1,196,180,False,False
cable,2,test\missing_cable\005.png,1,85,173,False,False
cable,2,test\missing_cable\006.png,1,66,209,False,False
cable,2,test\missing_cable\007.png,1,98,113,False,True
cable,2,test\missing_cable\008.png,1,138,66,False,True
cable,2,test\missing_cable\009.png,1,98,110,False,True
cable,2,test\missing_cable\010.png,1,109,122,False,True
cable,2,test\missing_cable\011.png,1,61,117,False,True
cable,2,test\missing_wire\000.png,1,169,46,False,False
cable,2,test\missing_wire\001.png,1,107,132,False,False
cable,2,test\missing_wire\002.png,1,50,57,False,False
cable,2,test\missing_wire\003.png,1,124,219,False,False
cable,2,test\missing_wire\004.png,1,117,137,False,False
cable,2,test\missing_wire\005.png,1,33,105,False,False
cable,2,test\missing_wire\006.png,1,85,105,False,True
cable,2,test\missing_wire\007.png,1,77,225,False,False
cable,2,test\missing_wire\008.png,1,83,84,False,False
cable,2,test\missing_wire\009.png,1,86,27,False,False
cable,2,test\poke_insulation\000.png,1,189,117,False,True
cable,2,test\poke_insulation\001.png,1,109,59,False,True
cable,2,test\poke_insulation\002.png,1,83,54,False,True
cable,2,test\poke_insulation\003.png,1,198,137,False,True
cable,2,test\poke_insulation\004.png,1,85,57,False,True
cable,2,test\poke_insulation\005.png,1,108,190,False,False
cable,2,test\poke_insulation\006.png,1,97,180,False,True
cable,2,test\poke_insulation\007.png,1,186,122,False,True
cable,2,test\poke_insulation\008.png,1,94,61,False,True
cable,2,test\poke_insulation\009.png,1,209,154,False,True
capsule,0,test\crack\000.png,1,153,218,False,False
capsule,0,test\crack\001.png,1,110,18,False,False
capsule,0,test\crack\002.png,1,118,37,False,True
capsule,0,test\crack\003.png,1,136,234,False,False
capsule,0,test\crack\004.png,1,168,252,True,False
capsule,0,test\crack\005.png,1,103,34,False,True
capsule,0,test\crack\006.png,1,168,183,False,False
capsule,0,test\crack\007.png,1,136,225,False,True
capsule,0,test\crack\008.png,1,126,178,False,False
capsule,0,test\crack\009.png,1,89,104,False,False
capsule,0,test\crack\010.png,1,110,118,False,True
capsule,0,test\crack\011.png,1,104,130,False,False
capsule,0,test\crack\012.png,1,126,120,False,False
capsule,0,test\crack\013.png,1,173,37,False,False
capsule,0,test\crack\014.png,1,104,133,False,False
capsule,0,test\crack\015.png,1,120,130,False,True
capsule,0,test\crack\016.png,1,169,54,False,False
capsule,0,test\crack\017.png,1,85,174,False,False
capsule,0,test\crack\018.png,1,151,216,False,True
capsule,0,test\crack\019.png,1,93,167,False,False
capsule,0,test\crack\020.png,1,161,135,False,False
capsule,0,test\crack\021.png,1,84,86,False,False
capsule,0,test\crack\022.png,1,101,218,False,True
capsule,0,test\faulty_imprint\000.png,1,71,136,False,False
capsule,0,test\faulty_imprint\001.png,1,125,154,False,True
capsule,0,test\faulty_imprint\002.png,1,97,200,False,False
capsule,0,test\faulty_imprint\003.png,1,165,46,False,False
capsule,0,test\faulty_imprint\004.png,1,130,209,False,True
capsule,0,test\faulty_imprint\005.png,1,126,150,False,True
capsule,0,test\faulty_imprint\006.png,1,137,69,False,False
capsule,0,test\faulty_imprint\007.png,1,105,218,False,False
capsule,0,test\faulty_imprint\008.png,1,117,157,False,False
capsule,0,test\faulty_imprint\009.png,1,145,181,False,False
capsule,0,test\faulty_imprint\010.png,1,133,169,False,False
capsule,0,test\faulty_imprint\011.png,1,178,206,False,False
capsule,0,test\faulty_imprint\012.png,1,122,234,False,False
capsule,0,test\faulty_imprint\013.png,1,114,201,False,False
capsule,0,test\faulty_imprint\014.png,1,145,185,False,True
capsule,0,test\faulty_imprint\015.png,1,138,155,False,False
capsule,0,test\faulty_imprint\016.png,1,93,117,False,False
capsule,0,test\faulty_imprint\017.png,1,130,26,False,False
capsule,0,test\faulty_imprint\018.png,1,89,85,False,False
capsule,0,test\faulty_imprint\019.png,1,162,195,False,False
capsule,0,test\faulty_imprint\020.png,1,134,189,False,True
capsule,0,test\faulty_imprint\021.png,1,102,125,False,False
capsule,0,test\good\000.png,0,178,133,False,False
capsule,0,test\good\001.png,0,122,217,False,False
capsule,0,test\good\002.png,0,150,147,False,False
capsule,0,test\good\003.png,0,250,0,True,False
capsule,0,test\good\004.png,0,130,227,False,False
capsule,0,test\good\005.png,0,148,85,False,False
capsule,0,test\good\006.png,0,58,93,False,False
capsule,0,test\good\007.png,0,134,205,False,False
capsule,0,test\good\008.png,0,106,41,False,False
capsule,0,test\good\009.png,0,254,0,True,False
capsule,0,test\good\010.png,0,122,39,False,False
capsule,0,test\good\011.png,0,136,7,True,False
capsule,0,test\good\012.png,0,141,206,False,False
capsule,0,test\good\013.png,0,74,82,False,False
capsule,0,test\good\014.png,0,73,83,False,False
capsule,0,test\good\015.png,0,122,211,False,False
capsule,0,test\good\016.png,0,6,61,True,False
capsule,0,test\good\017.png,0,131,137,False,False
capsule,0,test\good\018.png,0,102,217,False,False
capsule,0,test\good\019.png,0,129,106,False,False
capsule,0,test\good\020.png,0,197,120,False,False
capsule,0,test\good\021.png,0,229,234,False,False
capsule,0,test\good\022.png,0,149,85,False,False
capsule,0,test\poke\000.png,1,122,169,False,True
capsule,0,test\poke\001.png,1,118,82,False,False
capsule,0,test\poke\002.png,1,58,121,False,False
capsule,0,test\poke\003.png,1,119,141,False,False
capsule,0,test\poke\004.png,1,129,185,False,True
capsule,0,test\poke\005.png,1,136,202,False,False
capsule,0,test\poke\006.png,1,250,158,True,False
capsule,0,test\poke\007.png,1,129,229,False,False
capsule,0,test\poke\008.png,1,106,134,False,True
capsule,0,test\poke\009.png,1,139,25,False,False
capsule,0,test\poke\010.png,1,202,254,True,False
capsule,0,test\poke\011.png,1,102,183,False,False
capsule,0,test\poke\012.png,1,135,231,False,False
capsule,0,test\poke\013.png,1,117,65,False,False
capsule,0,test\poke\014.png,1,102,178,False,True
capsule,0,test\poke\015.png,1,98,178,False,False
capsule,0,test\poke\016.png,1,122,39,False,False
capsule,0,test\poke\017.png,1,113,218,False,False
capsule,0,test\poke\018.png,1,110,200,False,True
capsule,0,test\poke\019.png,1,78,70,False,False
capsule,0,test\poke\020.png,1,125,157,False,True
capsule,0,test\scratch\000.png,1,167,30,False,False
capsule,0,test\scratch\001.png,1,149,183,False,True
capsule,0,test\scratch\002.png,1,196,250,True,False
capsule,0,test\scratch\003.png,1,206,236,False,False
capsule,0,test\scratch\004.png,1,106,197,False,False
capsule,0,test\scratch\005.png,1,129,150,False,False
capsule,0,test\scratch\006.png,1,145,218,False,True
capsule,0,test\scratch\007.png,1,109,202,False,True
capsule,0,test\scratch\008.png,1,150,167,False,True
capsule,0,test\scratch\009.png,1,146,125,False,False
capsule,0,test\scratch\010.png,1,158,149,False,False
capsule,0,test\scratch\011.png,1,133,233,False,False
capsule,0,test\scratch\012.png,1,104,39,False,False
capsule,0,test\scratch\013.png,1,86,82,False,False
capsule,0,test\scratch\014.png,1,157,136,False,False
capsule,0,test\scratch\015.png,1,129,230,False,False
capsule,0,test\scratch\016.png,1,141,166,False,False
capsule,0,test\scratch\017.png,1,4,137,True,False
capsule,0,test\scratch\018.png,1,104,169,False,True
capsule,0,test\scratch\019.png,1,158,186,False,True
capsule,0,test\scratch\020.png,1,105,168,False,True
capsule,0,test\scratch\021.png,1,153,213,False,True
capsule,0,test\scratch\022.png,1,150,158,False,False
capsule,0,test\squeeze\000.png,1,90,185,False,True
capsule,0,test\squeeze\001.png,1,168,119,False,True
capsule,0,test\squeeze\002.png,1,167,55,False,False
capsule,0,test\squeeze\003.png,1,135,231,False,True
capsule,0,test\squeeze\004.png,1,104,24,False,False
capsule,0,test\squeeze\005.png,1,103,216,False,False
capsule,0,test\squeeze\006.png,1,87,184,False,False
capsule,0,test\squeeze\007.png,1,167,104,False,True
capsule,0,test\squeeze\008.png,1,151,167,False,True
capsule,0,test\squeeze\009.png,1,167,88,False,False
capsule,0,test\squeeze\010.png,1,135,231,False,True
capsule,0,test\squeeze\011.png,1,82,42,False,False
capsule,0,test\squeeze\012.png,1,151,152,False,True
capsule,0,test\squeeze\013.png,1,109,215,False,False
capsule,0,test\squeeze\014.png,1,103,135,False,False
capsule,0,test\squeeze\015.png,1,88,56,False,False
capsule,0,test\squeeze\016.png,1,152,168,False,True
capsule,0,test\squeeze\017.png,1,104,24,False,False
capsule,0,test\squeeze\018.png,1,151,215,False,True
capsule,0,test\squeeze\019.png,1,110,210,False,True
capsule,1,test\crack\000.png,1,161,217,False,False
capsule,1,test\crack\001.png,1,124,130,False,False
capsule,1,test\crack\002.png,1,125,38,False,False
capsule,1,test\crack\003.png,1,137,237,False,False
capsule,1,test\crack\004.png,1,82,146,False,False
capsule,1,test\crack\005.png,1,110,40,False,True
capsule,1,test\crack\006.png,1,156,193,False,True
capsule,1,test\crack\007.png,1,158,221,False,False
capsule,1,test\crack\008.png,1,157,189,False,False
capsule,1,test\crack\009.png,1,93,126,False,False
capsule,1,test\crack\010.png,1,102,106,False,False
capsule,1,test\crack\011.png,1,122,126,False,True
capsule,1,test\crack\012.png,1,130,132,False,True
capsule,1,test\crack\013.png,1,149,113,False,False
capsule,1,test\crack\014.png,1,106,125,False,True
capsule,1,test\crack\015.png,1,121,133,False,True
capsule,1,test\crack\016.png,1,173,65,False,False
capsule,1,test\crack\017.png,1,82,170,False,False
capsule,1,test\crack\018.png,1,154,222,False,True
capsule,1,test\crack\019.png,1,94,158,False,False
capsule,1,test\crack\020.png,1,150,126,False,False
capsule,1,test\crack\021.png,1,94,126,False,True
capsule,1,test\crack\022.png,1,98,221,False,False
capsule,1,test\faulty_imprint\000.png,1,149,78,False,False
capsule,1,test\faulty_imprint\001.png,1,125,153,False,True
capsule,1,test\faulty_imprint\002.png,1,94,201,False,False
capsule,1,test\faulty_imprint\003.png,1,157,153,False,False
capsule,1,test\faulty_imprint\004.png,1,129,205,False,True
capsule,1,test\faulty_imprint\005.png,1,129,205,False,True
capsule,1,test\faulty_imprint\006.png,1,129,150,False,True
capsule,1,test\faulty_imprint\007.png,1,134,190,False,False
capsule,1,test\faulty_imprint\008.png,1,129,153,False,True
capsule,1,test\faulty_imprint\009.png,1,157,174,False,False
capsule,1,test\faulty_imprint\010.png,1,162,182,False,False
capsule,1,test\faulty_imprint\011.png,1,109,121,False,False
capsule,1,test\faulty_imprint\012.png,1,118,214,False,False
capsule,1,test\faulty_imprint\013.png,1,122,205,False,False
capsule,1,test\faulty_imprint\014.png,1,94,157,False,False
capsule,1,test\faulty_imprint\015.png,1,114,154,False,False
capsule,1,test\faulty_imprint\016.png,1,98,115,False,False
capsule,1,test\faulty_imprint\017.png,1,146,170,False,False
capsule,1,test\faulty_imprint\018.png,1,106,129,False,False
capsule,1,test\faulty_imprint\019.png,1,156,197,False,False
capsule,1,test\faulty_imprint\020.png,1,137,189,False,True
capsule,1,test\faulty_imprint\021.png,1,157,153,False,False
capsule,1,test\good\000.png,0,178,132,False,False
capsule,1,test\good\001.png,0,137,89,False,False
capsule,1,test\good\002.png,0,122,149,False,False
capsule,1,test\good\003.png,0,250,0,True,False
capsule,1,test\good\004.png,0,114,220,False,False
capsule,1,test\good\005.png,0,141,0,True,False
capsule,1,test\good\006.png,0,69,92,False,False
capsule,1,test\good\007.png,0,129,195,False,False
capsule,1,test\good\008.png,0,106,39,False,False
capsule,1,test\good\009.png,0,119,221,False,False
capsule,1,test\good\010.png,0,118,134,False,False
capsule,1,test\good\011.png,0,118,241,True,False
capsule,1,test\good\012.png,0,119,217,False,False
capsule,1,test\good\013.png,0,74,84,False,False
capsule,1,test\good\014.png,0,154,133,False,False
capsule,1,test\good\015.png,0,133,54,False,False
capsule,1,test\good\016.png,0,252,4,True,False
capsule,1,test\good\017.png,0,109,42,False,False
capsule,1,test\good\018.png,0,100,214,False,False
capsule,1,test\good\019.png,0,90,69,False,False
capsule,1,test\good\020.png,0,196,117,False,False
capsule,1,test\good\021.png,0,230,234,False,False
capsule,1,test\good\022.png,0,93,209,False,False
capsule,1,test\poke\000.png,1,122,178,False,True
capsule,1,test\poke\001.png,1,133,84,False,True
capsule,1,test\poke\002.png,1,62,129,False,False
capsule,1,test\poke\003.png,1,121,133,False,True
capsule,1,test\poke\004.png,1,117,134,False,False
capsule,1,test\poke\005.png,1,126,218,False,False
capsule,1,test\poke\006.png,1,152,222,False,False
capsule,1,test\poke\007.png,1,129,226,False,False
capsule,1,test\poke\008.png,1,97,126,False,False
capsule,1,test\poke\009.png,1,134,28,False,True
capsule,1,test\poke\010.png,1,120,234,False,False
capsule,1,test\poke\011.png,1,104,189,False,False
capsule,1,test\poke\012.png,1,141,234,False,False
capsule,1,test\poke\013.png,1,129,69,False,False
capsule,1,test\poke\014.png,1,94,189,False,False
capsule,1,test\poke\015.png,1,94,154,False,False
capsule,1,test\poke\016.png,1,125,33,False,True
capsule,1,test\poke\017.png,1,118,221,False,False
capsule,1,test\poke\018.png,1,142,218,False,False
capsule,1,test\poke\019.png,1,121,205,False,False
capsule,1,test\poke\020.png,1,94,65,False,False
capsule,1,test\scratch\000.png,1,170,38,False,False
capsule,1,test\scratch\001.png,1,173,65,False,False
capsule,1,test\scratch\002.png,1,204,249,True,False
capsule,1,test\scratch\003.png,1,117,134,False,False
capsule,1,test\scratch\004.png,1,113,170,False,False
capsule,1,test\scratch\005.png,1,126,149,False,False
capsule,1,test\scratch\006.png,1,138,217,False,True
capsule,1,test\scratch\007.png,1,102,190,False,False
capsule,1,test\scratch\008.png,1,165,157,False,False
capsule,1,test\scratch\009.png,1,114,182,False,False
capsule,1,test\scratch\010.png,1,154,142,False,False
capsule,1,test\scratch\011.png,1,145,53,False,False
capsule,1,test\scratch\012.png,1,105,40,False,False
capsule,1,test\scratch\013.png,1,93,121,False,False
capsule,1,test\scratch\014.png,1,146,130,False,False
capsule,1,test\scratch\015.png,1,94,117,False,True
capsule,1,test\scratch\016.png,1,161,155,False,False
capsule,1,test\scratch\017.png,1,0,134,True,False
capsule,1,test\scratch\018.png,1,5,152,True,False
capsule,1,test\scratch\019.png,1,157,141,False,False
capsule,1,test\scratch\020.png,1,98,206,False,False
capsule,1,test\scratch\021.png,1,125,218,False,False
capsule,1,test\scratch\022.png,1,161,162,False,False
capsule,1,test\squeeze\000.png,1,90,134,False,False
capsule,1,test\squeeze\001.png,1,82,110,False,False
capsule,1,test\squeeze\002.png,1,162,53,False,False
capsule,1,test\squeeze\003.png,1,114,234,False,False
capsule,1,test\squeeze\004.png,1,90,28,False,False
capsule,1,test\squeeze\005.png,1,86,210,False,False
capsule,1,test\squeeze\006.png,1,90,138,False,True
capsule,1,test\squeeze\007.png,1,78,107,False,False
capsule,1,test\squeeze\008.png,1,150,158,False,True
capsule,1,test\squeeze\009.png,1,126,130,False,False
capsule,1,test\squeeze\010.png,1,86,170,False,False
capsule,1,test\squeeze\011.png,1,86,38,False,False
capsule,1,test\squeeze\012.png,1,130,136,False,True
capsule,1,test\squeeze\013.png,1,82,214,False,False
capsule,1,test\squeeze\014.png,1,82,134,False,False
capsule,1,test\squeeze\015.png,1,82,54,False,False
capsule,1,test\squeeze\016.png,1,90,142,False,False
capsule,1,test\squeeze\017.png,1,86,30,False,False
capsule,1,test\squeeze\018.png,1,90,184,False,False
capsule,1,test\squeeze\019.png,1,94,210,False,False
capsule,2,test\crack\000.png,1,152,215,False,False
capsule,2,test\crack\001.png,1,114,22,False,False
capsule,2,test\crack\002.png,1,122,45,False,False
capsule,2,test\crack\003.png,1,122,231,False,False
capsule,2,test\crack\004.png,1,88,152,False,False
capsule,2,test\crack\005.png,1,110,38,False,True
capsule,2,test\crack\006.png,1,167,183,False,False
capsule,2,test\crack\007.png,1,249,153,True,False
capsule,2,test\crack\008.png,1,124,222,False,False
capsule,2,test\crack\009.png,1,103,135,False,True
capsule,2,test\crack\010.png,1,102,110,False,False
capsule,2,test\crack\011.png,1,117,104,False,False
capsule,2,test\crack\012.png,1,167,135,False,False
capsule,2,test\crack\013.png,1,150,113,False,False
capsule,2,test\crack\014.png,1,185,56,False,False
capsule,2,test\crack\015.png,1,104,121,False,False
capsule,2,test\crack\016.png,1,170,62,False,False
capsule,2,test\crack\017.png,1,88,178,False,False
capsule,2,test\crack\018.png,1,152,231,False,False
capsule,2,test\crack\019.png,1,91,165,False,False
capsule,2,test\crack\020.png,1,152,135,False,False
capsule,2,test\crack\021.png,1,101,135,False,False
capsule,2,test\crack\022.png,1,101,225,False,True
capsule,2,test\faulty_imprint\000.png,1,69,134,False,False
capsule,2,test\faulty_imprint\001.png,1,38,135,False,False
capsule,2,test\faulty_imprint\002.png,1,97,203,False,False
capsule,2,test\faulty_imprint\003.png,1,134,44,False,False
capsule,2,test\faulty_imprint\004.png,1,125,202,False,True
capsule,2,test\faulty_imprint\005.png,1,110,183,False,True
capsule,2,test\faulty_imprint\006.png,1,139,122,False,False
capsule,2,test\faulty_imprint\007.png,1,145,217,False,False
capsule,2,test\faulty_imprint\008.png,1,109,142,False,False
capsule,2,test\faulty_imprint\009.png,1,162,49,False,False
capsule,2,test\faulty_imprint\010.png,1,121,178,False,True
capsule,2,test\faulty_imprint\011.png,1,146,158,False,False
capsule,2,test\faulty_imprint\012.png,1,134,237,False,False
capsule,2,test\faulty_imprint\013.png,1,121,205,False,False
capsule,2,test\faulty_imprint\014.png,1,149,23,False,False
capsule,2,test\faulty_imprint\015.png,1,114,154,False,False
capsule,2,test\faulty_imprint\016.png,1,93,120,False,False
capsule,2,test\faulty_imprint\017.png,1,212,202,False,False
capsule,2,test\faulty_imprint\018.png,1,101,105,False,False
capsule,2,test\faulty_imprint\019.png,1,155,201,False,False
capsule,2,test\faulty_imprint\020.png,1,134,189,False,True
capsule,2,test\faulty_imprint\021.png,1,98,120,False,False
capsule,2,test\good\000.png,0,181,135,False,False
capsule,2,test\good\001.png,0,130,85,False,False
capsule,2,test\good\002.png,0,125,77,False,False
capsule,2,test\good\003.png,0,250,0,True,False
capsule,2,test\good\004.png,0,110,225,False,False
capsule,2,test\good\005.png,0,149,89,False,False
capsule,2,test\good\006.png,0,58,97,False,False
capsule,2,test\good\007.png,0,254,54,True,False
capsule,2,test\good\008.png,0,108,41,False,False
capsule,2,test\good\009.png,0,133,227,False,False
capsule,2,test\good\010.png,0,122,34,False,False
capsule,2,test\good\011.png,0,135,0,True,False
capsule,2,test\good\012.png,0,142,206,False,False
capsule,2,test\good\013.png,0,74,81,False,False
capsule,2,test\good\014.png,0,75,84,False,False
capsule,2,test\good\015.png,0,0,93,True,False
capsule,2,test\good\016.png,0,157,177,False,False
capsule,2,test\good\017.png,0,132,138,False,False
capsule,2,test\good\018.png,0,101,217,False,False
capsule,2,test\good\019.png,0,130,121,False,False
capsule,2,test\good\020.png,0,197,123,False,False
capsule,2,test\good\021.png,0,230,232,False,False
capsule,2,test\good\022.png,0,150,133,False,False
capsule,2,test\poke\000.png,1,120,193,False,True
capsule,2,test\poke\001.png,1,134,87,False,False
capsule,2,test\poke\002.png,1,58,119,False,False
capsule,2,test\poke\003.png,1,70,115,False,False
capsule,2,test\poke\004.png,1,250,140,True,False
capsule,2,test\poke\005.png,1,246,138,True,False
capsule,2,test\poke\006.png,1,250,163,True,False
capsule,2,test\poke\007.png,1,129,231,False,False
capsule,2,test\poke\008.png,1,118,130,False,False
capsule,2,test\poke\009.png,1,136,24,False,True
capsule,2,test\poke\010.png,1,122,230,False,False
capsule,2,test\poke\011.png,1,102,183,False,False
capsule,2,test\poke\012.png,1,130,231,False,False
capsule,2,test\poke\013.png,1,121,81,False,True
capsule,2,test\poke\014.png,1,103,183,False,False
capsule,2,test\poke\015.png,1,105,181,False,False
capsule,2,test\poke\016.png,1,120,30,False,True
capsule,2,test\poke\017.png,1,118,221,False,False
capsule,2,test\poke\018.png,1,110,209,False,False
capsule,2,test\poke\019.png,1,122,205,False,False
capsule,2,test\poke\020.png,1,91,71,False,False
capsule,2,test\scratch\000.png,1,167,39,False,False
capsule,2,test\scratch\001.png,1,152,183,False,False
capsule,2,test\scratch\002.png,1,201,246,True,False
capsule,2,test\scratch\003.png,1,120,23,False,False
capsule,2,test\scratch\004.png,1,114,225,False,False
capsule,2,test\scratch\005.png,1,129,150,False,False
capsule,2,test\scratch\006.png,1,137,216,False,True
capsule,2,test\scratch\007.png,1,109,214,False,True
capsule,2,test\scratch\008.png,1,151,167,False,True
capsule,2,test\scratch\009.png,1,125,77,False,False
capsule,2,test\scratch\010.png,1,150,173,False,False
capsule,2,test\scratch\011.png,1,120,226,False,True
capsule,2,test\scratch\012.png,1,104,36,False,False
capsule,2,test\scratch\013.png,1,100,75,False,False
capsule,2,test\scratch\014.png,1,152,122,False,False
capsule,2,test\scratch\015.png,1,126,230,False,False
capsule,2,test\scratch\016.png,1,151,167,False,False
capsule,2,test\scratch\017.png,1,0,139,True,False
capsule,2,test\scratch\018.png,1,6,152,True,False
capsule,2,test\scratch\019.png,1,158,182,False,False
capsule,2,test\scratch\020.png,1,98,188,False,False
capsule,2,test\scratch\021.png,1,137,213,False,False
capsule,2,test\scratch\022.png,1,152,151,False,False
capsule,2,test\squeeze\000.png,1,168,167,False,False
capsule,2,test\squeeze\001.png,1,168,135,False,True
capsule,2,test\squeeze\002.png,1,167,56,False,False
capsule,2,test\squeeze\003.png,1,135,231,False,True
capsule,2,test\squeeze\004.png,1,119,39,False,False
capsule,2,test\squeeze\005.png,1,104,231,False,True
capsule,2,test\squeeze\006.png,1,167,168,False,True
capsule,2,test\squeeze\007.png,1,150,134,False,True
capsule,2,test\squeeze\008.png,1,152,152,False,True
capsule,2,test\squeeze\009.png,1,151,103,False,True
capsule,2,test\squeeze\010.png,1,151,231,False,True
capsule,2,test\squeeze\011.png,1,154,65,False,True
capsule,2,test\squeeze\012.png,1,87,134,False,False
capsule,2,test\squeeze\013.png,1,151,231,False,True
capsule,2,test\squeeze\014.png,1,133,85,False,False
capsule,2,test\squeeze\015.png,1,88,56,False,False
capsule,2,test\squeeze\016.png,1,168,184,False,False
capsule,2,test\squeeze\017.png,1,118,40,False,False
capsule,2,test\squeeze\018.png,1,150,215,False,True
capsule,2,test\squeeze\019.png,1,113,210,False,True
carpet,0,test\color\000.png,1,148,74,False,True
carpet,0,test\color\001.png,1,171,100,False,True
carpet,0,test\color\002.png,1,76,66,False,True
carpet,0,test\color\003.png,1,101,50,False,True
carpet,0,test\color\004.png,1,91,187,False,True
carpet,0,test\color\005.png,1,66,53,False,True
carpet,0,test\color\006.png,1,166,129,False,True
carpet,0,test\color\007.png,1,156,157,False,True
carpet,0,test\color\008.png,1,102,124,False,True
carpet,0,test\color\009.png,1,82,45,False,True
carpet,0,test\color\010.png,1,169,33,False,True
carpet,0,test\color\011.png,1,81,165,False,False
carpet,0,test\color\012.png,1,193,118,False,True
carpet,0,test\color\013.png,1,165,14,True,True
carpet,0,test\color\014.png,1,126,154,False,True
carpet,0,test\color\015.png,1,81,145,False,True
carpet,0,test\color\016.png,1,162,121,False,True
carpet,0,test\color\017.png,1,153,109,False,True
carpet,0,test\color\018.png,1,157,74,False,True
carpet,0,test\cut\000.png,1,117,57,False,True
carpet,0,test\cut\001.png,1,154,165,False,True
carpet,0,test\cut\002.png,1,116,134,False,True
carpet,0,test\cut\003.png,1,133,101,False,True
carpet,0,test\cut\004.png,1,106,34,False,True
carpet,0,test\cut\005.png,1,133,41,False,True
carpet,0,test\cut\006.png,1,153,149,False,True
carpet,0,test\cut\007.png,1,201,177,False,True
carpet,0,test\cut\008.png,1,122,37,False,True
carpet,0,test\cut\009.png,1,62,129,False,True
carpet,0,test\cut\010.png,1,162,153,False,True
carpet,0,test\cut\011.png,1,122,45,False,True
carpet,0,test\cut\012.png,1,102,26,False,True
carpet,0,test\cut\013.png,1,141,150,False,True
carpet,0,test\cut\014.png,1,181,98,False,True
carpet,0,test\cut\015.png,1,54,154,False,True
carpet,0,test\cut\016.png,1,162,125,False,True
carpet,0,test\good\000.png,0,179,242,True,False
carpet,0,test\good\001.png,0,68,12,True,False
carpet,0,test\good\002.png,0,45,189,False,False
carpet,0,test\good\003.png,0,0,139,True,False
carpet,0,test\good\004.png,0,148,42,False,False
carpet,0,test\good\005.png,0,209,146,False,False
carpet,0,test\good\006.png,0,130,238,False,False
carpet,0,test\good\007.png,0,74,98,False,False
carpet,0,test\good\008.png,0,172,84,False,False
carpet,0,test\good\009.png,0,61,105,False,False
carpet,0,test\good\010.png,0,171,106,False,False
carpet,0,test\good\011.png,0,254,33,True,False
carpet,0,test\good\012.png,0,138,84,False,False
carpet,0,test\good\013.png,0,218,89,False,False
carpet,0,test\good\014.png,0,51,194,False,False
carpet,0,test\good\015.png,0,186,33,False,False
carpet,0,test\good\016.png,0,254,35,True,False
carpet,0,test\good\017.png,0,59,236,False,False
carpet,0,test\good\018.png,0,123,123,False,False
carpet,0,test\good\019.png,0,237,14,True,False
carpet,0,test\good\020.png,0,254,169,True,False
carpet,0,test\good\021.png,0,243,54,True,False
carpet,0,test\good\022.png,0,254,137,True,False
carpet,0,test\good\023.png,0,178,117,False,False
carpet,0,test\good\024.png,0,235,115,False,False
carpet,0,test\good\025.png,0,245,34,True,False
carpet,0,test\good\026.png,0,246,54,True,False
carpet,0,test\good\027.png,0,101,5,True,False
carpet,0,test\hole\000.png,1,177,57,False,False
carpet,0,test\hole\001.png,1,165,56,False,True
carpet,0,test\hole\002.png,1,66,134,False,True
carpet,0,test\hole\003.png,1,154,109,False,True
carpet,0,test\hole\004.png,1,146,198,False,True
carpet,0,test\hole\005.png,1,170,45,False,True
carpet,0,test\hole\006.png,1,134,134,False,True
carpet,0,test\hole\007.png,1,121,166,False,True
carpet,0,test\hole\008.png,1,162,38,False,True
carpet,0,test\hole\009.png,1,82,58,False,True
carpet,0,test\hole\010.png,1,158,66,False,True
carpet,0,test\hole\011.png,1,97,69,False,True
carpet,0,test\hole\012.png,1,98,162,False,True
carpet,0,test\hole\013.png,1,121,65,False,True
carpet,0,test\hole\014.png,1,158,58,False,True
carpet,0,test\hole\015.png,1,174,74,False,True
carpet,0,test\hole\016.png,1,129,66,False,True
carpet,0,test\metal_contamination\000.png,1,146,110,False,True
carpet,0,test\metal_contamination\001.png,1,161,65,False,False
carpet,0,test\metal_contamination\002.png,1,173,150,False,True
carpet,0,test\metal_contamination\003.png,1,138,66,False,False
carpet,0,test\metal_contamination\004.png,1,177,174,False,False
carpet,0,test\metal_contamination\005.png,1,186,138,False,False
carpet,0,test\metal_contamination\006.png,1,82,110,False,True
carpet,0,test\metal_contamination\007.png,1,205,138,False,True
carpet,0,test\metal_contamination\008.png,1,141,169,False,True
carpet,0,test\metal_contamination\009.png,1,114,57,False,True
carpet,0,test\metal_contamination\010.png,1,190,121,False,False
carpet,0,test\metal_contamination\011.png,1,189,170,False,False
carpet,0,test\metal_contamination\012.png,1,74,58,False,False
carpet,0,test\metal_contamination\013.png,1,170,54,False,False
carpet,0,test\metal_contamination\014.png,1,193,146,False,False
carpet,0,test\metal_contamination\015.png,1,185,118,False,False
carpet,0,test\metal_contamination\016.png,1,137,77,False,True
carpet,0,test\thread\000.png,1,93,82,False,True
carpet,0,test\thread\001.png,1,102,153,False,False
carpet,0,test\thread\002.png,1,138,106,False,False
carpet,0,test\thread\003.png,1,193,57,False,False
carpet,0,test\thread\004.png,1,101,106,False,True
carpet,0,test\thread\005.png,1,117,222,False,True
carpet,0,test\thread\006.png,1,169,125,False,True
carpet,0,test\thread\007.png,1,185,122,False,True
carpet,0,test\thread\008.png,1,166,133,False,False
carpet,0,test\thread\009.png,1,125,173,False,False
carpet,0,test\thread\010.png,1,178,114,False,True
carpet,0,test\thread\011.png,1,158,69,False,False
carpet,0,test\thread\012.png,1,162,62,False,True
carpet,0,test\thread\013.png,1,149,193,False,True
carpet,0,test\thread\014.png,1,198,69,False,True
carpet,0,test\thread\015.png,1,42,66,False,True
carpet,0,test\thread\016.png,1,58,45,False,True
carpet,0,test\thread\017.png,1,166,26,False,True
carpet,0,test\thread\018.png,1,203,105,False,True
carpet,1,test\color\000.png,1,153,81,False,True
carpet,1,test\color\001.png,1,158,97,False,True
carpet,1,test\color\002.png,1,74,70,False,True
carpet,1,test\color\003.png,1,108,54,False,True
carpet,1,test\color\004.png,1,84,189,False,True
carpet,1,test\color\005.png,1,66,53,False,True
carpet,1,test\color\006.png,1,182,146,False,True
carpet,1,test\color\007.png,1,151,167,False,True
carpet,1,test\color\008.png,1,97,102,False,True
carpet,1,test\color\009.png,1,85,58,False,True
carpet,1,test\color\010.png,1,170,34,False,True
carpet,1,test\color\011.png,1,72,165,False,True
carpet,1,test\color\012.png,1,200,119,False,True
carpet,1,test\color\013.png,1,167,21,False,False
carpet,1,test\color\014.png,1,133,158,False,True
carpet,1,test\color\015.png,1,78,145,False,True
carpet,1,test\color\016.png,1,167,102,False,True
carpet,1,test\color\017.png,1,146,101,False,True
carpet,1,test\color\018.png,1,152,71,False,True
carpet,1,test\cut\000.png,1,146,56,False,True
carpet,1,test\cut\001.png,1,146,162,False,True
carpet,1,test\cut\002.png,1,104,152,False,True
carpet,1,test\cut\003.png,1,120,105,False,True
carpet,1,test\cut\004.png,1,105,56,False,True
carpet,1,test\cut\005.png,1,142,50,False,True
carpet,1,test\cut\006.png,1,146,146,False,True
carpet,1,test\cut\007.png,1,183,183,False,True
carpet,1,test\cut\008.png,1,122,40,False,True
carpet,1,test\cut\009.png,1,60,132,False,True
carpet,1,test\cut\010.png,1,162,153,False,True
carpet,1,test\cut\011.png,1,130,134,False,True
carpet,1,test\cut\012.png,1,90,26,False,True
carpet,1,test\cut\013.png,1,130,158,False,True
carpet,1,test\cut\014.png,1,183,103,False,True
carpet,1,test\cut\015.png,1,56,150,False,True
carpet,1,test\cut\016.png,1,138,133,False,True
carpet,1,test\good\000.png,0,254,38,True,False
carpet,1,test\good\001.png,0,254,14,True,False
carpet,1,test\good\002.png,0,52,123,False,False
carpet,1,test\good\003.png,0,163,187,False,False
carpet,1,test\good\004.png,0,148,37,False,False
carpet,1,test\good\005.png,0,4,39,True,False
carpet,1,test\good\006.png,0,141,229,False,False
carpet,1,test\good\007.png,0,69,99,False,False
carpet,1,test\good\008.png,0,241,93,True,False
carpet,1,test\good\009.png,0,22,149,False,False
carpet,1,test\good\010.png,0,254,14,True,False
carpet,1,test\good\011.png,0,6,89,True,False
carpet,1,test\good\012.png,0,18,221,False,False
carpet,1,test\good\013.png,0,35,113,False,False
carpet,1,test\good\014.png,0,44,199,False,False
carpet,1,test\good\015.png,0,52,203,False,False
carpet,1,test\good\016.png,0,250,37,True,False
carpet,1,test\good\017.png,0,203,67,False,False
carpet,1,test\good\018.png,0,107,137,False,False
carpet,1,test\good\019.png,0,236,11,True,False
carpet,1,test\good\020.png,0,250,162,True,False
carpet,1,test\good\021.png,0,148,35,False,False
carpet,1,test\good\022.png,0,249,134,True,False
carpet,1,test\good\023.png,0,254,13,True,False
carpet,1,test\good\024.png,0,26,205,False,False
carpet,1,test\good\025.png,0,254,35,True,False
carpet,1,test\good\026.png,0,29,152,False,False
carpet,1,test\good\027.png,0,235,52,False,False
carpet,1,test\hole\000.png,1,167,56,False,True
carpet,1,test\hole\001.png,1,158,65,False,True
carpet,1,test\hole\002.png,1,72,154,False,True
carpet,1,test\hole\003.png,1,151,106,False,True
carpet,1,test\hole\004.png,1,145,202,False,True
carpet,1,test\hole\005.png,1,168,46,False,True
carpet,1,test\hole\006.png,1,152,135,False,True
carpet,1,test\hole\007.png,1,135,161,False,True
carpet,1,test\hole\008.png,1,150,38,False,True
carpet,1,test\hole\009.png,1,88,73,False,True
carpet,1,test\hole\010.png,1,167,71,False,True
carpet,1,test\hole\011.png,1,90,69,False,True
carpet,1,test\hole\012.png,1,101,168,False,True
carpet,1,test\hole\013.png,1,136,58,False,True
carpet,1,test\hole\014.png,1,161,55,False,True
carpet,1,test\hole\015.png,1,183,72,False,True
carpet,1,test\hole\016.png,1,136,66,False,True
carpet,1,test\metal_contamination\000.png,1,149,110,False,True
carpet,1,test\metal_contamination\001.png,1,161,53,False,True
carpet,1,test\metal_contamination\002.png,1,168,162,False,False
carpet,1,test\metal_contamination\003.png,1,136,66,False,True
carpet,1,test\metal_contamination\004.png,1,168,174,False,True
carpet,1,test\metal_contamination\005.png,1,205,135,False,False
carpet,1,test\metal_contamination\006.png,1,82,110,False,True
carpet,1,test\metal_contamination\007.png,1,173,181,False,True
carpet,1,test\metal_contamination\008.png,1,138,170,False,True
carpet,1,test\metal_contamination\009.png,1,113,56,False,True
carpet,1,test\metal_contamination\010.png,1,190,114,False,False
carpet,1,test\metal_contamination\011.png,1,183,167,False,False
carpet,1,test\metal_contamination\012.png,1,72,56,False,False
carpet,1,test\metal_contamination\013.png,1,197,56,False,False
carpet,1,test\metal_contamination\014.png,1,199,154,False,False
carpet,1,test\metal_contamination\015.png,1,184,126,False,False
carpet,1,test\metal_contamination\016.png,1,136,87,False,True
carpet,1,test\thread\000.png,1,93,82,False,True
carpet,1,test\thread\001.png,1,105,150,False,False
carpet,1,test\thread\002.png,1,133,113,False,True
carpet,1,test\thread\003.png,1,193,56,False,False
carpet,1,test\thread\004.png,1,103,135,False,False
carpet,1,test\thread\005.png,1,120,225,False,False
carpet,1,test\thread\006.png,1,30,70,False,True
carpet,1,test\thread\007.png,1,201,117,False,True
carpet,1,test\thread\008.png,1,174,154,False,True
carpet,1,test\thread\009.png,1,124,171,False,False
carpet,1,test\thread\010.png,1,198,87,False,True
carpet,1,test\thread\011.png,1,158,70,False,True
carpet,1,test\thread\012.png,1,170,66,False,True
carpet,1,test\thread\013.png,1,130,174,False,True
carpet,1,test\thread\014.png,1,198,71,False,True
carpet,1,test\thread\015.png,1,42,68,False,False
carpet,1,test\thread\016.png,1,49,57,False,False
carpet,1,test\thread\017.png,1,142,6,True,True
carpet,1,test\thread\018.png,1,202,106,False,True
carpet,2,test\color\000.png,1,148,85,False,True
carpet,2,test\color\001.png,1,171,108,False,True
carpet,2,test\color\002.png,1,75,69,False,True
carpet,2,test\color\003.png,1,115,56,False,True
carpet,2,test\color\004.png,1,99,189,False,True
carpet,2,test\color\005.png,1,66,53,False,True
carpet,2,test\color\006.png,1,182,131,False,True
carpet,2,test\color\007.png,1,163,167,False,True
carpet,2,test\color\008.png,1,122,146,False,True
carpet,2,test\color\009.png,1,83,53,False,True
carpet,2,test\color\010.png,1,167,37,False,True
carpet,2,test\color\011.png,1,78,169,False,False
carpet,2,test\color\012.png,1,206,121,False,True
carpet,2,test\color\013.png,1,167,7,True,False
carpet,2,test\color\014.png,1,136,154,False,False
carpet,2,test\color\015.png,1,77,153,False,True
carpet,2,test\color\016.png,1,167,101,False,True
carpet,2,test\color\017.png,1,153,106,False,True
carpet,2,test\color\018.png,1,167,71,False,True
carpet,2,test\cut\000.png,1,106,54,False,True
carpet,2,test\cut\001.png,1,142,178,False,True
carpet,2,test\cut\002.png,1,94,146,False,True
carpet,2,test\cut\003.png,1,130,98,False,True
carpet,2,test\cut\004.png,1,98,49,False,True
carpet,2,test\cut\005.png,1,117,42,False,True
carpet,2,test\cut\006.png,1,149,161,False,True
carpet,2,test\cut\007.png,1,194,170,False,True
carpet,2,test\cut\008.png,1,119,50,False,True
carpet,2,test\cut\009.png,1,86,146,False,True
carpet,2,test\cut\010.png,1,137,157,False,True
carpet,2,test\cut\011.png,1,125,126,False,True
carpet,2,test\cut\012.png,1,94,18,False,True
carpet,2,test\cut\013.png,1,137,157,False,True
carpet,2,test\cut\014.png,1,178,106,False,True
carpet,2,test\cut\015.png,1,54,166,False,True
carpet,2,test\cut\016.png,1,138,133,False,True
carpet,2,test\good\000.png,0,155,22,False,False
carpet,2,test\good\001.png,0,146,44,False,False
carpet,2,test\good\002.png,0,66,134,False,False
carpet,2,test\good\003.png,0,163,182,False,False
carpet,2,test\good\004.png,0,148,37,False,False
carpet,2,test\good\005.png,0,0,37,True,False
carpet,2,test\good\006.png,0,146,235,False,False
carpet,2,test\good\007.png,0,74,98,False,False
carpet,2,test\good\008.png,0,157,131,False,False
carpet,2,test\good\009.png,0,22,130,False,False
carpet,2,test\good\010.png,0,13,148,True,False
carpet,2,test\good\011.png,0,250,241,True,False
carpet,2,test\good\012.png,0,204,74,False,False
carpet,2,test\good\013.png,0,145,121,False,False
carpet,2,test\good\014.png,0,53,193,False,False
carpet,2,test\good\015.png,0,57,202,False,False
carpet,2,test\good\016.png,0,252,19,True,False
carpet,2,test\good\017.png,0,154,73,False,False
carpet,2,test\good\018.png,0,108,140,False,False
carpet,2,test\good\019.png,0,250,0,True,False
carpet,2,test\good\020.png,0,225,92,False,False
carpet,2,test\good\021.png,0,148,35,False,False
carpet,2,test\good\022.png,0,254,125,True,False
carpet,2,test\good\023.png,0,178,117,False,False
carpet,2,test\good\024.png,0,11,203,True,False
carpet,2,test\good\025.png,0,203,139,False,False
carpet,2,test\good\026.png,0,0,226,True,False
carpet,2,test\good\027.png,0,68,59,False,False
carpet,2,test\hole\000.png,1,165,62,False,True
carpet,2,test\hole\001.png,1,167,56,False,True
carpet,2,test\hole\002.png,1,73,137,False,True
carpet,2,test\hole\003.png,1,150,110,False,True
carpet,2,test\hole\004.png,1,137,201,False,True
carpet,2,test\hole\005.png,1,173,50,False,True
carpet,2,test\hole\006.png,1,134,126,False,True
carpet,2,test\hole\007.png,1,118,154,False,True
carpet,2,test\hole\008.png,1,150,42,False,True
carpet,2,test\hole\009.png,1,82,58,False,True
carpet,2,test\hole\010.png,1,154,62,False,True
carpet,2,test\hole\011.png,1,90,77,False,True
carpet,2,test\hole\012.png,1,104,170,False,True
carpet,2,test\hole\013.png,1,129,69,False,True
carpet,2,test\hole\014.png,1,150,54,False,True
carpet,2,test\hole\015.png,1,170,70,False,True
carpet,2,test\hole\016.png,1,130,66,False,True
carpet,2,test\metal_contamination\000.png,1,152,119,False,False
carpet,2,test\metal_contamination\001.png,1,161,56,False,True
carpet,2,test\metal_contamination\002.png,1,170,157,False,True
carpet,2,test\metal_contamination\003.png,1,138,81,False,True
carpet,2,test\metal_contamination\004.png,1,170,173,False,True
carpet,2,test\metal_contamination\005.png,1,186,134,False,False
carpet,2,test\metal_contamination\006.png,1,86,110,False,True
carpet,2,test\metal_contamination\007.png,1,170,182,False,True
carpet,2,test\metal_contamination\008.png,1,146,174,False,True
carpet,2,test\metal_contamination\009.png,1,113,65,False,False
carpet,2,test\metal_contamination\010.png,1,194,118,False,False
carpet,2,test\metal_contamination\011.png,1,184,168,False,False
carpet,2,test\metal_contamination\012.png,1,74,54,False,False
carpet,2,test\metal_contamination\013.png,1,174,50,False,False
carpet,2,test\metal_contamination\014.png,1,197,150,False,False
carpet,2,test\metal_contamination\015.png,1,183,122,False,False
carpet,2,test\metal_contamination\016.png,1,135,81,False,True
carpet,2,test\thread\000.png,1,93,85,False,True
carpet,2,test\thread\001.png,1,103,151,False,False
carpet,2,test\thread\002.png,1,134,113,False,True
carpet,2,test\thread\003.png,1,190,57,False,False
carpet,2,test\thread\004.png,1,114,89,False,False
carpet,2,test\thread\005.png,1,109,226,False,True
carpet,2,test\thread\006.png,1,170,129,False,False
carpet,2,test\thread\007.png,1,126,142,False,False
carpet,2,test\thread\008.png,1,181,141,False,True
carpet,2,test\thread\009.png,1,125,172,False,False
carpet,2,test\thread\010.png,1,177,121,False,False
carpet,2,test\thread\011.png,1,156,70,False,True
carpet,2,test\thread\012.png,1,166,77,False,True
carpet,2,test\thread\013.png,1,65,131,False,True
carpet,2,test\thread\014.png,1,199,71,False,True
carpet,2,test\thread\015.png,1,42,68,False,False
carpet,2,test\thread\016.png,1,34,53,False,False
carpet,2,test\thread\017.png,1,146,6,True,True
carpet,2,test\thread\018.png,1,203,107,False,True
grid,0,test\bent\000.png,1,194,89,False,True
grid,0,test\bent\001.png,1,205,118,False,True
grid,0,test\bent\002.png,1,66,106,False,False
grid,0,test\bent\003.png,1,106,233,False,False
grid,0,test\bent\004.png,1,130,42,False,True
grid,0,test\bent\005.png,1,165,205,False,True
grid,0,test\bent\006.png,1,130,58,False,True
grid,0,test\bent\007.png,1,61,185,False,True
grid,0,test\bent\008.png,1,138,150,False,True
grid,0,test\bent\009.png,1,55,105,False,False
grid,0,test\bent\010.png,1,218,106,False,True
grid,0,test\bent\011.png,1,73,154,False,True
grid,0,test\broken\000.png,1,154,149,False,True
grid,0,test\broken\001.png,1,73,105,False,True
grid,0,test\broken\002.png,1,141,98,False,False
grid,0,test\broken\003.png,1,173,214,False,True
grid,0,test\broken\004.png,1,210,193,False,True
grid,0,test\broken\005.png,1,225,113,False,False
grid,0,test\broken\006.png,1,93,90,False,False
grid,0,test\broken\007.png,1,134,78,False,True
grid,0,test\broken\008.png,1,170,105,False,True
grid,0,test\broken\009.png,1,101,90,False,False
grid,0,test\broken\010.png,1,134,114,False,False
grid,0,test\broken\011.png,1,114,149,False,True
grid,0,test\glue\000.png,1,21,186,False,True
grid,0,test\glue\001.png,1,33,149,False,False
grid,0,test\glue\002.png,1,58,89,False,True
grid,0,test\glue\003.png,1,161,18,False,True
grid,0,test\glue\004.png,1,150,118,False,True
grid,0,test\glue\005.png,1,46,101,False,False
grid,0,test\glue\006.png,1,125,165,False,True
grid,0,test\glue\007.png,1,166,78,False,True
grid,0,test\glue\008.png,1,13,72,True,False
grid,0,test\glue\009.png,1,33,194,False,True
grid,0,test\glue\010.png,1,50,82,False,True
grid,0,test\good\000.png,0,200,232,False,False
grid,0,test\good\001.png,0,70,134,False,False
grid,0,test\good\002.png,0,246,45,True,False
grid,0,test\good\003.png,0,23,152,False,False
grid,0,test\good\004.png,0,51,132,False,False
grid,0,test\good\005.png,0,133,142,False,False
grid,0,test\good\006.png,0,227,243,True,False
grid,0,test\good\007.png,0,107,84,False,False
grid,0,test\good\008.png,0,218,237,False,False
grid,0,test\good\009.png,0,59,220,False,False
grid,0,test\good\010.png,0,154,229,False,False
grid,0,test\good\011.png,0,226,69,False,False
grid,0,test\good\012.png,0,89,150,False,False
grid,0,test\good\013.png,0,5,39,True,False
grid,0,test\good\014.png,0,109,138,False,False
grid,0,test\good\015.png,0,21,154,False,False
grid,0,test\good\016.png,0,188,36,False,False
grid,0,test\good\017.png,0,91,219,False,False
grid,0,test\good\018.png,0,234,21,False,False
grid,0,test\good\019.png,0,92,164,False,False
grid,0,test\good\020.png,0,179,140,False,False
grid,0,test\metal_contamination\000.png,1,78,137,False,False
grid,0,test\metal_contamination\001.png,1,38,194,False,True
grid,0,test\metal_contamination\002.png,1,105,118,False,False
grid,0,test\metal_contamination\003.png,1,65,158,False,True
grid,0,test\metal_contamination\004.png,1,61,102,False,True
grid,0,test\metal_contamination\005.png,1,73,153,False,False
grid,0,test\metal_contamination\006.png,1,58,154,False,False
grid,0,test\metal_contamination\007.png,1,62,126,False,True
grid,0,test\metal_contamination\008.png,1,50,81,False,True
grid,0,test\metal_contamination\009.png,1,178,45,False,True
grid,0,test\metal_contamination\010.png,1,41,190,False,False
grid,0,test\thread\000.png,1,69,234,False,False
grid,0,test\thread\001.png,1,169,190,False,True
grid,0,test\thread\002.png,1,201,25,False,False
grid,0,test\thread\003.png,1,238,67,False,True
grid,0,test\thread\004.png,1,138,110,False,True
grid,0,test\thread\005.png,1,98,90,False,True
grid,0,test\thread\006.png,1,53,98,False,True
grid,0,test\thread\007.png,1,73,33,False,True
grid,0,test\thread\008.png,1,189,181,False,True
grid,0,test\thread\009.png,1,125,153,False,False
grid,0,test\thread\010.png,1,133,154,False,True
grid,1,test\bent\000.png,1,197,86,False,False
grid,1,test\bent\001.png,1,206,118,False,True
grid,1,test\bent\002.png,1,206,109,False,True
grid,1,test\bent\003.png,1,37,134,False,False
grid,1,test\bent\004.png,1,205,170,False,False
grid,1,test\bent\005.png,1,161,198,False,True
grid,1,test\bent\006.png,1,149,234,False,True
grid,1,test\bent\007.png,1,62,183,False,True
grid,1,test\bent\008.png,1,81,30,False,True
grid,1,test\bent\009.png,1,94,54,False,True
grid,1,test\bent\010.png,1,130,81,False,True
grid,1,test\bent\011.png,1,145,158,False,True
grid,1,test\broken\000.png,1,146,140,False,True
grid,1,test\broken\001.png,1,70,102,False,True
grid,1,test\broken\002.png,1,137,101,False,True
grid,1,test\broken\003.png,1,102,58,False,True
grid,1,test\broken\004.png,1,165,118,False,False
grid,1,test\broken\005.png,1,218,110,False,True
grid,1,test\broken\006.png,1,74,162,False,True
grid,1,test\broken\007.png,1,141,73,False,False
grid,1,test\broken\008.png,1,133,70,False,True
grid,1,test\broken\009.png,1,93,205,False,True
grid,1,test\broken\010.png,1,138,105,False,True
grid,1,test\broken\011.png,1,114,146,False,True
grid,1,test\glue\000.png,1,18,177,False,True
grid,1,test\glue\001.png,1,46,122,False,True
grid,1,test\glue\002.png,1,57,97,False,True
grid,1,test\glue\003.png,1,162,17,False,True
grid,1,test\glue\004.png,1,173,125,False,True
grid,1,test\glue\005.png,1,45,98,False,False
grid,1,test\glue\006.png,1,137,166,False,False
grid,1,test\glue\007.png,1,161,82,False,True
grid,1,test\glue\008.png,1,49,98,False,False
grid,1,test\glue\009.png,1,17,190,False,True
grid,1,test\glue\010.png,1,57,82,False,True
grid,1,test\good\000.png,0,18,26,False,False
grid,1,test\good\001.png,0,234,194,False,False
grid,1,test\good\002.png,0,11,153,True,False
grid,1,test\good\003.png,0,25,61,False,False
grid,1,test\good\004.png,0,45,130,False,False
grid,1,test\good\005.png,0,170,42,False,False
grid,1,test\good\006.png,0,213,121,False,False
grid,1,test\good\007.png,0,92,203,False,False
grid,1,test\good\008.png,0,155,52,False,False
grid,1,test\good\009.png,0,20,67,False,False
grid,1,test\good\010.png,0,195,227,False,False
grid,1,test\good\011.png,0,201,57,False,False
grid,1,test\good\012.png,0,85,174,False,False
grid,1,test\good\013.png,0,19,212,False,False
grid,1,test\good\014.png,0,98,226,False,False
grid,1,test\good\015.png,0,57,170,False,False
grid,1,test\good\016.png,0,12,235,True,False
grid,1,test\good\017.png,0,81,36,False,False
grid,1,test\good\018.png,0,197,162,False,False
grid,1,test\good\019.png,0,76,148,False,False
grid,1,test\good\020.png,0,134,125,False,False
grid,1,test\metal_contamination\000.png,1,78,134,False,False
grid,1,test\metal_contamination\001.png,1,41,174,False,True
grid,1,test\metal_contamination\002.png,1,93,117,False,True
grid,1,test\metal_contamination\003.png,1,61,173,False,False
grid,1,test\metal_contamination\004.png,1,61,121,False,True
grid,1,test\metal_contamination\005.png,1,70,153,False,True
grid,1,test\metal_contamination\006.png,1,38,153,False,True
grid,1,test\metal_contamination\007.png,1,69,126,False,False
grid,1,test\metal_contamination\008.png,1,53,89,False,True
grid,1,test\metal_contamination\009.png,1,150,53,False,True
grid,1,test\metal_contamination\010.png,1,14,221,True,True
grid,1,test\thread\000.png,1,46,229,False,True
grid,1,test\thread\001.png,1,166,198,False,True
grid,1,test\thread\002.png,1,194,30,False,True
grid,1,test\thread\003.png,1,221,73,False,True
grid,1,test\thread\004.png,1,153,121,False,True
grid,1,test\thread\005.png,1,49,126,False,True
grid,1,test\thread\006.png,1,81,98,False,True
grid,1,test\thread\007.png,1,156,165,False,True
grid,1,test\thread\008.png,1,101,117,False,True
grid,1,test\thread\009.png,1,121,154,False,True
grid,1,test\thread\010.png,1,14,117,True,True
grid,2,test\bent\000.png,1,197,89,False,True
grid,2,test\bent\001.png,1,205,117,False,True
grid,2,test\bent\002.png,1,69,110,False,True
grid,2,test\bent\003.png,1,33,130,False,True
grid,2,test\bent\004.png,1,134,45,False,True
grid,2,test\bent\005.png,1,89,41,False,True
grid,2,test\bent\006.png,1,230,98,False,True
grid,2,test\bent\007.png,1,65,182,False,False
grid,2,test\bent\008.png,1,86,25,False,False
grid,2,test\bent\009.png,1,50,102,False,True
grid,2,test\bent\010.png,1,218,106,False,True
grid,2,test\bent\011.png,1,142,158,False,True
grid,2,test\broken\000.png,1,146,141,False,False
grid,2,test\broken\001.png,1,73,105,False,True
grid,2,test\broken\002.png,1,146,101,False,False
grid,2,test\broken\003.png,1,170,217,False,True
grid,2,test\broken\004.png,1,165,117,False,False
grid,2,test\broken\005.png,1,101,37,False,True
grid,2,test\broken\006.png,1,169,105,False,True
grid,2,test\broken\007.png,1,145,89,False,False
grid,2,test\broken\008.png,1,133,71,False,True
grid,2,test\broken\009.png,1,101,98,False,True
grid,2,test\broken\010.png,1,137,117,False,False
grid,2,test\broken\011.png,1,117,149,False,False
grid,2,test\glue\000.png,1,18,177,False,True
grid,2,test\glue\001.png,1,12,137,True,False
grid,2,test\glue\002.png,1,58,90,False,True
grid,2,test\glue\003.png,1,173,21,False,True
grid,2,test\glue\004.png,1,169,122,False,True
grid,2,test\glue\005.png,1,42,105,False,True
grid,2,test\glue\006.png,1,137,166,False,False
grid,2,test\glue\007.png,1,169,74,False,True
grid,2,test\glue\008.png,1,10,68,True,False
grid,2,test\glue\009.png,1,38,197,False,False
grid,2,test\glue\010.png,1,57,82,False,True
grid,2,test\good\000.png,0,137,125,False,False
grid,2,test\good\001.png,0,29,152,False,False
grid,2,test\good\002.png,0,91,122,False,False
grid,2,test\good\003.png,0,52,220,False,False
grid,2,test\good\004.png,0,26,23,False,False
grid,2,test\good\005.png,0,132,141,False,False
grid,2,test\good\006.png,0,70,242,True,False
grid,2,test\good\007.png,0,171,148,False,False
grid,2,test\good\008.png,0,249,177,True,False
grid,2,test\good\009.png,0,25,67,False,False
grid,2,test\good\010.png,0,145,18,False,False
grid,2,test\good\011.png,0,236,29,False,False
grid,2,test\good\012.png,0,90,162,False,False
grid,2,test\good\013.png,0,213,157,False,False
grid,2,test\good\014.png,0,146,226,False,False
grid,2,test\good\015.png,0,27,203,False,False
grid,2,test\good\016.png,0,100,11,True,False
grid,2,test\good\017.png,0,61,242,True,False
grid,2,test\good\018.png,0,226,188,False,False
grid,2,test\good\019.png,0,18,114,False,False
grid,2,test\good\020.png,0,179,114,False,False
grid,2,test\metal_contamination\000.png,1,72,134,False,True
grid,2,test\metal_contamination\001.png,1,39,186,False,False
grid,2,test\metal_contamination\002.png,1,97,114,False,True
grid,2,test\metal_contamination\003.png,1,61,165,False,True
grid,2,test\metal_contamination\004.png,1,58,113,False,True
grid,2,test\metal_contamination\005.png,1,62,153,False,True
grid,2,test\metal_contamination\006.png,1,37,150,False,False
grid,2,test\metal_contamination\007.png,1,65,126,False,True
grid,2,test\metal_contamination\008.png,1,49,86,False,False
grid,2,test\metal_contamination\009.png,1,158,58,False,True
grid,2,test\metal_contamination\010.png,1,30,209,False,False
grid,2,test\thread\000.png,1,66,233,False,True
grid,2,test\thread\001.png,1,165,197,False,True
grid,2,test\thread\002.png,1,197,29,False,False
grid,2,test\thread\003.png,1,230,69,False,True
grid,2,test\thread\004.png,1,105,222,False,True
grid,2,test\thread\005.png,1,101,97,False,True
grid,2,test\thread\006.png,1,54,98,False,True
grid,2,test\thread\007.png,1,72,33,False,True
grid,2,test\thread\008.png,1,185,202,False,False
grid,2,test\thread\009.png,1,125,153,False,False
grid,2,test\thread\010.png,1,121,153,False,True
hazelnut,0,test\crack\000.png,1,83,164,False,True
hazelnut,0,test\crack\001.png,1,163,164,False,True
hazelnut,0,test\crack\002.png,1,254,150,True,False
hazelnut,0,test\crack\003.png,1,6,193,True,False
hazelnut,0,test\crack\004.png,1,225,91,False,False
hazelnut,0,test\crack\005.png,1,178,214,False,False
hazelnut,0,test\crack\006.png,1,164,217,False,False
hazelnut,0,test\crack\007.png,1,107,121,False,True
hazelnut,0,test\crack\008.png,1,92,35,False,False
hazelnut,0,test\crack\009.png,1,92,130,False,True
hazelnut,0,test\crack\010.png,1,98,44,False,False
hazelnut,0,test\crack\011.png,1,91,92,False,True
hazelnut,0,test\crack\012.png,1,75,149,False,True
hazelnut,0,test\crack\013.png,1,155,203,False,False
hazelnut,0,test\crack\014.png,1,83,227,False,False
hazelnut,0,test\crack\015.png,1,90,163,False,True
hazelnut,0,test\crack\016.png,1,99,196,False,True
hazelnut,0,test\crack\017.png,1,0,139,True,False
hazelnut,0,test\cut\000.png,1,68,52,False,False
hazelnut,0,test\cut\001.png,1,169,154,False,True
hazelnut,0,test\cut\002.png,1,57,164,False,False
hazelnut,0,test\cut\003.png,1,254,24,True,False
hazelnut,0,test\cut\004.png,1,193,53,False,False
hazelnut,0,test\cut\005.png,1,0,185,True,False
hazelnut,0,test\cut\006.png,1,141,210,False,False
hazelnut,0,test\cut\007.png,1,3,155,True,False
hazelnut,0,test\cut\008.png,1,11,158,True,False
hazelnut,0,test\cut\009.png,1,35,163,False,False
hazelnut,0,test\cut\010.png,1,28,146,False,False
hazelnut,0,test\cut\011.png,1,22,131,False,False
hazelnut,0,test\cut\012.png,1,3,161,True,False
hazelnut,0,test\cut\013.png,1,154,74,False,False
hazelnut,0,test\cut\014.png,1,18,205,False,False
hazelnut,0,test\cut\015.png,1,3,132,True,False
hazelnut,0,test\cut\016.png,1,76,44,False,False
hazelnut,0,test\good\000.png,0,0,169,True,False
hazelnut,0,test\good\001.png,0,0,156,True,False
hazelnut,0,test\good\002.png,0,0,172,True,False
hazelnut,0,test\good\003.png,0,17,163,False,False
hazelnut,0,test\good\004.png,0,12,156,True,False
hazelnut,0,test\good\005.png,0,12,172,True,False
hazelnut,0,test\good\006.png,0,116,114,False,False
hazelnut,0,test\good\007.png,0,11,155,True,False
hazelnut,0,test\good\008.png,0,18,196,False,False
hazelnut,0,test\good\009.png,0,250,115,True,False
hazelnut,0,test\good\010.png,0,3,147,True,False
hazelnut,0,test\good\011.png,0,254,82,True,False
hazelnut,0,test\good\012.png,0,22,163,False,False
hazelnut,0,test\good\013.png,0,0,238,True,False
hazelnut,0,test\good\014.png,0,252,85,True,False
hazelnut,0,test\good\015.png,0,20,148,False,False
hazelnut,0,test\good\016.png,0,36,70,False,False
hazelnut,0,test\good\017.png,0,5,85,True,False
hazelnut,0,test\good\018.png,0,0,153,True,False
hazelnut,0,test\good\019.png,0,17,132,False,False
hazelnut,0,test\good\020.png,0,10,165,True,False
hazelnut,0,test\good\021.png,0,9,20,True,False
hazelnut,0,test\good\022.png,0,0,131,True,False
hazelnut,0,test\good\023.png,0,10,140,True,False
hazelnut,0,test\good\024.png,0,0,54,True,False
hazelnut,0,test\good\025.png,0,195,51,False,False
hazelnut,0,test\good\026.png,0,0,123,True,False
hazelnut,0,test\good\027.png,0,213,165,False,False
hazelnut,0,test\good\028.png,0,59,163,False,False
hazelnut,0,test\good\029.png,0,108,169,False,False
hazelnut,0,test\good\030.png,0,33,154,False,False
hazelnut,0,test\good\031.png,0,35,92,False,False
hazelnut,0,test\good\032.png,0,78,129,False,False
hazelnut,0,test\good\033.png,0,35,106,False,False
hazelnut,0,test\good\034.png,0,59,76,False,False
hazelnut,0,test\good\035.png,0,198,166,False,False
hazelnut,0,test\good\036.png,0,100,75,False,False
hazelnut,0,test\good\037.png,0,10,249,True,False
hazelnut,0,test\good\038.png,0,91,212,False,False
hazelnut,0,test\good\039.png,0,150,209,False,False
hazelnut,0,test\hole\000.png,1,100,140,False,True
hazelnut,0,test\hole\001.png,1,132,131,False,True
hazelnut,0,test\hole\002.png,1,146,150,False,True
hazelnut,0,test\hole\003.png,1,221,178,False,False
hazelnut,0,test\hole\004.png,1,106,138,False,True
hazelnut,0,test\hole\005.png,1,139,115,False,True
hazelnut,0,test\hole\006.png,1,139,101,False,True
hazelnut,0,test\hole\007.png,1,123,132,False,True
hazelnut,0,test\hole\008.png,1,94,81,False,True
hazelnut,0,test\hole\009.png,1,117,156,False,True
hazelnut,0,test\hole\010.png,1,162,188,False,False
hazelnut,0,test\hole\011.png,1,129,165,False,True
hazelnut,0,test\hole\012.png,1,123,147,False,True
hazelnut,0,test\hole\013.png,1,84,210,False,False
hazelnut,0,test\hole\014.png,1,116,185,False,True
hazelnut,0,test\hole\015.png,1,115,118,False,True
hazelnut,0,test\hole\016.png,1,148,38,False,False
hazelnut,0,test\hole\017.png,1,100,123,False,True
hazelnut,0,test\print\000.png,1,141,134,False,True
hazelnut,0,test\print\001.png,1,91,131,False,True
hazelnut,0,test\print\002.png,1,121,134,False,True
hazelnut,0,test\print\003.png,1,138,210,False,False
hazelnut,0,test\print\004.png,1,133,89,False,True
hazelnut,0,test\print\005.png,1,67,92,False,True
hazelnut,0,test\print\006.png,1,125,113,False,True
hazelnut,0,test\print\007.png,1,140,116,False,True
hazelnut,0,test\print\008.png,1,107,145,False,False
hazelnut,0,test\print\009.png,1,156,202,False,True
hazelnut,0,test\print\010.png,1,118,157,False,True
hazelnut,0,test\print\011.png,1,101,110,False,True
hazelnut,0,test\print\012.png,1,76,155,False,False
hazelnut,0,test\print\013.png,1,156,204,False,True
hazelnut,0,test\print\014.png,1,102,109,False,True
hazelnut,0,test\print\015.png,1,98,37,False,False
hazelnut,0,test\print\016.png,1,102,98,False,True
hazelnut,1,test\crack\000.png,1,76,164,False,True
hazelnut,1,test\crack\001.png,1,164,164,False,True
hazelnut,1,test\crack\002.png,1,254,163,True,False
hazelnut,1,test\crack\003.png,1,11,188,True,False
hazelnut,1,test\crack\004.png,1,186,171,False,True
hazelnut,1,test\crack\005.png,1,179,229,False,False
hazelnut,1,test\crack\006.png,1,3,75,True,False
hazelnut,1,test\crack\007.png,1,9,9,True,False
hazelnut,1,test\crack\008.png,1,94,37,False,False
hazelnut,1,test\crack\009.png,1,67,124,False,True
hazelnut,1,test\crack\010.png,1,182,166,False,False
hazelnut,1,test\crack\011.png,1,233,90,False,False
hazelnut,1,test\crack\012.png,1,102,154,False,False
hazelnut,1,test\crack\013.png,1,157,106,False,True
hazelnut,1,test\crack\014.png,1,84,228,False,False
hazelnut,1,test\crack\015.png,1,114,130,False,False
hazelnut,1,test\crack\016.png,1,102,196,False,True
hazelnut,1,test\crack\017.png,1,0,137,True,False
hazelnut,1,test\cut\000.png,1,3,140,True,False
hazelnut,1,test\cut\001.png,1,131,140,False,True
hazelnut,1,test\cut\002.png,1,247,105,True,False
hazelnut,1,test\cut\003.png,1,252,20,True,False
hazelnut,1,test\cut\004.png,1,197,53,False,False
hazelnut,1,test\cut\005.png,1,0,180,True,False
hazelnut,1,test\cut\006.png,1,116,115,False,True
hazelnut,1,test\cut\007.png,1,0,147,True,False
hazelnut,1,test\cut\008.png,1,6,150,True,False
hazelnut,1,test\cut\009.png,1,34,164,False,False
hazelnut,1,test\cut\010.png,1,27,142,False,False
hazelnut,1,test\cut\011.png,1,17,125,False,False
hazelnut,1,test\cut\012.png,1,0,154,True,False
hazelnut,1,test\cut\013.png,1,146,129,False,True
hazelnut,1,test\cut\014.png,1,14,204,True,False
hazelnut,1,test\cut\015.png,1,0,137,True,False
hazelnut,1,test\cut\016.png,1,75,52,False,False
hazelnut,1,test\good\000.png,0,0,164,True,False
hazelnut,1,test\good\001.png,0,3,155,True,False
hazelnut,1,test\good\002.png,0,0,172,True,False
hazelnut,1,test\good\003.png,0,6,162,True,False
hazelnut,1,test\good\004.png,0,9,164,True,False
hazelnut,1,test\good\005.png,0,10,172,True,False
hazelnut,1,test\good\006.png,0,140,3,True,False
hazelnut,1,test\good\007.png,0,6,147,True,False
hazelnut,1,test\good\008.png,0,22,199,False,False
hazelnut,1,test\good\009.png,0,245,116,True,False
hazelnut,1,test\good\010.png,0,0,153,True,False
hazelnut,1,test\good\011.png,0,0,123,True,False
hazelnut,1,test\good\012.png,0,17,161,False,False
hazelnut,1,test\good\013.png,0,0,148,True,False
hazelnut,1,test\good\014.png,0,245,89,True,False
hazelnut,1,test\good\015.png,0,6,148,True,False
hazelnut,1,test\good\016.png,0,38,82,False,False
hazelnut,1,test\good\017.png,0,0,78,True,False
hazelnut,1,test\good\018.png,0,3,154,True,False
hazelnut,1,test\good\019.png,0,10,133,True,False
hazelnut,1,test\good\020.png,0,11,161,True,False
hazelnut,1,test\good\021.png,0,5,66,True,False
hazelnut,1,test\good\022.png,0,9,132,True,False
hazelnut,1,test\good\023.png,0,8,136,True,False
hazelnut,1,test\good\024.png,0,0,102,True,False
hazelnut,1,test\good\025.png,0,181,46,False,False
hazelnut,1,test\good\026.png,0,37,139,False,False
hazelnut,1,test\good\027.png,0,105,41,False,False
hazelnut,1,test\good\028.png,0,25,148,False,False
hazelnut,1,test\good\029.png,0,107,170,False,False
hazelnut,1,test\good\030.png,0,37,154,False,False
hazelnut,1,test\good\031.png,0,27,91,False,False
hazelnut,1,test\good\032.png,0,34,246,True,False
hazelnut,1,test\good\033.png,0,30,109,False,False
hazelnut,1,test\good\034.png,0,30,9,True,False
hazelnut,1,test\good\035.png,0,199,166,False,False
hazelnut,1,test\good\036.png,0,21,237,False,False
hazelnut,1,test\good\037.png,0,9,252,True,False
hazelnut,1,test\good\038.png,0,198,202,False,False
hazelnut,1,test\good\039.png,0,165,229,False,False
hazelnut,1,test\hole\000.png,1,101,139,False,True
hazelnut,1,test\hole\001.png,1,138,130,False,True
hazelnut,1,test\hole\002.png,1,146,150,False,True
hazelnut,1,test\hole\003.png,1,225,181,False,False
hazelnut,1,test\hole\004.png,1,101,139,False,True
hazelnut,1,test\hole\005.png,1,141,106,False,True
hazelnut,1,test\hole\006.png,1,137,97,False,True
hazelnut,1,test\hole\007.png,1,119,130,False,True
hazelnut,1,test\hole\008.png,1,83,67,False,False
hazelnut,1,test\hole\009.png,1,114,156,False,True
hazelnut,1,test\hole\010.png,1,99,124,False,True
hazelnut,1,test\hole\011.png,1,125,163,False,True
hazelnut,1,test\hole\012.png,1,108,140,False,True
hazelnut,1,test\hole\013.png,1,100,140,False,True
hazelnut,1,test\hole\014.png,1,116,179,False,True
hazelnut,1,test\hole\015.png,1,110,117,False,True
hazelnut,1,test\hole\016.png,1,149,46,False,False
hazelnut,1,test\hole\017.png,1,108,108,False,True
hazelnut,1,test\print\000.png,1,129,162,False,True
hazelnut,1,test\print\001.png,1,77,107,False,True
hazelnut,1,test\print\002.png,1,140,126,False,True
hazelnut,1,test\print\003.png,1,147,198,False,True
hazelnut,1,test\print\004.png,1,133,93,False,True
hazelnut,1,test\print\005.png,1,68,99,False,True
hazelnut,1,test\print\006.png,1,170,108,False,True
hazelnut,1,test\print\007.png,1,139,117,False,True
hazelnut,1,test\print\008.png,1,107,147,False,False
hazelnut,1,test\print\009.png,1,140,195,False,True
hazelnut,1,test\print\010.png,1,118,157,False,True
hazelnut,1,test\print\011.png,1,98,110,False,True
hazelnut,1,test\print\012.png,1,81,155,False,False
hazelnut,1,test\print\013.png,1,131,196,False,True
hazelnut,1,test\print\014.png,1,102,107,False,True
hazelnut,1,test\print\015.png,1,98,67,False,True
hazelnut,1,test\print\016.png,1,106,131,False,True
hazelnut,2,test\crack\000.png,1,84,169,False,True
hazelnut,2,test\crack\001.png,1,161,165,False,True
hazelnut,2,test\crack\002.png,1,254,154,True,False
hazelnut,2,test\crack\003.png,1,10,187,True,False
hazelnut,2,test\crack\004.png,1,177,181,False,True
hazelnut,2,test\crack\005.png,1,181,221,False,False
hazelnut,2,test\crack\006.png,1,162,214,False,True
hazelnut,2,test\crack\007.png,1,97,117,False,True
hazelnut,2,test\crack\008.png,1,92,41,False,False
hazelnut,2,test\crack\009.png,1,62,137,False,True
hazelnut,2,test\crack\010.png,1,34,125,False,False
hazelnut,2,test\crack\011.png,1,233,89,False,False
hazelnut,2,test\crack\012.png,1,129,17,False,False
hazelnut,2,test\crack\013.png,1,155,196,False,False
hazelnut,2,test\crack\014.png,1,70,227,False,False
hazelnut,2,test\crack\015.png,1,116,133,False,False
hazelnut,2,test\crack\016.png,1,102,196,False,True
hazelnut,2,test\crack\017.png,1,5,137,True,False
hazelnut,2,test\cut\000.png,1,3,139,True,False
hazelnut,2,test\cut\001.png,1,219,113,False,False
hazelnut,2,test\cut\002.png,1,34,183,False,False
hazelnut,2,test\cut\003.png,1,252,24,True,False
hazelnut,2,test\cut\004.png,1,196,53,False,False
hazelnut,2,test\cut\005.png,1,6,180,True,False
hazelnut,2,test\cut\006.png,1,118,118,False,True
hazelnut,2,test\cut\007.png,1,5,146,True,False
hazelnut,2,test\cut\008.png,1,11,157,True,False
hazelnut,2,test\cut\009.png,1,36,161,False,False
hazelnut,2,test\cut\010.png,1,35,142,False,False
hazelnut,2,test\cut\011.png,1,27,118,False,False
hazelnut,2,test\cut\012.png,1,5,150,True,False
hazelnut,2,test\cut\013.png,1,125,133,False,False
hazelnut,2,test\cut\014.png,1,23,203,False,False
hazelnut,2,test\cut\015.png,1,9,134,True,False
hazelnut,2,test\cut\016.png,1,134,98,False,True
hazelnut,2,test\good\000.png,0,0,163,True,False
hazelnut,2,test\good\001.png,0,5,154,True,False
hazelnut,2,test\good\002.png,0,0,171,True,False
hazelnut,2,test\good\003.png,0,12,163,True,False
hazelnut,2,test\good\004.png,0,11,161,True,False
hazelnut,2,test\good\005.png,0,14,172,True,False
hazelnut,2,test\good\006.png,0,122,122,False,False
hazelnut,2,test\good\007.png,0,11,153,True,False
hazelnut,2,test\good\008.png,0,24,196,False,False
hazelnut,2,test\good\009.png,0,242,116,True,False
hazelnut,2,test\good\010.png,0,5,150,True,False
hazelnut,2,test\good\011.png,0,5,121,True,False
hazelnut,2,test\good\012.png,0,27,157,False,False
hazelnut,2,test\good\013.png,0,3,147,True,False
hazelnut,2,test\good\014.png,0,245,87,True,False
hazelnut,2,test\good\015.png,0,17,142,False,False
hazelnut,2,test\good\016.png,0,42,78,False,False
hazelnut,2,test\good\017.png,0,3,77,True,False
hazelnut,2,test\good\018.png,0,9,150,True,False
hazelnut,2,test\good\019.png,0,18,131,False,False
hazelnut,2,test\good\020.png,0,0,248,True,False
hazelnut,2,test\good\021.png,0,3,67,True,False
hazelnut,2,test\good\022.png,0,5,130,True,False
hazelnut,2,test\good\023.png,0,6,139,True,False
hazelnut,2,test\good\024.png,0,43,187,False,False
hazelnut,2,test\good\025.png,0,180,44,False,False
hazelnut,2,test\good\026.png,0,35,139,False,False
hazelnut,2,test\good\027.png,0,91,235,False,False
hazelnut,2,test\good\028.png,0,182,212,False,False
hazelnut,2,test\good\029.png,0,90,110,False,False
hazelnut,2,test\good\030.png,0,30,152,False,False
hazelnut,2,test\good\031.png,0,213,122,False,False
hazelnut,2,test\good\032.png,0,36,246,True,False
hazelnut,2,test\good\033.png,0,28,85,False,False
hazelnut,2,test\good\034.png,0,29,3,True,False
hazelnut,2,test\good\035.png,0,44,234,False,False
hazelnut,2,test\good\036.png,0,156,164,False,False
hazelnut,2,test\good\037.png,0,10,246,True,False
hazelnut,2,test\good\038.png,0,67,211,False,False
hazelnut,2,test\good\039.png,0,150,227,False,False
hazelnut,2,test\hole\000.png,1,42,21,False,False
hazelnut,2,test\hole\001.png,1,19,5,True,False
hazelnut,2,test\hole\002.png,1,142,153,False,True
hazelnut,2,test\hole\003.png,1,145,118,False,True
hazelnut,2,test\hole\004.png,1,107,141,False,True
hazelnut,2,test\hole\005.png,1,137,110,False,True
hazelnut,2,test\hole\006.png,1,137,101,False,True
hazelnut,2,test\hole\007.png,1,119,133,False,True
hazelnut,2,test\hole\008.png,1,90,77,False,True
hazelnut,2,test\hole\009.png,1,115,158,False,True
hazelnut,2,test\hole\010.png,1,82,61,False,False
hazelnut,2,test\hole\011.png,1,129,165,False,True
hazelnut,2,test\hole\012.png,1,115,139,False,True
hazelnut,2,test\hole\013.png,1,100,147,False,True
hazelnut,2,test\hole\014.png,1,122,180,False,True
hazelnut,2,test\hole\015.png,1,117,118,False,True
hazelnut,2,test\hole\016.png,1,146,38,False,False
hazelnut,2,test\hole\017.png,1,113,108,False,True
hazelnut,2,test\print\000.png,1,106,177,False,True
hazelnut,2,test\print\001.png,1,84,131,False,True
hazelnut,2,test\print\002.png,1,142,139,False,False
hazelnut,2,test\print\003.png,1,205,77,False,False
hazelnut,2,test\print\004.png,1,67,84,False,True
hazelnut,2,test\print\005.png,1,163,37,False,False
hazelnut,2,test\print\006.png,1,153,108,False,True
hazelnut,2,test\print\007.png,1,145,122,False,True
hazelnut,2,test\print\008.png,1,108,140,False,True
hazelnut,2,test\print\009.png,1,132,188,False,True
hazelnut,2,test\print\010.png,1,121,158,False,True
hazelnut,2,test\print\011.png,1,93,108,False,True
hazelnut,2,test\print\012.png,1,78,156,False,False
hazelnut,2,test\print\013.png,1,122,188,False,True
hazelnut,2,test\print\014.png,1,98,105,False,True
hazelnut,2,test\print\015.png,1,88,226,False,False
hazelnut,2,test\print\016.png,1,115,82,False,True
leather,0,test\color\000.png,1,146,178,False,True
leather,0,test\color\001.png,1,117,169,False,False
leather,0,test\color\002.png,1,206,174,False,True
leather,0,test\color\003.png,1,70,134,False,True
leather,0,test\color\004.png,1,190,101,False,True
leather,0,test\color\005.png,1,129,210,False,True
leather,0,test\color\006.png,1,66,66,False,False
leather,0,test\color\007.png,1,77,149,False,True
leather,0,test\color\008.png,1,138,181,False,True
leather,0,test\color\009.png,1,178,122,False,True
leather,0,test\color\010.png,1,45,201,False,True
leather,0,test\color\011.png,1,174,81,False,True
leather,0,test\color\012.png,1,134,178,False,True
leather,0,test\color\013.png,1,189,138,False,True
leather,0,test\color\014.png,1,30,133,False,True
leather,0,test\color\015.png,1,137,98,False,True
leather,0,test\color\016.png,1,149,82,False,True
leather,0,test\color\017.png,1,117,170,False,True
leather,0,test\color\018.png,1,189,185,False,True
leather,0,test\cut\000.png,1,122,110,False,False
leather,0,test\cut\001.png,1,170,102,False,True
leather,0,test\cut\002.png,1,98,38,False,False
leather,0,test\cut\003.png,1,126,178,False,True
leather,0,test\cut\004.png,1,106,154,False,True
leather,0,test\cut\005.png,1,74,109,False,True
leather,0,test\cut\006.png,1,166,97,False,True
leather,0,test\cut\007.png,1,162,166,False,True
leather,0,test\cut\008.png,1,138,166,False,True
leather,0,test\cut\009.png,1,138,129,False,False
leather,0,test\cut\010.png,1,169,154,False,False
leather,0,test\cut\011.png,1,114,161,False,True
leather,0,test\cut\012.png,1,89,105,False,True
leather,0,test\cut\013.png,1,149,209,False,True
leather,0,test\cut\014.png,1,181,114,False,False
leather,0,test\cut\015.png,1,150,141,False,True
leather,0,test\cut\016.png,1,142,166,False,True
leather,0,test\cut\017.png,1,81,162,False,True
leather,0,test\cut\018.png,1,73,186,False,True
leather,0,test\fold\000.png,1,65,98,False,True
leather,0,test\fold\001.png,1,209,125,False,True
leather,0,test\fold\002.png,1,125,205,False,False
leather,0,test\fold\003.png,1,133,53,False,True
leather,0,test\fold\004.png,1,189,162,False,True
leather,0,test\fold\005.png,1,182,26,False,True
leather,0,test\fold\006.png,1,117,173,False,False
leather,0,test\fold\007.png,1,179,131,False,False
leather,0,test\fold\008.png,1,118,125,False,False
leather,0,test\fold\009.png,1,85,210,False,True
leather,0,test\fold\010.png,1,197,238,False,True
leather,0,test\fold\011.png,1,62,102,False,True
leather,0,test\fold\012.png,1,138,186,False,True
leather,0,test\fold\013.png,1,14,142,True,True
leather,0,test\fold\014.png,1,153,126,False,False
leather,0,test\fold\015.png,1,165,153,False,True
leather,0,test\fold\016.png,1,69,218,False,True
leather,0,test\glue\000.png,1,90,162,False,True
leather,0,test\glue\001.png,1,146,62,False,True
leather,0,test\glue\002.png,1,145,158,False,True
leather,0,test\glue\003.png,1,69,186,False,True
leather,0,test\glue\004.png,1,162,86,False,False
leather,0,test\glue\005.png,1,170,78,False,True
leather,0,test\glue\006.png,1,142,145,False,False
leather,0,test\glue\007.png,1,57,106,False,False
leather,0,test\glue\008.png,1,45,150,False,True
leather,0,test\glue\009.png,1,121,34,False,False
leather,0,test\glue\010.png,1,129,38,False,True
leather,0,test\glue\011.png,1,65,149,False,True
leather,0,test\glue\012.png,1,102,102,False,True
leather,0,test\glue\013.png,1,178,42,False,True
leather,0,test\glue\014.png,1,38,70,False,False
leather,0,test\glue\015.png,1,110,78,False,False
leather,0,test\glue\016.png,1,254,0,True,False
leather,0,test\glue\017.png,1,141,209,False,True
leather,0,test\glue\018.png,1,45,198,False,True
leather,0,test\good\000.png,0,254,25,True,False
leather,0,test\good\001.png,0,186,53,False,False
leather,0,test\good\002.png,0,0,0,True,False
leather,0,test\good\003.png,0,0,93,True,False
leather,0,test\good\004.png,0,254,0,True,False
leather,0,test\good\005.png,0,19,250,True,False
leather,0,test\good\006.png,0,51,251,True,False
leather,0,test\good\007.png,0,81,29,False,False
leather,0,test\good\008.png,0,0,85,True,False
leather,0,test\good\009.png,0,6,6,True,False
leather,0,test\good\010.png,0,237,254,True,False
leather,0,test\good\011.png,0,0,137,True,False
leather,0,test\good\012.png,0,188,19,False,False
leather,0,test\good\013.png,0,0,0,True,False
leather,0,test\good\014.png,0,248,6,True,False
leather,0,test\good\015.png,0,0,25,True,False
leather,0,test\good\016.png,0,254,38,True,False
leather,0,test\good\017.png,0,0,41,True,False
leather,0,test\good\018.png,0,141,202,False,False
leather,0,test\good\019.png,0,12,20,True,False
leather,0,test\good\020.png,0,249,5,True,False
leather,0,test\good\021.png,0,0,10,True,False
leather,0,test\good\022.png,0,254,54,True,False
leather,0,test\good\023.png,0,164,3,True,False
leather,0,test\good\024.png,0,133,21,False,False
leather,0,test\good\025.png,0,140,38,False,False
leather,0,test\good\026.png,0,148,180,False,False
leather,0,test\good\027.png,0,252,86,True,False
leather,0,test\good\028.png,0,51,228,False,False
leather,0,test\good\029.png,0,251,97,True,False
leather,0,test\good\030.png,0,131,178,False,False
leather,0,test\good\031.png,0,178,90,False,False
leather,0,test\poke\000.png,1,182,45,False,False
leather,0,test\poke\001.png,1,77,138,False,True
leather,0,test\poke\002.png,1,189,57,False,True
leather,0,test\poke\003.png,1,89,110,False,True
leather,0,test\poke\004.png,1,126,225,False,True
leather,0,test\poke\005.png,1,118,82,False,False
leather,0,test\poke\006.png,1,222,73,False,True
leather,0,test\poke\007.png,1,134,106,False,True
leather,0,test\poke\008.png,1,173,202,False,True
leather,0,test\poke\009.png,1,165,149,False,True
leather,0,test\poke\010.png,1,66,174,False,True
leather,0,test\poke\011.png,1,58,109,False,True
leather,0,test\poke\012.png,1,125,82,False,True
leather,0,test\poke\013.png,1,73,138,False,True
leather,0,test\poke\014.png,1,185,62,False,True
leather,0,test\poke\015.png,1,122,150,False,True
leather,0,test\poke\016.png,1,90,82,False,False
leather,0,test\poke\017.png,1,170,213,False,False
leather,1,test\color\000.png,1,134,178,False,True
leather,1,test\color\001.png,1,106,178,False,True
leather,1,test\color\002.png,1,206,174,False,True
leather,1,test\color\003.png,1,65,142,False,False
leather,1,test\color\004.png,1,182,113,False,True
leather,1,test\color\005.png,1,130,214,False,False
leather,1,test\color\006.png,1,69,70,False,True
leather,1,test\color\007.png,1,74,154,False,True
leather,1,test\color\008.png,1,133,198,False,True
leather,1,test\color\009.png,1,190,141,False,True
leather,1,test\color\010.png,1,46,209,False,True
leather,1,test\color\011.png,1,178,81,False,True
leather,1,test\color\012.png,1,138,181,False,False
leather,1,test\color\013.png,1,186,126,False,True
leather,1,test\color\014.png,1,33,134,False,True
leather,1,test\color\015.png,1,125,106,False,False
leather,1,test\color\016.png,1,149,81,False,True
leather,1,test\color\017.png,1,121,165,False,True
leather,1,test\color\018.png,1,189,186,False,False
leather,1,test\cut\000.png,1,114,114,False,False
leather,1,test\cut\001.png,1,169,102,False,True
leather,1,test\cut\002.png,1,97,41,False,True
leather,1,test\cut\003.png,1,126,178,False,True
leather,1,test\cut\004.png,1,101,157,False,True
leather,1,test\cut\005.png,1,78,106,False,True
leather,1,test\cut\006.png,1,165,94,False,True
leather,1,test\cut\007.png,1,158,166,False,True
leather,1,test\cut\008.png,1,134,162,False,True
leather,1,test\cut\009.png,1,150,106,False,False
leather,1,test\cut\010.png,1,165,154,False,False
leather,1,test\cut\011.png,1,113,150,False,False
leather,1,test\cut\012.png,1,90,105,False,True
leather,1,test\cut\013.png,1,146,206,False,True
leather,1,test\cut\014.png,1,178,121,False,False
leather,1,test\cut\015.png,1,153,146,False,False
leather,1,test\cut\016.png,1,142,162,False,True
leather,1,test\cut\017.png,1,98,174,False,True
leather,1,test\cut\018.png,1,66,186,False,False
leather,1,test\fold\000.png,1,58,106,False,True
leather,1,test\fold\001.png,1,201,141,False,True
leather,1,test\fold\002.png,1,125,209,False,False
leather,1,test\fold\003.png,1,141,41,False,True
leather,1,test\fold\004.png,1,182,161,False,True
leather,1,test\fold\005.png,1,177,29,False,True
leather,1,test\fold\006.png,1,133,182,False,True
leather,1,test\fold\007.png,1,177,126,False,True
leather,1,test\fold\008.png,1,122,129,False,True
leather,1,test\fold\009.png,1,78,210,False,True
leather,1,test\fold\010.png,1,201,242,True,True
leather,1,test\fold\011.png,1,69,102,False,True
leather,1,test\fold\012.png,1,137,185,False,True
leather,1,test\fold\013.png,1,14,141,True,True
leather,1,test\fold\014.png,1,141,173,False,True
leather,1,test\fold\015.png,1,157,178,False,True
leather,1,test\fold\016.png,1,62,214,False,True
leather,1,test\glue\000.png,1,86,158,False,False
leather,1,test\glue\001.png,1,126,69,False,False
leather,1,test\glue\002.png,1,146,149,False,True
leather,1,test\glue\003.png,1,69,190,False,True
leather,1,test\glue\004.png,1,162,86,False,False
leather,1,test\glue\005.png,1,165,78,False,False
leather,1,test\glue\006.png,1,133,149,False,True
leather,1,test\glue\007.png,1,214,186,False,False
leather,1,test\glue\008.png,1,38,142,False,False
leather,1,test\glue\009.png,1,125,41,False,True
leather,1,test\glue\010.png,1,125,45,False,True
leather,1,test\glue\011.png,1,58,149,False,True
leather,1,test\glue\012.png,1,101,94,False,True
leather,1,test\glue\013.png,1,170,34,False,False
leather,1,test\glue\014.png,1,38,66,False,False
leather,1,test\glue\015.png,1,102,75,False,False
leather,1,test\glue\016.png,1,169,205,False,True
leather,1,test\glue\017.png,1,126,202,False,False
leather,1,test\glue\018.png,1,38,198,False,False
leather,1,test\good\000.png,0,254,4,True,False
leather,1,test\good\001.png,0,148,202,False,False
leather,1,test\good\002.png,0,0,0,True,False
leather,1,test\good\003.png,0,0,0,True,False
leather,1,test\good\004.png,0,0,218,True,False
leather,1,test\good\005.png,0,28,148,False,False
leather,1,test\good\006.png,0,132,20,False,False
leather,1,test\good\007.png,0,23,11,True,False
leather,1,test\good\008.png,0,70,6,True,False
leather,1,test\good\009.png,0,20,20,False,False
leather,1,test\good\010.png,0,133,5,True,False
leather,1,test\good\011.png,0,92,180,False,False
leather,1,test\good\012.png,0,157,5,True,False
leather,1,test\good\013.png,0,29,57,False,False
leather,1,test\good\014.png,0,18,249,True,False
leather,1,test\good\015.png,0,235,11,True,False
leather,1,test\good\016.png,0,212,163,False,False
leather,1,test\good\017.png,0,67,11,True,False
leather,1,test\good\018.png,0,100,11,True,False
leather,1,test\good\019.png,0,27,20,False,False
leather,1,test\good\020.png,0,196,92,False,False
leather,1,test\good\021.png,0,36,68,False,False
leather,1,test\good\022.png,0,68,108,False,False
leather,1,test\good\023.png,0,172,5,True,False
leather,1,test\good\024.png,0,140,10,True,False
leather,1,test\good\025.png,0,135,38,False,False
leather,1,test\good\026.png,0,153,180,False,False
leather,1,test\good\027.png,0,165,10,True,False
leather,1,test\good\028.png,0,0,246,True,False
leather,1,test\good\029.png,0,254,138,True,False
leather,1,test\good\030.png,0,125,179,False,False
leather,1,test\good\031.png,0,220,227,False,False
leather,1,test\poke\000.png,1,181,49,False,False
leather,1,test\poke\001.png,1,82,146,False,True
leather,1,test\poke\002.png,1,186,58,False,True
leather,1,test\poke\003.png,1,90,110,False,True
leather,1,test\poke\004.png,1,122,218,False,True
leather,1,test\poke\005.png,1,110,82,False,False
leather,1,test\poke\006.png,1,218,70,False,False
leather,1,test\poke\007.png,1,137,102,False,False
leather,1,test\poke\008.png,1,173,205,False,True
leather,1,test\poke\009.png,1,165,154,False,True
leather,1,test\poke\010.png,1,66,174,False,True
leather,1,test\poke\011.png,1,58,109,False,True
leather,1,test\poke\012.png,1,125,85,False,True
leather,1,test\poke\013.png,1,65,141,False,True
leather,1,test\poke\014.png,1,181,62,False,True
leather,1,test\poke\015.png,1,118,153,False,False
leather,1,test\poke\016.png,1,90,82,False,False
leather,1,test\poke\017.png,1,169,209,False,False
leather,2,test\color\000.png,1,134,174,False,False
leather,2,test\color\001.png,1,113,158,False,False
leather,2,test\color\002.png,1,202,162,False,False
leather,2,test\color\003.png,1,69,129,False,True
leather,2,test\color\004.png,1,181,90,False,True
leather,2,test\color\005.png,1,129,194,False,False
leather,2,test\color\006.png,1,62,58,False,False
leather,2,test\color\007.png,1,72,145,False,False
leather,2,test\color\008.png,1,130,174,False,True
leather,2,test\color\009.png,1,189,141,False,True
leather,2,test\color\010.png,1,38,190,False,False
leather,2,test\color\011.png,1,161,70,False,False
leather,2,test\color\012.png,1,133,174,False,True
leather,2,test\color\013.png,1,186,125,False,True
leather,2,test\color\014.png,1,26,118,False,False
leather,2,test\color\015.png,1,122,86,False,False
leather,2,test\color\016.png,1,142,72,False,False
leather,2,test\color\017.png,1,110,162,False,False
leather,2,test\color\018.png,1,182,170,False,False
leather,2,test\cut\000.png,1,110,118,False,False
leather,2,test\cut\001.png,1,169,102,False,True
leather,2,test\cut\002.png,1,77,42,False,False
leather,2,test\cut\003.png,1,110,174,False,False
leather,2,test\cut\004.png,1,82,154,False,False
leather,2,test\cut\005.png,1,74,109,False,True
leather,2,test\cut\006.png,1,153,85,False,False
leather,2,test\cut\007.png,1,156,169,False,True
leather,2,test\cut\008.png,1,130,158,False,False
leather,2,test\cut\009.png,1,137,117,False,True
leather,2,test\cut\010.png,1,165,157,False,False
leather,2,test\cut\011.png,1,110,154,False,False
leather,2,test\cut\012.png,1,89,102,False,True
leather,2,test\cut\013.png,1,149,209,False,True
leather,2,test\cut\014.png,1,181,118,False,True
leather,2,test\cut\015.png,1,149,142,False,True
leather,2,test\cut\016.png,1,146,162,False,True
leather,2,test\cut\017.png,1,98,170,False,True
leather,2,test\cut\018.png,1,62,202,False,False
leather,2,test\fold\000.png,1,62,109,False,True
leather,2,test\fold\001.png,1,197,145,False,True
leather,2,test\fold\002.png,1,118,194,False,True
leather,2,test\fold\003.png,1,145,37,False,True
leather,2,test\fold\004.png,1,178,154,False,False
leather,2,test\fold\005.png,1,178,22,False,True
leather,2,test\fold\006.png,1,113,182,False,True
leather,2,test\fold\007.png,1,177,131,False,False
leather,2,test\fold\008.png,1,130,125,False,False
leather,2,test\fold\009.png,1,82,213,False,True
leather,2,test\fold\010.png,1,181,173,False,True
leather,2,test\fold\011.png,1,62,102,False,True
leather,2,test\fold\012.png,1,137,182,False,True
leather,2,test\fold\013.png,1,13,133,True,True
leather,2,test\fold\014.png,1,149,129,False,True
leather,2,test\fold\015.png,1,161,178,False,True
leather,2,test\fold\016.png,1,58,214,False,True
leather,2,test\glue\000.png,1,86,154,False,False
leather,2,test\glue\001.png,1,129,53,False,True
leather,2,test\glue\002.png,1,138,162,False,False
leather,2,test\glue\003.png,1,58,181,False,True
leather,2,test\glue\004.png,1,162,77,False,False
leather,2,test\glue\005.png,1,162,74,False,False
leather,2,test\glue\006.png,1,126,146,False,False
leather,2,test\glue\007.png,1,46,107,False,False
leather,2,test\glue\008.png,1,34,142,False,False
leather,2,test\glue\009.png,1,118,38,False,True
leather,2,test\glue\010.png,1,126,38,False,True
leather,2,test\glue\011.png,1,58,134,False,False
leather,2,test\glue\012.png,1,98,97,False,True
leather,2,test\glue\013.png,1,166,42,False,False
leather,2,test\glue\014.png,1,34,66,False,False
leather,2,test\glue\015.png,1,101,82,False,False
leather,2,test\glue\016.png,1,169,226,False,True
leather,2,test\glue\017.png,1,106,158,False,False
leather,2,test\glue\018.png,1,34,178,False,False
leather,2,test\good\000.png,0,0,42,True,False
leather,2,test\good\001.png,0,134,220,False,False
leather,2,test\good\002.png,0,25,109,False,False
leather,2,test\good\003.png,0,248,76,True,False
leather,2,test\good\004.png,0,0,44,True,False
leather,2,test\good\005.png,0,0,82,True,False
leather,2,test\good\006.png,0,156,20,False,False
leather,2,test\good\007.png,0,54,6,True,False
leather,2,test\good\008.png,0,71,5,True,False
leather,2,test\good\009.png,0,251,76,True,False
leather,2,test\good\010.png,0,4,200,True,False
leather,2,test\good\011.png,0,109,196,False,False
leather,2,test\good\012.png,0,59,92,False,False
leather,2,test\good\013.png,0,76,171,False,False
leather,2,test\good\014.png,0,9,6,True,False
leather,2,test\good\015.png,0,0,24,True,False
leather,2,test\good\016.png,0,11,132,True,False
leather,2,test\good\017.png,0,35,122,False,False
leather,2,test\good\018.png,0,140,203,False,False
leather,2,test\good\019.png,0,249,24,True,False
leather,2,test\good\020.png,0,187,117,False,False
leather,2,test\good\021.png,0,0,66,True,False
leather,2,test\good\022.png,0,123,35,False,False
leather,2,test\good\023.png,0,171,12,True,False
leather,2,test\good\024.png,0,77,116,False,False
leather,2,test\good\025.png,0,166,217,False,False
leather,2,test\good\026.png,0,252,20,True,False
leather,2,test\good\027.png,0,203,43,False,False
leather,2,test\good\028.png,0,228,188,False,False
leather,2,test\good\029.png,0,248,231,True,False
leather,2,test\good\030.png,0,129,181,False,False
leather,2,test\good\031.png,0,0,50,True,False
leather,2,test\poke\000.png,1,181,46,False,True
leather,2,test\poke\001.png,1,74,141,False,True
leather,2,test\poke\002.png,1,189,57,False,True
leather,2,test\poke\003.png,1,86,113,False,True
leather,2,test\poke\004.png,1,122,226,False,True
leather,2,test\poke\005.png,1,110,78,False,False
leather,2,test\poke\006.png,1,214,74,False,False
leather,2,test\poke\007.png,1,133,109,False,True
leather,2,test\poke\008.png,1,166,198,False,False
leather,2,test\poke\009.png,1,165,146,False,True
leather,2,test\poke\010.png,1,65,173,False,True
leather,2,test\poke\011.png,1,54,102,False,True
leather,2,test\poke\012.png,1,118,82,False,False
leather,2,test\poke\013.png,1,65,141,False,True
leather,2,test\poke\014.png,1,178,62,False,True
leather,2,test\poke\015.png,1,110,150,False,False
leather,2,test\poke\016.png,1,78,82,False,False
leather,2,test\poke\017.png,1,166,202,False,False
metal_nut,0,test\bent\000.png,1,70,230,False,True
metal_nut,0,test\bent\001.png,1,228,246,True,False
metal_nut,0,test\bent\002.png,1,19,243,True,False
metal_nut,0,test\bent\003.png,1,196,0,True,False
metal_nut,0,test\bent\004.png,1,42,194,False,False
metal_nut,0,test\bent\005.png,1,35,228,False,False
metal_nut,0,test\bent\006.png,1,60,68,False,False
metal_nut,0,test\bent\007.png,1,148,0,True,False
metal_nut,0,test\bent\008.png,1,28,187,False,True
metal_nut,0,test\bent\009.png,1,171,243,True,True
metal_nut,0,test\bent\010.png,1,90,227,False,True
metal_nut,0,test\bent\011.png,1,0,156,True,True
metal_nut,0,test\bent\012.png,1,148,228,False,True
metal_nut,0,test\bent\013.png,1,41,49,False,True
metal_nut,0,test\bent\014.png,1,124,187,False,False
metal_nut,0,test\bent\015.png,1,26,82,False,True
metal_nut,0,test\bent\016.png,1,237,212,False,False
metal_nut,0,test\bent\017.png,1,101,126,False,False
metal_nut,0,test\bent\018.png,1,28,69,False,True
metal_nut,0,test\bent\019.png,1,106,244,True,False
metal_nut,0,test\bent\020.png,1,67,155,False,False
metal_nut,0,test\bent\021.png,1,222,220,False,False
metal_nut,0,test\bent\022.png,1,154,117,False,False
metal_nut,0,test\bent\023.png,1,25,75,False,True
metal_nut,0,test\bent\024.png,1,140,237,False,True
metal_nut,0,test\color\000.png,1,69,155,False,True
metal_nut,0,test\color\001.png,1,82,221,False,False
metal_nut,0,test\color\002.png,1,123,12,True,False
metal_nut,0,test\color\003.png,1,204,211,False,False
metal_nut,0,test\color\004.png,1,108,92,False,True
metal_nut,0,test\color\005.png,1,166,117,False,False
metal_nut,0,test\color\006.png,1,99,58,False,True
metal_nut,0,test\color\007.png,1,98,194,False,True
metal_nut,0,test\color\008.png,1,12,227,True,False
metal_nut,0,test\color\009.png,1,108,92,False,False
metal_nut,0,test\color\010.png,1,26,195,False,False
metal_nut,0,test\color\011.png,1,98,154,False,False
metal_nut,0,test\color\012.png,1,75,218,False,True
metal_nut,0,test\color\013.png,1,157,148,False,False
metal_nut,0,test\color\014.png,1,110,230,False,False
metal_nut,0,test\color\015.png,1,105,148,False,False
metal_nut,0,test\color\016.png,1,28,212,False,False
metal_nut,0,test\color\017.png,1,82,85,False,False
metal_nut,0,test\color\018.png,1,100,99,False,True
metal_nut,0,test\color\019.png,1,243,166,True,False
metal_nut,0,test\color\020.png,1,99,108,False,True
metal_nut,0,test\color\021.png,1,94,67,False,True
metal_nut,0,test\flip\000.png,1,131,83,False,True
metal_nut,0,test\flip\001.png,1,108,91,False,True
metal_nut,0,test\flip\002.png,1,173,133,False,True
metal_nut,0,test\flip\003.png,1,108,91,False,True
metal_nut,0,test\flip\004.png,1,171,134,False,True
metal_nut,0,test\flip\005.png,1,108,91,False,True
metal_nut,0,test\flip\006.png,1,140,173,False,True
metal_nut,0,test\flip\007.png,1,170,132,False,True
metal_nut,0,test\flip\008.png,1,100,92,False,True
metal_nut,0,test\flip\009.png,1,178,125,False,True
metal_nut,0,test\flip\010.png,1,116,164,False,True
metal_nut,0,test\flip\011.png,1,108,92,False,True
metal_nut,0,test\flip\012.png,1,107,91,False,True
metal_nut,0,test\flip\013.png,1,173,131,False,True
metal_nut,0,test\flip\014.png,1,107,91,False,True
metal_nut,0,test\flip\015.png,1,100,92,False,True
metal_nut,0,test\flip\016.png,1,172,139,False,True
metal_nut,0,test\flip\017.png,1,170,141,False,True
metal_nut,0,test\flip\018.png,1,100,92,False,True
metal_nut,0,test\flip\019.png,1,108,92,False,True
metal_nut,0,test\flip\020.png,1,108,92,False,True
metal_nut,0,test\flip\021.png,1,108,89,False,True
metal_nut,0,test\flip\022.png,1,169,115,False,True
metal_nut,0,test\good\000.png,0,139,170,False,False
metal_nut,0,test\good\001.png,0,205,61,False,False
metal_nut,0,test\good\002.png,0,99,3,True,False
metal_nut,0,test\good\003.png,0,234,254,True,False
metal_nut,0,test\good\004.png,0,250,227,True,False
metal_nut,0,test\good\005.png,0,129,90,False,False
metal_nut,0,test\good\006.png,0,12,51,True,False
metal_nut,0,test\good\007.png,0,11,196,True,False
metal_nut,0,test\good\008.png,0,52,22,False,False
metal_nut,0,test\good\009.png,0,187,132,False,False
metal_nut,0,test\good\010.png,0,99,204,False,False
metal_nut,0,test\good\011.png,0,161,121,False,False
metal_nut,0,test\good\012.png,0,147,43,False,False
metal_nut,0,test\good\013.png,0,154,154,False,False
metal_nut,0,test\good\014.png,0,133,21,False,False
metal_nut,0,test\good\015.png,0,245,41,True,False
metal_nut,0,test\good\016.png,0,123,166,False,False
metal_nut,0,test\good\017.png,0,228,203,False,False
metal_nut,0,test\good\018.png,0,154,114,False,False
metal_nut,0,test\good\019.png,0,242,180,True,False
metal_nut,0,test\good\020.png,0,244,38,True,False
metal_nut,0,test\good\021.png,0,214,74,False,False
metal_nut,0,test\scratch\000.png,1,180,139,False,True
metal_nut,0,test\scratch\001.png,1,130,170,False,True
metal_nut,0,test\scratch\002.png,1,121,170,False,True
metal_nut,0,test\scratch\003.png,1,148,84,False,False
metal_nut,0,test\scratch\004.png,1,73,17,False,False
metal_nut,0,test\scratch\005.png,1,62,210,False,True
metal_nut,0,test\scratch\006.png,1,91,107,False,False
metal_nut,0,test\scratch\007.png,1,170,114,False,True
metal_nut,0,test\scratch\008.png,1,105,162,False,True
metal_nut,0,test\scratch\009.png,1,81,220,False,True
metal_nut,0,test\scratch\010.png,1,108,155,False,False
metal_nut,0,test\scratch\011.png,1,234,35,False,False
metal_nut,0,test\scratch\012.png,1,154,161,False,True
metal_nut,0,test\scratch\013.png,1,166,133,False,True
metal_nut,0,test\scratch\014.png,1,117,90,False,False
metal_nut,0,test\scratch\015.png,1,114,85,False,True
metal_nut,0,test\scratch\016.png,1,110,90,False,True
metal_nut,0,test\scratch\017.png,1,163,155,False,True
metal_nut,0,test\scratch\018.png,1,149,89,False,True
metal_nut,0,test\scratch\019.png,1,29,189,False,False
metal_nut,0,test\scratch\020.png,1,170,114,False,True
metal_nut,0,test\scratch\021.png,1,150,90,False,True
metal_nut,0,test\scratch\022.png,1,165,134,False,True
metal_nut,1,test\bent\000.png,1,81,228,False,True
metal_nut,1,test\bent\001.png,1,74,174,False,False
metal_nut,1,test\bent\002.png,1,150,29,False,True
metal_nut,1,test\bent\003.png,1,190,0,True,False
metal_nut,1,test\bent\004.png,1,42,194,False,False
metal_nut,1,test\bent\005.png,1,162,13,True,False
metal_nut,1,test\bent\006.png,1,157,22,False,True
metal_nut,1,test\bent\007.png,1,147,5,True,False
metal_nut,1,test\bent\008.png,1,28,180,False,True
metal_nut,1,test\bent\009.png,1,163,252,True,False
metal_nut,1,test\bent\010.png,1,98,193,False,True
metal_nut,1,test\bent\011.png,1,0,164,True,True
metal_nut,1,test\bent\012.png,1,133,238,False,False
metal_nut,1,test\bent\013.png,1,55,39,False,True
metal_nut,1,test\bent\014.png,1,30,182,False,False
metal_nut,1,test\bent\015.png,1,58,82,False,False
metal_nut,1,test\bent\016.png,1,169,234,False,False
metal_nut,1,test\bent\017.png,1,166,189,False,True
metal_nut,1,test\bent\018.png,1,46,58,False,True
metal_nut,1,test\bent\019.png,1,147,252,True,False
metal_nut,1,test\bent\020.png,1,131,198,False,False
metal_nut,1,test\bent\021.png,1,222,54,False,False
metal_nut,1,test\bent\022.png,1,157,115,False,False
metal_nut,1,test\bent\023.png,1,12,84,True,False
metal_nut,1,test\bent\024.png,1,139,242,True,True
metal_nut,1,test\color\000.png,1,74,154,False,True
metal_nut,1,test\color\001.png,1,105,197,False,False
metal_nut,1,test\color\002.png,1,120,13,True,False
metal_nut,1,test\color\003.png,1,214,195,False,True
metal_nut,1,test\color\004.png,1,107,97,False,False
metal_nut,1,test\color\005.png,1,173,114,False,True
metal_nut,1,test\color\006.png,1,98,62,False,True
metal_nut,1,test\color\007.png,1,90,182,False,True
metal_nut,1,test\color\008.png,1,12,237,True,False
metal_nut,1,test\color\009.png,1,105,100,False,False
metal_nut,1,test\color\010.png,1,168,188,False,True
metal_nut,1,test\color\011.png,1,94,155,False,True
metal_nut,1,test\color\012.png,1,87,252,True,False
metal_nut,1,test\color\013.png,1,170,164,False,True
metal_nut,1,test\color\014.png,1,105,230,False,True
metal_nut,1,test\color\015.png,1,108,100,False,False
metal_nut,1,test\color\016.png,1,38,220,False,False
metal_nut,1,test\color\017.png,1,197,133,False,True
metal_nut,1,test\color\018.png,1,123,83,False,True
metal_nut,1,test\color\019.png,1,110,196,False,True
metal_nut,1,test\color\020.png,1,107,108,False,False
metal_nut,1,test\color\021.png,1,91,124,False,False
metal_nut,1,test\flip\000.png,1,124,84,False,True
metal_nut,1,test\flip\001.png,1,155,156,False,True
metal_nut,1,test\flip\002.png,1,161,157,False,True
metal_nut,1,test\flip\003.png,1,140,164,False,True
metal_nut,1,test\flip\004.png,1,156,150,False,True
metal_nut,1,test\flip\005.png,1,123,91,False,True
metal_nut,1,test\flip\006.png,1,156,158,False,True
metal_nut,1,test\flip\007.png,1,156,156,False,True
metal_nut,1,test\flip\008.png,1,148,92,False,True
metal_nut,1,test\flip\009.png,1,150,157,False,True
metal_nut,1,test\flip\010.png,1,151,161,False,True
metal_nut,1,test\flip\011.png,1,156,156,False,True
metal_nut,1,test\flip\012.png,1,157,151,False,True
metal_nut,1,test\flip\013.png,1,161,152,False,True
metal_nut,1,test\flip\014.png,1,108,97,False,True
metal_nut,1,test\flip\015.png,1,107,99,False,True
metal_nut,1,test\flip\016.png,1,124,92,False,True
metal_nut,1,test\flip\017.png,1,115,89,False,True
metal_nut,1,test\flip\018.png,1,161,152,False,True
metal_nut,1,test\flip\019.png,1,161,148,False,True
metal_nut,1,test\flip\020.png,1,156,156,False,True
metal_nut,1,test\flip\021.png,1,108,92,False,True
metal_nut,1,test\flip\022.png,1,157,154,False,True
metal_nut,1,test\good\000.png,0,141,169,False,False
metal_nut,1,test\good\001.png,0,157,154,False,False
metal_nut,1,test\good\002.png,0,100,0,True,False
metal_nut,1,test\good\003.png,0,62,29,False,False
metal_nut,1,test\good\004.png,0,11,22,True,False
metal_nut,1,test\good\005.png,0,118,46,False,False
metal_nut,1,test\good\006.png,0,6,50,True,False
metal_nut,1,test\good\007.png,0,6,197,True,False
metal_nut,1,test\good\008.png,0,57,42,False,False
metal_nut,1,test\good\009.png,0,65,98,False,False
metal_nut,1,test\good\010.png,0,21,122,False,False
metal_nut,1,test\good\011.png,0,167,11,True,False
metal_nut,1,test\good\012.png,0,131,228,False,False
metal_nut,1,test\good\013.png,0,165,142,False,False
metal_nut,1,test\good\014.png,0,17,234,False,False
metal_nut,1,test\good\015.png,0,21,124,False,False
metal_nut,1,test\good\016.png,0,169,136,False,False
metal_nut,1,test\good\017.png,0,227,202,False,False
metal_nut,1,test\good\018.png,0,19,155,False,False
metal_nut,1,test\good\019.png,0,219,20,False,False
metal_nut,1,test\good\020.png,0,249,40,True,False
metal_nut,1,test\good\021.png,0,25,170,False,False
metal_nut,1,test\scratch\000.png,1,155,165,False,True
metal_nut,1,test\scratch\001.png,1,158,154,False,True
metal_nut,1,test\scratch\002.png,1,82,115,False,True
metal_nut,1,test\scratch\003.png,1,74,108,False,True
metal_nut,1,test\scratch\004.png,1,68,92,False,False
metal_nut,1,test\scratch\005.png,1,70,162,False,True
metal_nut,1,test\scratch\006.png,1,100,99,False,False
metal_nut,1,test\scratch\007.png,1,166,106,False,True
metal_nut,1,test\scratch\008.png,1,109,194,False,True
metal_nut,1,test\scratch\009.png,1,85,74,False,True
metal_nut,1,test\scratch\010.png,1,100,134,False,False
metal_nut,1,test\scratch\011.png,1,174,113,False,True
metal_nut,1,test\scratch\012.png,1,153,164,False,True
metal_nut,1,test\scratch\013.png,1,172,134,False,True
metal_nut,1,test\scratch\014.png,1,145,86,False,False
metal_nut,1,test\scratch\015.png,1,121,98,False,False
metal_nut,1,test\scratch\016.png,1,101,193,False,True
metal_nut,1,test\scratch\017.png,1,164,156,False,True
metal_nut,1,test\scratch\018.png,1,91,123,False,False
metal_nut,1,test\scratch\019.png,1,85,170,False,True
metal_nut,1,test\scratch\020.png,1,171,108,False,True
metal_nut,1,test\scratch\021.png,1,150,92,False,True
metal_nut,1,test\scratch\022.png,1,173,141,False,True
metal_nut,2,test\bent\000.png,1,66,234,False,False
metal_nut,2,test\bent\001.png,1,214,197,False,True
metal_nut,2,test\bent\002.png,1,6,164,True,False
metal_nut,2,test\bent\003.png,1,193,3,True,False
metal_nut,2,test\bent\004.png,1,37,177,False,True
metal_nut,2,test\bent\005.png,1,162,25,False,False
metal_nut,2,test\bent\006.png,1,122,102,False,False
metal_nut,2,test\bent\007.png,1,142,5,True,False
metal_nut,2,test\bent\008.png,1,28,182,False,True
metal_nut,2,test\bent\009.png,1,169,254,True,False
metal_nut,2,test\bent\010.png,1,86,226,False,True
metal_nut,2,test\bent\011.png,1,0,150,True,True
metal_nut,2,test\bent\012.png,1,93,113,False,False
metal_nut,2,test\bent\013.png,1,34,34,False,False
metal_nut,2,test\bent\014.png,1,42,186,False,True
metal_nut,2,test\bent\015.png,1,18,86,False,False
metal_nut,2,test\bent\016.png,1,190,222,False,False
metal_nut,2,test\bent\017.png,1,141,242,True,False
metal_nut,2,test\bent\018.png,1,18,77,False,True
metal_nut,2,test\bent\019.png,1,114,250,True,False
metal_nut,2,test\bent\020.png,1,141,249,True,False
metal_nut,2,test\bent\021.png,1,122,169,False,False
metal_nut,2,test\bent\022.png,1,157,115,False,False
metal_nut,2,test\bent\023.png,1,10,76,True,False
metal_nut,2,test\bent\024.png,1,140,243,True,True
metal_nut,2,test\color\000.png,1,73,154,False,True
metal_nut,2,test\color\001.png,1,117,106,False,False
metal_nut,2,test\color\002.png,1,134,14,True,False
metal_nut,2,test\color\003.png,1,206,210,False,False
metal_nut,2,test\color\004.png,1,106,90,False,True
metal_nut,2,test\color\005.png,1,166,109,False,True
metal_nut,2,test\color\006.png,1,86,26,False,False
metal_nut,2,test\color\007.png,1,106,177,False,True
metal_nut,2,test\color\008.png,1,6,226,True,False
metal_nut,2,test\color\009.png,1,110,86,False,True
metal_nut,2,test\color\010.png,1,147,155,False,False
metal_nut,2,test\color\011.png,1,94,150,False,False
metal_nut,2,test\color\012.png,1,92,252,True,False
metal_nut,2,test\color\013.png,1,157,154,False,True
metal_nut,2,test\color\014.png,1,101,229,False,True
metal_nut,2,test\color\015.png,1,84,138,False,True
metal_nut,2,test\color\016.png,1,28,214,False,False
metal_nut,2,test\color\017.png,1,93,86,False,False
metal_nut,2,test\color\018.png,1,126,85,False,False
metal_nut,2,test\color\019.png,1,233,177,False,False
metal_nut,2,test\color\020.png,1,98,110,False,True
metal_nut,2,test\color\021.png,1,94,129,False,False
metal_nut,2,test\flip\000.png,1,166,122,False,True
metal_nut,2,test\flip\001.png,1,92,106,False,True
metal_nut,2,test\flip\002.png,1,154,156,False,True
metal_nut,2,test\flip\003.png,1,166,145,False,True
metal_nut,2,test\flip\004.png,1,102,154,False,True
metal_nut,2,test\flip\005.png,1,158,150,False,True
metal_nut,2,test\flip\006.png,1,164,130,False,True
metal_nut,2,test\flip\007.png,1,108,162,False,True
metal_nut,2,test\flip\008.png,1,166,122,False,True
metal_nut,2,test\flip\009.png,1,166,124,False,True
metal_nut,2,test\flip\010.png,1,114,86,False,True
metal_nut,2,test\flip\011.png,1,99,154,False,True
metal_nut,2,test\flip\012.png,1,166,126,False,True
metal_nut,2,test\flip\013.png,1,154,158,False,True
metal_nut,2,test\flip\014.png,1,162,142,False,True
metal_nut,2,test\flip\015.png,1,166,124,False,True
metal_nut,2,test\flip\016.png,1,94,150,False,True
metal_nut,2,test\flip\017.png,1,158,155,False,True
metal_nut,2,test\flip\018.png,1,115,93,False,True
metal_nut,2,test\flip\019.png,1,164,134,False,True
metal_nut,2,test\flip\020.png,1,171,137,False,True
metal_nut,2,test\flip\021.png,1,166,124,False,True
metal_nut,2,test\flip\022.png,1,169,122,False,True
metal_nut,2,test\good\000.png,0,138,170,False,False
metal_nut,2,test\good\001.png,0,164,154,False,False
metal_nut,2,test\good\002.png,0,98,0,True,False
metal_nut,2,test\good\003.png,0,66,34,False,False
metal_nut,2,test\good\004.png,0,254,227,True,False
metal_nut,2,test\good\005.png,0,130,91,False,False
metal_nut,2,test\good\006.png,0,9,50,True,False
metal_nut,2,test\good\007.png,0,146,246,True,False
metal_nut,2,test\good\008.png,0,50,18,False,False
metal_nut,2,test\good\009.png,0,157,193,False,False
metal_nut,2,test\good\010.png,0,141,162,False,False
metal_nut,2,test\good\011.png,0,187,3,True,False
metal_nut,2,test\good\012.png,0,101,244,True,False
metal_nut,2,test\good\013.png,0,147,161,False,False
metal_nut,2,test\good\014.png,0,66,99,False,False
metal_nut,2,test\good\015.png,0,246,44,True,False
metal_nut,2,test\good\016.png,0,156,145,False,False
metal_nut,2,test\good\017.png,0,211,33,False,False
metal_nut,2,test\good\018.png,0,158,133,False,False
metal_nut,2,test\good\019.png,0,122,154,False,False
metal_nut,2,test\good\020.png,0,246,38,True,False
metal_nut,2,test\good\021.png,0,108,141,False,False
metal_nut,2,test\scratch\000.png,1,162,133,False,False
metal_nut,2,test\scratch\001.png,1,169,146,False,True
metal_nut,2,test\scratch\002.png,1,125,173,False,True
metal_nut,2,test\scratch\003.png,1,254,131,True,False
metal_nut,2,test\scratch\004.png,1,73,90,False,True
metal_nut,2,test\scratch\005.png,1,66,210,False,True
metal_nut,2,test\scratch\006.png,1,91,108,False,False
metal_nut,2,test\scratch\007.png,1,166,114,False,True
metal_nut,2,test\scratch\008.png,1,102,162,False,True
metal_nut,2,test\scratch\009.png,1,86,74,False,True
metal_nut,2,test\scratch\010.png,1,110,150,False,False
metal_nut,2,test\scratch\011.png,1,174,113,False,True
metal_nut,2,test\scratch\012.png,1,150,150,False,False
metal_nut,2,test\scratch\013.png,1,169,133,False,True
metal_nut,2,test\scratch\014.png,1,98,116,False,False
metal_nut,2,test\scratch\015.png,1,113,90,False,True
metal_nut,2,test\scratch\016.png,1,115,91,False,False
metal_nut,2,test\scratch\017.png,1,158,161,False,True
metal_nut,2,test\scratch\018.png,1,86,122,False,False
metal_nut,2,test\scratch\019.png,1,161,146,False,False
metal_nut,2,test\scratch\020.png,1,170,113,False,True
metal_nut,2,test\scratch\021.png,1,173,137,False,True
metal_nut,2,test\scratch\022.png,1,150,105,False,False
pill,0,test\color\000.png,1,137,5,True,False
pill,0,test\color\001.png,1,142,181,False,False
pill,0,test\color\002.png,1,164,221,False,True
pill,0,test\color\003.png,1,178,106,False,True
pill,0,test\color\004.png,1,97,69,False,False
pill,0,test\color\005.png,1,73,210,False,False
pill,0,test\color\006.png,1,250,156,True,False
pill,0,test\color\007.png,1,102,133,False,False
pill,0,test\color\008.png,1,140,193,False,True
pill,0,test\color\009.png,1,68,193,False,False
pill,0,test\color\010.png,1,184,40,False,False
pill,0,test\color\011.png,1,74,126,False,True
pill,0,test\color\012.png,1,115,209,False,True
pill,0,test\color\013.png,1,60,93,False,False
pill,0,test\color\014.png,1,153,178,False,True
pill,0,test\color\015.png,1,187,153,False,True
pill,0,test\color\016.png,1,113,71,False,False
pill,0,test\color\017.png,1,254,242,True,False
pill,0,test\color\018.png,1,164,134,False,False
pill,0,test\color\019.png,1,137,62,False,True
pill,0,test\color\020.png,1,230,50,False,False
pill,0,test\color\021.png,1,254,11,True,False
pill,0,test\color\022.png,1,125,194,False,True
pill,0,test\color\023.png,1,121,57,False,True
pill,0,test\color\024.png,1,88,254,True,False
pill,0,test\combined\000.png,1,177,205,False,False
pill,0,test\combined\001.png,1,184,57,False,True
pill,0,test\combined\002.png,1,116,65,False,False
pill,0,test\combined\003.png,1,254,9,True,False
pill,0,test\combined\004.png,1,56,148,False,True
pill,0,test\combined\005.png,1,198,167,False,True
pill,0,test\combined\006.png,1,136,158,False,True
pill,0,test\combined\007.png,1,213,165,False,False
pill,0,test\combined\008.png,1,84,213,False,True
pill,0,test\combined\009.png,1,125,202,False,True
pill,0,test\combined\010.png,1,196,171,False,False
pill,0,test\combined\011.png,1,157,229,False,True
pill,0,test\combined\012.png,1,68,187,False,False
pill,0,test\combined\013.png,1,85,217,False,True
pill,0,test\combined\014.png,1,84,68,False,False
pill,0,test\combined\015.png,1,185,190,False,False
pill,0,test\combined\016.png,1,126,238,False,True
pill,0,test\contamination\000.png,1,17,85,False,False
pill,0,test\contamination\001.png,1,18,91,False,False
pill,0,test\contamination\002.png,1,33,78,False,False
pill,0,test\contamination\003.png,1,202,124,False,False
pill,0,test\contamination\004.png,1,115,0,True,False
pill,0,test\contamination\005.png,1,134,148,False,False
pill,0,test\contamination\006.png,1,147,34,False,True
pill,0,test\contamination\007.png,1,170,205,False,True
pill,0,test\contamination\008.png,1,145,9,True,False
pill,0,test\contamination\009.png,1,109,91,False,True
pill,0,test\contamination\010.png,1,252,155,True,False
pill,0,test\contamination\011.png,1,204,124,False,False
pill,0,test\contamination\012.png,1,106,179,False,True
pill,0,test\contamination\013.png,1,212,162,False,False
pill,0,test\contamination\014.png,1,252,139,True,False
pill,0,test\contamination\015.png,1,92,102,False,True
pill,0,test\contamination\016.png,1,204,122,False,False
pill,0,test\contamination\017.png,1,126,162,False,False
pill,0,test\contamination\018.png,1,122,102,False,True
pill,0,test\contamination\019.png,1,141,134,False,True
pill,0,test\contamination\020.png,1,139,11,True,False
pill,0,test\crack\000.png,1,65,178,False,True
pill,0,test\crack\001.png,1,11,116,True,False
pill,0,test\crack\002.png,1,201,146,False,True
pill,0,test\crack\003.png,1,184,55,False,True
pill,0,test\crack\004.png,1,46,49,False,False
pill,0,test\crack\005.png,1,165,221,False,True
pill,0,test\crack\006.png,1,201,153,False,True
pill,0,test\crack\007.png,1,198,166,False,True
pill,0,test\crack\008.png,1,29,77,False,False
pill,0,test\crack\009.png,1,204,114,False,False
pill,0,test\crack\010.png,1,81,65,False,False
pill,0,test\crack\011.png,1,194,181,False,False
pill,0,test\crack\012.png,1,197,76,False,False
pill,0,test\crack\013.png,1,105,26,False,True
pill,0,test\crack\014.png,1,76,202,False,True
pill,0,test\crack\015.png,1,196,90,False,False
pill,0,test\crack\016.png,1,119,11,True,False
pill,0,test\crack\017.png,1,81,195,False,True
pill,0,test\crack\018.png,1,65,77,False,True
pill,0,test\crack\019.png,1,198,89,False,True
pill,0,test\crack\020.png,1,131,13,True,False
pill,0,test\crack\021.png,1,164,222,False,True
pill,0,test\crack\022.png,1,49,121,False,False
pill,0,test\crack\023.png,1,102,217,False,False
pill,0,test\crack\024.png,1,146,234,False,True
pill,0,test\crack\025.png,1,202,114,False,True
pill,0,test\faulty_imprint\000.png,1,126,155,False,False
pill,0,test\faulty_imprint\001.png,1,148,155,False,True
pill,0,test\faulty_imprint\002.png,1,33,51,False,False
pill,0,test\faulty_imprint\003.png,1,125,140,False,True
pill,0,test\faulty_imprint\004.png,1,116,81,False,True
pill,0,test\faulty_imprint\005.png,1,93,106,False,True
pill,0,test\faulty_imprint\006.png,1,53,165,False,False
pill,0,test\faulty_imprint\007.png,1,130,141,False,True
pill,0,test\faulty_imprint\008.png,1,102,136,False,True
pill,0,test\faulty_imprint\009.png,1,125,133,False,True
pill,0,test\faulty_imprint\010.png,1,161,141,False,True
pill,0,test\faulty_imprint\011.png,1,125,105,False,True
pill,0,test\faulty_imprint\012.png,1,250,139,True,False
pill,0,test\faulty_imprint\013.png,1,200,169,False,False
pill,0,test\faulty_imprint\014.png,1,120,153,False,True
pill,0,test\faulty_imprint\015.png,1,129,99,False,True
pill,0,test\faulty_imprint\016.png,1,93,120,False,True
pill,0,test\faulty_imprint\017.png,1,132,164,False,True
pill,0,test\faulty_imprint\018.png,1,125,105,False,True
pill,0,test\good\000.png,0,66,74,False,False
pill,0,test\good\001.png,0,86,42,False,False
pill,0,test\good\002.png,0,188,59,False,False
pill,0,test\good\003.png,0,203,122,False,False
pill,0,test\good\004.png,0,146,179,False,False
pill,0,test\good\005.png,0,69,202,False,False
pill,0,test\good\006.png,0,9,73,True,False
pill,0,test\good\007.png,0,185,200,False,False
pill,0,test\good\008.png,0,197,188,False,False
pill,0,test\good\009.png,0,106,254,True,False
pill,0,test\good\010.png,0,170,211,False,False
pill,0,test\good\011.png,0,162,237,False,False
pill,0,test\good\012.png,0,197,193,False,False
pill,0,test\good\013.png,0,124,18,False,False
pill,0,test\good\014.png,0,189,197,False,False
pill,0,test\good\015.png,0,187,195,False,False
pill,0,test\good\016.png,0,113,0,True,False
pill,0,test\good\017.png,0,61,69,False,False
pill,0,test\good\018.png,0,218,90,False,False
pill,0,test\good\019.png,0,226,250,True,False
pill,0,test\good\020.png,0,179,57,False,False
pill,0,test\good\021.png,0,116,150,False,False
pill,0,test\good\022.png,0,11,11,True,False
pill,0,test\good\023.png,0,121,141,False,False
pill,0,test\good\024.png,0,50,121,False,False
pill,0,test\good\025.png,0,254,51,True,False
pill,0,test\pill_type\000.png,1,169,30,False,False
pill,0,test\pill_type\001.png,1,46,69,False,False
pill,0,test\pill_type\002.png,1,155,61,False,True
pill,0,test\pill_type\003.png,1,150,136,False,True
pill,0,test\pill_type\004.png,1,156,60,False,True
pill,0,test\pill_type\005.png,1,139,19,False,True
pill,0,test\pill_type\006.png,1,134,10,True,False
pill,0,test\pill_type\007.png,1,106,99,False,True
pill,0,test\pill_type\008.png,1,74,142,False,True
pill,0,test\scratch\000.png,1,165,177,False,False
pill,0,test\scratch\001.png,1,164,179,False,True
pill,0,test\scratch\002.png,1,171,214,False,False
pill,0,test\scratch\003.png,1,148,177,False,True
pill,0,test\scratch\004.png,1,66,195,False,False
pill,0,test\scratch\005.png,1,162,125,False,False
pill,0,test\scratch\006.png,1,121,202,False,True
pill,0,test\scratch\007.png,1,186,190,False,False
pill,0,test\scratch\008.png,1,116,29,False,True
pill,0,test\scratch\009.png,1,252,236,True,False
pill,0,test\scratch\010.png,1,133,249,True,False
pill,0,test\scratch\011.png,1,132,65,False,False
pill,0,test\scratch\012.png,1,103,0,True,False
pill,0,test\scratch\013.png,1,115,0,True,False
pill,0,test\scratch\014.png,1,252,236,True,False
pill,0,test\scratch\015.png,1,197,185,False,False
pill,0,test\scratch\016.png,1,194,185,False,False
pill,0,test\scratch\017.png,1,217,0,True,False
pill,0,test\scratch\018.png,1,129,243,True,False
pill,0,test\scratch\019.png,1,214,136,False,False
pill,0,test\scratch\020.png,1,210,117,False,False
pill,0,test\scratch\021.png,1,201,174,False,False
pill,0,test\scratch\022.png,1,198,194,False,False
pill,0,test\scratch\023.png,1,170,33,False,False
pill,1,test\color\000.png,1,250,242,True,False
pill,1,test\color\001.png,1,138,178,False,True
pill,1,test\color\002.png,1,177,205,False,True
pill,1,test\color\003.png,1,177,138,False,True
pill,1,test\color\004.png,1,97,78,False,False
pill,1,test\color\005.png,1,87,215,False,True
pill,1,test\color\006.png,1,78,118,False,True
pill,1,test\color\007.png,1,254,162,True,False
pill,1,test\color\008.png,1,145,196,False,True
pill,1,test\color\009.png,1,71,184,False,False
pill,1,test\color\010.png,1,184,55,False,True
pill,1,test\color\011.png,1,70,124,False,True
pill,1,test\color\012.png,1,132,216,False,True
pill,1,test\color\013.png,1,71,93,False,False
pill,1,test\color\014.png,1,157,169,False,True
pill,1,test\color\015.png,1,187,152,False,False
pill,1,test\color\016.png,1,116,28,False,False
pill,1,test\color\017.png,1,179,188,False,False
pill,1,test\color\018.png,1,148,149,False,False
pill,1,test\color\019.png,1,134,58,False,True
pill,1,test\color\020.png,1,78,122,False,True
pill,1,test\color\021.png,1,61,58,False,False
pill,1,test\color\022.png,1,118,193,False,True
pill,1,test\color\023.png,1,109,61,False,True
pill,1,test\color\024.png,1,118,190,False,True
pill,1,test\combined\000.png,1,170,201,False,True
pill,1,test\combined\001.png,1,3,3,True,False
pill,1,test\combined\002.png,1,113,65,False,True
pill,1,test\combined\003.png,1,199,0,True,False
pill,1,test\combined\004.png,1,61,162,False,True
pill,1,test\combined\005.png,1,204,171,False,False
pill,1,test\combined\006.png,1,120,152,False,True
pill,1,test\combined\007.png,1,212,150,False,False
pill,1,test\combined\008.png,1,87,202,False,False
pill,1,test\combined\009.png,1,122,206,False,True
pill,1,test\combined\010.png,1,163,231,False,False
pill,1,test\combined\011.png,1,161,197,False,False
pill,1,test\combined\012.png,1,67,195,False,False
pill,1,test\combined\013.png,1,86,222,False,True
pill,1,test\combined\014.png,1,61,86,False,True
pill,1,test\combined\015.png,1,195,184,False,False
pill,1,test\combined\016.png,1,126,232,False,True
pill,1,test\contamination\000.png,1,17,86,False,False
pill,1,test\contamination\001.png,1,21,94,False,False
pill,1,test\contamination\002.png,1,33,76,False,False
pill,1,test\contamination\003.png,1,215,135,False,False
pill,1,test\contamination\004.png,1,195,82,False,False
pill,1,test\contamination\005.png,1,91,98,False,False
pill,1,test\contamination\006.png,1,157,6,True,False
pill,1,test\contamination\007.png,1,164,214,False,False
pill,1,test\contamination\008.png,1,113,206,False,True
pill,1,test\contamination\009.png,1,114,86,False,True
pill,1,test\contamination\010.png,1,78,202,False,True
pill,1,test\contamination\011.png,1,200,120,False,False
pill,1,test\contamination\012.png,1,114,173,False,True
pill,1,test\contamination\013.png,1,212,164,False,False
pill,1,test\contamination\014.png,1,182,109,False,True
pill,1,test\contamination\015.png,1,211,116,False,False
pill,1,test\contamination\016.png,1,193,94,False,False
pill,1,test\contamination\017.png,1,137,170,False,True
pill,1,test\contamination\018.png,1,107,77,False,True
pill,1,test\contamination\019.png,1,150,137,False,True
pill,1,test\contamination\020.png,1,136,19,False,True
pill,1,test\crack\000.png,1,62,174,False,True
pill,1,test\crack\001.png,1,197,93,False,False
pill,1,test\crack\002.png,1,200,152,False,True
pill,1,test\crack\003.png,1,193,57,False,False
pill,1,test\crack\004.png,1,45,40,False,False
pill,1,test\crack\005.png,1,40,36,False,False
pill,1,test\crack\006.png,1,202,164,False,False
pill,1,test\crack\007.png,1,199,168,False,False
pill,1,test\crack\008.png,1,26,72,False,False
pill,1,test\crack\009.png,1,187,122,False,True
pill,1,test\crack\010.png,1,76,61,False,False
pill,1,test\crack\011.png,1,185,174,False,True
pill,1,test\crack\012.png,1,183,71,False,True
pill,1,test\crack\013.png,1,100,38,False,False
pill,1,test\crack\014.png,1,83,199,False,False
pill,1,test\crack\015.png,1,197,94,False,True
pill,1,test\crack\016.png,1,120,24,False,True
pill,1,test\crack\017.png,1,81,201,False,True
pill,1,test\crack\018.png,1,66,76,False,True
pill,1,test\crack\019.png,1,189,88,False,True
pill,1,test\crack\020.png,1,132,18,False,False
pill,1,test\crack\021.png,1,179,218,False,False
pill,1,test\crack\022.png,1,62,118,False,False
pill,1,test\crack\023.png,1,106,226,False,False
pill,1,test\crack\024.png,1,146,234,False,True
pill,1,test\crack\025.png,1,204,124,False,True
pill,1,test\faulty_imprint\000.png,1,119,156,False,True
pill,1,test\faulty_imprint\001.png,1,152,151,False,True
pill,1,test\faulty_imprint\002.png,1,41,49,False,False
pill,1,test\faulty_imprint\003.png,1,22,56,False,False
pill,1,test\faulty_imprint\004.png,1,134,12,True,False
pill,1,test\faulty_imprint\005.png,1,107,93,False,True
pill,1,test\faulty_imprint\006.png,1,56,167,False,False
pill,1,test\faulty_imprint\007.png,1,147,150,False,True
pill,1,test\faulty_imprint\008.png,1,87,54,False,False
pill,1,test\faulty_imprint\009.png,1,125,134,False,True
pill,1,test\faulty_imprint\010.png,1,120,152,False,True
pill,1,test\faulty_imprint\011.png,1,118,97,False,True
pill,1,test\faulty_imprint\012.png,1,156,154,False,True
pill,1,test\faulty_imprint\013.png,1,209,165,False,False
pill,1,test\faulty_imprint\014.png,1,117,158,False,True
pill,1,test\faulty_imprint\015.png,1,105,103,False,True
pill,1,test\faulty_imprint\016.png,1,90,122,False,True
pill,1,test\faulty_imprint\017.png,1,134,162,False,True
pill,1,test\faulty_imprint\018.png,1,122,110,False,False
pill,1,test\good\000.png,0,85,52,False,False
pill,1,test\good\001.png,0,210,37,False,False
pill,1,test\good\002.png,0,188,59,False,False
pill,1,test\good\003.png,0,92,116,False,False
pill,1,test\good\004.png,0,77,211,False,False
pill,1,test\good\005.png,0,67,201,False,False
pill,1,test\good\006.png,0,150,150,False,False
pill,1,test\good\007.png,0,42,252,True,False
pill,1,test\good\008.png,0,173,205,False,False
pill,1,test\good\009.png,0,147,18,False,False
pill,1,test\good\010.png,0,174,204,False,False
pill,1,test\good\011.png,0,59,98,False,False
pill,1,test\good\012.png,0,195,201,False,False
pill,1,test\good\013.png,0,81,46,False,False
pill,1,test\good\014.png,0,195,203,False,False
pill,1,test\good\015.png,0,171,36,False,False
pill,1,test\good\016.png,0,0,212,True,False
pill,1,test\good\017.png,0,90,34,False,False
pill,1,test\good\018.png,0,157,84,False,False
pill,1,test\good\019.png,0,227,254,True,False
pill,1,test\good\020.png,0,178,54,False,False
pill,1,test\good\021.png,0,203,155,False,False
pill,1,test\good\022.png,0,53,125,False,False
pill,1,test\good\023.png,0,118,125,False,False
pill,1,test\good\024.png,0,50,122,False,False
pill,1,test\good\025.png,0,0,181,True,False
pill,1,test\pill_type\000.png,1,101,39,False,True
pill,1,test\pill_type\001.png,1,42,62,False,False
pill,1,test\pill_type\002.png,1,182,72,False,True
pill,1,test\pill_type\003.png,1,107,78,False,True
pill,1,test\pill_type\004.png,1,183,71,False,True
pill,1,test\pill_type\005.png,1,161,86,False,True
pill,1,test\pill_type\006.png,1,151,152,False,True
pill,1,test\pill_type\007.png,1,174,155,False,True
pill,1,test\pill_type\008.png,1,166,157,False,True
pill,1,test\scratch\000.png,1,162,182,False,False
pill,1,test\scratch\001.png,1,161,171,False,True
pill,1,test\scratch\002.png,1,134,189,False,True
pill,1,test\scratch\003.png,1,150,183,False,False
pill,1,test\scratch\004.png,1,66,197,False,False
pill,1,test\scratch\005.png,1,157,118,False,True
pill,1,test\scratch\006.png,1,121,202,False,True
pill,1,test\scratch\007.png,1,69,173,False,True
pill,1,test\scratch\008.png,1,134,74,False,True
pill,1,test\scratch\009.png,1,154,133,False,False
pill,1,test\scratch\010.png,1,158,171,False,True
pill,1,test\scratch\011.png,1,114,55,False,True
pill,1,test\scratch\012.png,1,109,18,False,False
pill,1,test\scratch\013.png,1,250,249,True,False
pill,1,test\scratch\014.png,1,206,150,False,False
pill,1,test\scratch\015.png,1,106,145,False,False
pill,1,test\scratch\016.png,1,204,164,False,False
pill,1,test\scratch\017.png,1,218,0,True,False
pill,1,test\scratch\018.png,1,134,178,False,True
pill,1,test\scratch\019.png,1,77,131,False,True
pill,1,test\scratch\020.png,1,172,121,False,True
pill,1,test\scratch\021.png,1,150,203,False,False
pill,1,test\scratch\022.png,1,254,105,True,False
pill,1,test\scratch\023.png,1,181,39,False,False
pill,2,test\color\000.png,1,137,5,True,False
pill,2,test\color\001.png,1,129,184,False,True
pill,2,test\color\002.png,1,177,205,False,True
pill,2,test\color\003.png,1,178,117,False,True
pill,2,test\color\004.png,1,94,69,False,False
pill,2,test\color\005.png,1,87,225,False,False
pill,2,test\color\006.png,1,254,163,True,False
pill,2,test\color\007.png,1,82,221,False,False
pill,2,test\color\008.png,1,146,189,False,False
pill,2,test\color\009.png,1,71,184,False,False
pill,2,test\color\010.png,1,185,55,False,True
pill,2,test\color\011.png,1,0,19,True,False
pill,2,test\color\012.png,1,133,221,False,False
pill,2,test\color\013.png,1,67,90,False,False
pill,2,test\color\014.png,1,173,205,False,False
pill,2,test\color\015.png,1,184,152,False,True
pill,2,test\color\016.png,1,209,148,False,False
pill,2,test\color\017.png,1,105,13,True,False
pill,2,test\color\018.png,1,183,45,False,False
pill,2,test\color\019.png,1,134,61,False,True
pill,2,test\color\020.png,1,233,40,False,False
pill,2,test\color\021.png,1,234,6,True,False
pill,2,test\color\022.png,1,110,189,False,True
pill,2,test\color\023.png,1,121,58,False,True
pill,2,test\color\024.png,1,119,197,False,True
pill,2,test\combined\000.png,1,170,209,False,False
pill,2,test\combined\001.png,1,3,6,True,False
pill,2,test\combined\002.png,1,105,74,False,True
pill,2,test\combined\003.png,1,141,73,False,False
pill,2,test\combined\004.png,1,65,146,False,False
pill,2,test\combined\005.png,1,87,219,False,True
pill,2,test\combined\006.png,1,120,151,False,True
pill,2,test\combined\007.png,1,201,182,False,False
pill,2,test\combined\008.png,1,82,215,False,True
pill,2,test\combined\009.png,1,125,209,False,True
pill,2,test\combined\010.png,1,155,232,False,False
pill,2,test\combined\011.png,1,161,197,False,False
pill,2,test\combined\012.png,1,72,199,False,True
pill,2,test\combined\013.png,1,186,183,False,True
pill,2,test\combined\014.png,1,85,66,False,False
pill,2,test\combined\015.png,1,184,185,False,True
pill,2,test\combined\016.png,1,87,216,False,True
pill,2,test\contamination\000.png,1,17,87,False,False
pill,2,test\contamination\001.png,1,18,97,False,False
pill,2,test\contamination\002.png,1,33,81,False,False
pill,2,test\contamination\003.png,1,213,135,False,False
pill,2,test\contamination\004.png,1,146,0,True,False
pill,2,test\contamination\005.png,1,136,148,False,True
pill,2,test\contamination\006.png,1,122,0,True,False
pill,2,test\contamination\007.png,1,162,215,False,False
pill,2,test\contamination\008.png,1,114,219,False,True
pill,2,test\contamination\009.png,1,82,231,False,False
pill,2,test\contamination\010.png,1,254,154,True,False
pill,2,test\contamination\011.png,1,200,124,False,False
pill,2,test\contamination\012.png,1,105,177,False,True
pill,2,test\contamination\013.png,1,137,13,True,False
pill,2,test\contamination\014.png,1,254,138,True,False
pill,2,test\contamination\015.png,1,77,137,False,True
pill,2,test\contamination\016.png,1,197,118,False,True
pill,2,test\contamination\017.png,1,88,0,True,False
pill,2,test\contamination\018.png,1,105,85,False,True
pill,2,test\contamination\019.png,1,150,134,False,True
pill,2,test\contamination\020.png,1,140,24,False,True
pill,2,test\crack\000.png,1,69,185,False,True
pill,2,test\crack\001.png,1,194,173,False,False
pill,2,test\crack\002.png,1,201,151,False,True
pill,2,test\crack\003.png,1,185,65,False,True
pill,2,test\crack\004.png,1,45,49,False,False
pill,2,test\crack\005.png,1,39,33,False,False
pill,2,test\crack\006.png,1,200,162,False,True
pill,2,test\crack\007.png,1,197,168,False,True
pill,2,test\crack\008.png,1,29,77,False,False
pill,2,test\crack\009.png,1,188,130,False,True
pill,2,test\crack\010.png,1,77,61,False,False
pill,2,test\crack\011.png,1,199,182,False,False
pill,2,test\crack\012.png,1,186,72,False,True
pill,2,test\crack\013.png,1,101,37,False,False
pill,2,test\crack\014.png,1,74,200,False,True
pill,2,test\crack\015.png,1,202,101,False,True
pill,2,test\crack\016.png,1,119,24,False,True
pill,2,test\crack\017.png,1,83,210,False,True
pill,2,test\crack\018.png,1,66,87,False,True
pill,2,test\crack\019.png,1,199,93,False,True
pill,2,test\crack\020.png,1,136,7,True,False
pill,2,test\crack\021.png,1,174,210,False,False
pill,2,test\crack\022.png,1,62,118,False,False
pill,2,test\crack\023.png,1,102,218,False,False
pill,2,test\crack\024.png,1,66,69,False,False
pill,2,test\crack\025.png,1,206,122,False,False
pill,2,test\faulty_imprint\000.png,1,129,161,False,False
pill,2,test\faulty_imprint\001.png,1,151,152,False,True
pill,2,test\faulty_imprint\002.png,1,30,49,False,False
pill,2,test\faulty_imprint\003.png,1,120,145,False,True
pill,2,test\faulty_imprint\004.png,1,155,86,False,True
pill,2,test\faulty_imprint\005.png,1,101,100,False,True
pill,2,test\faulty_imprint\006.png,1,56,168,False,False
pill,2,test\faulty_imprint\007.png,1,141,149,False,True
pill,2,test\faulty_imprint\008.png,1,86,54,False,False
pill,2,test\faulty_imprint\009.png,1,126,134,False,True
pill,2,test\faulty_imprint\010.png,1,121,152,False,True
pill,2,test\faulty_imprint\011.png,1,118,97,False,True
pill,2,test\faulty_imprint\012.png,1,150,153,False,True
pill,2,test\faulty_imprint\013.png,1,205,167,False,False
pill,2,test\faulty_imprint\014.png,1,254,139,True,False
pill,2,test\faulty_imprint\015.png,1,121,103,False,True
pill,2,test\faulty_imprint\016.png,1,97,120,False,True
pill,2,test\faulty_imprint\017.png,1,121,149,False,True
pill,2,test\faulty_imprint\018.png,1,121,103,False,True
pill,2,test\good\000.png,0,84,57,False,False
pill,2,test\good\001.png,0,84,35,False,False
pill,2,test\good\002.png,0,189,59,False,False
pill,2,test\good\003.png,0,210,121,False,False
pill,2,test\good\004.png,0,68,212,False,False
pill,2,test\good\005.png,0,69,198,False,False
pill,2,test\good\006.png,0,18,72,False,False
pill,2,test\good\007.png,0,171,220,False,False
pill,2,test\good\008.png,0,166,43,False,False
pill,2,test\good\009.png,0,107,254,True,False
pill,2,test\good\010.png,0,171,204,False,False
pill,2,test\good\011.png,0,93,254,True,False
pill,2,test\good\012.png,0,195,194,False,False
pill,2,test\good\013.png,0,89,46,False,False
pill,2,test\good\014.png,0,187,205,False,False
pill,2,test\good\015.png,0,254,10,True,False
pill,2,test\good\016.png,0,106,0,True,False
pill,2,test\good\017.png,0,254,212,True,False
pill,2,test\good\018.png,0,219,94,False,False
pill,2,test\good\019.png,0,97,141,False,False
pill,2,test\good\020.png,0,178,53,False,False
pill,2,test\good\021.png,0,202,154,False,False
pill,2,test\good\022.png,0,100,22,False,False
pill,2,test\good\023.png,0,122,138,False,False
pill,2,test\good\024.png,0,53,122,False,False
pill,2,test\good\025.png,0,49,130,False,False
pill,2,test\pill_type\000.png,1,88,24,False,False
pill,2,test\pill_type\001.png,1,54,141,False,True
pill,2,test\pill_type\002.png,1,183,71,False,True
pill,2,test\pill_type\003.png,1,151,136,False,True
pill,2,test\pill_type\004.png,1,183,66,False,True
pill,2,test\pill_type\005.png,1,103,24,False,True
pill,2,test\pill_type\006.png,1,137,23,False,True
pill,2,test\pill_type\007.png,1,183,62,False,True
pill,2,test\pill_type\008.png,1,135,54,False,True
pill,2,test\scratch\000.png,1,166,174,False,True
pill,2,test\scratch\001.png,1,162,179,False,True
pill,2,test\scratch\002.png,1,168,217,False,False
pill,2,test\scratch\003.png,1,150,179,False,True
pill,2,test\scratch\004.png,1,69,194,False,True
pill,2,test\scratch\005.png,1,155,119,False,True
pill,2,test\scratch\006.png,1,120,200,False,True
pill,2,test\scratch\007.png,1,66,58,False,False
pill,2,test\scratch\008.png,1,61,165,False,False
pill,2,test\scratch\009.png,1,162,150,False,True
pill,2,test\scratch\010.png,1,149,186,False,True
pill,2,test\scratch\011.png,1,120,55,False,True
pill,2,test\scratch\012.png,1,104,5,True,False
pill,2,test\scratch\013.png,1,149,186,False,True
pill,2,test\scratch\014.png,1,202,138,False,True
pill,2,test\scratch\015.png,1,204,189,False,False
pill,2,test\scratch\016.png,1,200,184,False,False
pill,2,test\scratch\017.png,1,213,0,True,False
pill,2,test\scratch\018.png,1,121,202,False,True
pill,2,test\scratch\019.png,1,216,135,False,False
pill,2,test\scratch\020.png,1,216,119,False,False
pill,2,test\scratch\021.png,1,169,180,False,False
pill,2,test\scratch\022.png,1,254,104,True,False
pill,2,test\scratch\023.png,1,177,40,False,False
screw,0,test\good\000.png,0,52,156,False,False
screw,0,test\good\001.png,0,132,162,False,False
screw,0,test\good\002.png,0,220,254,True,False
screw,0,test\good\003.png,0,75,0,True,False
screw,0,test\good\004.png,0,151,0,True,False
screw,0,test\good\005.png,0,254,254,True,False
screw,0,test\good\006.png,0,171,123,False,False
screw,0,test\good\007.png,0,82,188,False,False
screw,0,test\good\008.png,0,174,254,True,False
screw,0,test\good\009.png,0,195,254,True,False
screw,0,test\good\010.png,0,5,180,True,False
screw,0,test\good\011.png,0,147,156,False,False
screw,0,test\good\012.png,0,123,0,True,False
screw,0,test\good\013.png,0,245,3,True,False
screw,0,test\good\014.png,0,5,243,True,False
screw,0,test\good\015.png,0,29,50,False,False
screw,0,test\good\016.png,0,0,46,True,False
screw,0,test\good\017.png,0,173,29,False,False
screw,0,test\good\018.png,0,169,109,False,False
screw,0,test\good\019.png,0,19,126,False,False
screw,0,test\good\020.png,0,43,187,False,False
screw,0,test\good\021.png,0,51,132,False,False
screw,0,test\good\022.png,0,10,117,True,False
screw,0,test\good\023.png,0,168,120,False,False
screw,0,test\good\024.png,0,83,254,True,False
screw,0,test\good\025.png,0,5,250,True,False
screw,0,test\good\026.png,0,91,254,True,False
screw,0,test\good\027.png,0,10,210,True,False
screw,0,test\good\028.png,0,180,107,False,False
screw,0,test\good\029.png,0,52,254,True,False
screw,0,test\good\030.png,0,76,151,False,False
screw,0,test\good\031.png,0,254,254,True,False
screw,0,test\good\032.png,0,139,123,False,False
screw,0,test\good\033.png,0,169,254,True,False
screw,0,test\good\034.png,0,252,23,True,False
screw,0,test\good\035.png,0,84,0,True,False
screw,0,test\good\036.png,0,70,41,False,False
screw,0,test\good\037.png,0,250,118,True,False
screw,0,test\good\038.png,0,84,132,False,False
screw,0,test\good\039.png,0,166,122,False,False
screw,0,test\good\040.png,0,3,117,True,False
screw,0,test\manipulated_front\000.png,1,252,3,True,False
screw,0,test\manipulated_front\001.png,1,252,163,True,False
screw,0,test\manipulated_front\002.png,1,254,42,True,False
screw,0,test\manipulated_front\003.png,1,84,28,False,True
screw,0,test\manipulated_front\004.png,1,196,87,False,False
screw,0,test\manipulated_front\005.png,1,227,171,False,True
screw,0,test\manipulated_front\006.png,1,225,44,False,False
screw,0,test\manipulated_front\007.png,1,0,0,True,False
screw,0,test\manipulated_front\008.png,1,18,94,False,True
screw,0,test\manipulated_front\009.png,1,0,9,True,False
screw,0,test\manipulated_front\010.png,1,174,29,False,False
screw,0,test\manipulated_front\011.png,1,75,220,False,False
screw,0,test\manipulated_front\012.png,1,6,73,True,False
screw,0,test\manipulated_front\013.png,1,235,254,True,False
screw,0,test\manipulated_front\014.png,1,27,66,False,False
screw,0,test\manipulated_front\015.png,1,254,46,True,False
screw,0,test\manipulated_front\016.png,1,156,0,True,False
screw,0,test\manipulated_front\017.png,1,163,220,False,False
screw,0,test\manipulated_front\018.png,1,92,20,False,False
screw,0,test\manipulated_front\019.png,1,254,21,True,False
screw,0,test\manipulated_front\020.png,1,236,44,False,False
screw,0,test\manipulated_front\021.png,1,254,163,True,False
screw,0,test\manipulated_front\022.png,1,254,217,True,False
screw,0,test\manipulated_front\023.png,1,156,205,False,False
screw,0,test\scratch_head\000.png,1,163,244,True,False
screw,0,test\scratch_head\001.png,1,68,254,True,False
screw,0,test\scratch_head\002.png,1,11,179,True,False
screw,0,test\scratch_head\003.png,1,0,153,True,False
screw,0,test\scratch_head\004.png,1,34,165,False,False
screw,0,test\scratch_head\005.png,1,133,227,False,False
screw,0,test\scratch_head\006.png,1,35,6,True,False
screw,0,test\scratch_head\007.png,1,0,36,True,False
screw,0,test\scratch_head\008.png,1,139,0,True,False
screw,0,test\scratch_head\009.png,1,252,150,True,False
screw,0,test\scratch_head\010.png,1,45,254,True,False
screw,0,test\scratch_head\011.png,1,155,219,False,True
screw,0,test\scratch_head\012.png,1,115,250,True,False
screw,0,test\scratch_head\013.png,1,202,100,False,False
screw,0,test\scratch_head\014.png,1,99,9,True,False
screw,0,test\scratch_head\015.png,1,233,44,False,False
screw,0,test\scratch_head\016.png,1,3,141,True,False
screw,0,test\scratch_head\017.png,1,234,254,True,False
screw,0,test\scratch_head\018.png,1,235,129,False,False
screw,0,test\scratch_head\019.png,1,250,26,True,False
screw,0,test\scratch_head\020.png,1,131,92,False,False
screw,0,test\scratch_head\021.png,1,152,250,True,False
screw,0,test\scratch_head\022.png,1,20,108,False,False
screw,0,test\scratch_head\023.png,1,198,77,False,False
screw,0,test\scratch_neck\000.png,1,0,10,True,False
screw,0,test\scratch_neck\001.png,1,213,0,True,False
screw,0,test\scratch_neck\002.png,1,74,173,False,False
screw,0,test\scratch_neck\003.png,1,85,114,False,True
screw,0,test\scratch_neck\004.png,1,125,179,False,False
screw,0,test\scratch_neck\005.png,1,124,203,False,False
screw,0,test\scratch_neck\006.png,1,157,122,False,True
screw,0,test\scratch_neck\007.png,1,68,252,True,False
screw,0,test\scratch_neck\008.png,1,140,84,False,False
screw,0,test\scratch_neck\009.png,1,125,92,False,True
screw,0,test\scratch_neck\010.png,1,84,254,True,False
screw,0,test\scratch_neck\011.png,1,9,5,True,False
screw,0,test\scratch_neck\012.png,1,251,189,True,False
screw,0,test\scratch_neck\013.png,1,132,177,False,False
screw,0,test\scratch_neck\014.png,1,9,0,True,False
screw,0,test\scratch_neck\015.png,1,157,130,False,True
screw,0,test\scratch_neck\016.png,1,154,254,True,False
screw,0,test\scratch_neck\017.png,1,115,92,False,False
screw,0,test\scratch_neck\018.png,1,125,90,False,True
screw,0,test\scratch_neck\019.png,1,115,169,False,False
screw,0,test\scratch_neck\020.png,1,93,98,False,True
screw,0,test\scratch_neck\021.png,1,75,254,True,False
screw,0,test\scratch_neck\022.png,1,149,117,False,True
screw,0,test\scratch_neck\023.png,1,75,91,False,False
screw,0,test\scratch_neck\024.png,1,254,6,True,False
screw,0,test\thread_side\000.png,1,254,221,True,False
screw,0,test\thread_side\001.png,1,254,3,True,False
screw,0,test\thread_side\002.png,1,228,172,False,False
screw,0,test\thread_side\003.png,1,149,53,False,False
screw,0,test\thread_side\004.png,1,251,163,True,False
screw,0,test\thread_side\005.png,1,252,164,True,False
screw,0,test\thread_side\006.png,1,115,115,False,False
screw,0,test\thread_side\007.png,1,0,65,True,False
screw,0,test\thread_side\008.png,1,5,59,True,False
screw,0,test\thread_side\009.png,1,154,27,False,False
screw,0,test\thread_side\010.png,1,147,91,False,False
screw,0,test\thread_side\011.png,1,209,65,False,False
screw,0,test\thread_side\012.png,1,254,170,True,False
screw,0,test\thread_side\013.png,1,251,41,True,False
screw,0,test\thread_side\014.png,1,148,166,False,True
screw,0,test\thread_side\015.png,1,5,243,True,False
screw,0,test\thread_side\016.png,1,254,234,True,False
screw,0,test\thread_side\017.png,1,250,137,True,False
screw,0,test\thread_side\018.png,1,75,107,False,False
screw,0,test\thread_side\019.png,1,220,28,False,False
screw,0,test\thread_side\020.png,1,59,0,True,False
screw,0,test\thread_side\021.png,1,158,190,False,False
screw,0,test\thread_side\022.png,1,6,164,True,False
screw,0,test\thread_top\000.png,1,254,209,True,False
screw,0,test\thread_top\001.png,1,90,149,False,True
screw,0,test\thread_top\002.png,1,162,90,False,True
screw,0,test\thread_top\003.png,1,233,57,False,False
screw,0,test\thread_top\004.png,1,250,158,True,False
screw,0,test\thread_top\005.png,1,35,0,True,False
screw,0,test\thread_top\006.png,1,60,0,True,False
screw,0,test\thread_top\007.png,1,92,148,False,False
screw,0,test\thread_top\008.png,1,254,171,True,False
screw,0,test\thread_top\009.png,1,179,0,True,False
screw,0,test\thread_top\010.png,1,5,232,True,False
screw,0,test\thread_top\011.png,1,150,94,False,True
screw,0,test\thread_top\012.png,1,254,167,True,False
screw,0,test\thread_top\013.png,1,162,125,False,False
screw,0,test\thread_top\014.png,1,0,250,True,False
screw,0,test\thread_top\015.png,1,146,251,True,False
screw,0,test\thread_top\016.png,1,254,90,True,False
screw,0,test\thread_top\017.png,1,86,22,False,False
screw,0,test\thread_top\018.png,1,147,155,False,False
screw,0,test\thread_top\019.png,1,181,134,False,False
screw,0,test\thread_top\020.png,1,33,254,True,False
screw,0,test\thread_top\021.png,1,164,195,False,False
screw,0,test\thread_top\022.png,1,3,43,True,False
screw,1,test\good\000.png,0,84,0,True,False
screw,1,test\good\001.png,0,4,3,True,False
screw,1,test\good\002.png,0,251,28,True,False
screw,1,test\good\003.png,0,75,0,True,False
screw,1,test\good\004.png,0,180,99,False,False
screw,1,test\good\005.png,0,195,140,False,False
screw,1,test\good\006.png,0,3,244,True,False
screw,1,test\good\007.png,0,141,148,False,False
screw,1,test\good\008.png,0,11,84,True,False
screw,1,test\good\009.png,0,89,166,False,False
screw,1,test\good\010.png,0,0,182,True,False
screw,1,test\good\011.png,0,99,131,False,False
screw,1,test\good\012.png,0,195,0,True,False
screw,1,test\good\013.png,0,254,0,True,False
screw,1,test\good\014.png,0,0,238,True,False
screw,1,test\good\015.png,0,148,156,False,False
screw,1,test\good\016.png,0,0,46,True,False
screw,1,test\good\017.png,0,171,21,False,False
screw,1,test\good\018.png,0,89,138,False,False
screw,1,test\good\019.png,0,24,121,False,False
screw,1,test\good\020.png,0,148,196,False,False
screw,1,test\good\021.png,0,243,75,True,False
screw,1,test\good\022.png,0,116,195,False,False
screw,1,test\good\023.png,0,188,116,False,False
screw,1,test\good\024.png,0,102,169,False,False
screw,1,test\good\025.png,0,0,237,True,False
screw,1,test\good\026.png,0,44,252,True,False
screw,1,test\good\027.png,0,6,158,True,False
screw,1,test\good\028.png,0,12,254,True,False
screw,1,test\good\029.png,0,54,254,True,False
screw,1,test\good\030.png,0,220,0,True,False
screw,1,test\good\031.png,0,162,106,False,False
screw,1,test\good\032.png,0,4,92,True,False
screw,1,test\good\033.png,0,27,172,False,False
screw,1,test\good\034.png,0,163,35,False,False
screw,1,test\good\035.png,0,254,0,True,False
screw,1,test\good\036.png,0,0,173,True,False
screw,1,test\good\037.png,0,155,43,False,False
screw,1,test\good\038.png,0,20,235,False,False
screw,1,test\good\039.png,0,243,155,True,False
screw,1,test\good\040.png,0,68,155,False,False
screw,1,test\manipulated_front\000.png,1,252,3,True,False
screw,1,test\manipulated_front\001.png,1,100,203,False,False
screw,1,test\manipulated_front\002.png,1,252,43,True,False
screw,1,test\manipulated_front\003.png,1,99,84,False,False
screw,1,test\manipulated_front\004.png,1,25,193,False,False
screw,1,test\manipulated_front\005.png,1,174,134,False,False
screw,1,test\manipulated_front\006.png,1,213,34,False,False
screw,1,test\manipulated_front\007.png,1,0,0,True,False
screw,1,test\manipulated_front\008.png,1,252,196,True,False
screw,1,test\manipulated_front\009.png,1,0,0,True,False
screw,1,test\manipulated_front\010.png,1,170,25,False,False
screw,1,test\manipulated_front\011.png,1,211,75,False,False
screw,1,test\manipulated_front\012.png,1,107,0,True,False
screw,1,test\manipulated_front\013.png,1,213,61,False,False
screw,1,test\manipulated_front\014.png,1,137,54,False,False
screw,1,test\manipulated_front\015.png,1,250,43,True,False
screw,1,test\manipulated_front\016.png,1,162,5,True,False
screw,1,test\manipulated_front\017.png,1,195,196,False,False
screw,1,test\manipulated_front\018.png,1,115,148,False,False
screw,1,test\manipulated_front\019.png,1,250,17,True,False
screw,1,test\manipulated_front\020.png,1,251,40,True,False
screw,1,test\manipulated_front\021.png,1,254,163,True,False
screw,1,test\manipulated_front\022.png,1,252,213,True,False
screw,1,test\manipulated_front\023.png,1,148,75,False,False
screw,1,test\scratch_head\000.png,1,166,242,True,False
screw,1,test\scratch_head\001.png,1,56,254,True,False
screw,1,test\scratch_head\002.png,1,0,185,True,False
screw,1,test\scratch_head\003.png,1,0,150,True,False
screw,1,test\scratch_head\004.png,1,235,19,False,False
screw,1,test\scratch_head\005.png,1,116,84,False,False
screw,1,test\scratch_head\006.png,1,37,0,True,False
screw,1,test\scratch_head\007.png,1,0,36,True,False
screw,1,test\scratch_head\008.png,1,142,0,True,False
screw,1,test\scratch_head\009.png,1,26,12,True,False
screw,1,test\scratch_head\010.png,1,37,254,True,False
screw,1,test\scratch_head\011.png,1,132,254,True,False
screw,1,test\scratch_head\012.png,1,101,157,False,False
screw,1,test\scratch_head\013.png,1,211,103,False,False
screw,1,test\scratch_head\014.png,1,212,84,False,False
screw,1,test\scratch_head\015.png,1,89,126,False,False
screw,1,test\scratch_head\016.png,1,0,142,True,False
screw,1,test\scratch_head\017.png,1,0,108,True,False
screw,1,test\scratch_head\018.png,1,220,139,False,False
screw,1,test\scratch_head\019.png,1,157,84,False,False
screw,1,test\scratch_head\020.png,1,133,162,False,False
screw,1,test\scratch_head\021.png,1,0,0,True,False
screw,1,test\scratch_head\022.png,1,234,92,False,False
screw,1,test\scratch_head\023.png,1,162,94,False,False
screw,1,test\scratch_neck\000.png,1,0,0,True,False
screw,1,test\scratch_neck\001.png,1,115,90,False,True
screw,1,test\scratch_neck\002.png,1,228,68,False,False
screw,1,test\scratch_neck\003.png,1,85,118,False,True
screw,1,test\scratch_neck\004.png,1,123,180,False,False
screw,1,test\scratch_neck\005.png,1,42,25,False,False
screw,1,test\scratch_neck\006.png,1,150,130,False,False
screw,1,test\scratch_neck\007.png,1,169,122,False,True
screw,1,test\scratch_neck\008.png,1,140,75,False,False
screw,1,test\scratch_neck\009.png,1,131,85,False,True
screw,1,test\scratch_neck\010.png,1,86,254,True,False
screw,1,test\scratch_neck\011.png,1,12,0,True,False
screw,1,test\scratch_neck\012.png,1,123,109,False,True
screw,1,test\scratch_neck\013.png,1,133,169,False,True
screw,1,test\scratch_neck\014.png,1,148,164,False,False
screw,1,test\scratch_neck\015.png,1,161,131,False,True
screw,1,test\scratch_neck\016.png,1,156,115,False,True
screw,1,test\scratch_neck\017.png,1,90,85,False,False
screw,1,test\scratch_neck\018.png,1,125,91,False,True
screw,1,test\scratch_neck\019.png,1,141,148,False,False
screw,1,test\scratch_neck\020.png,1,97,94,False,True
screw,1,test\scratch_neck\021.png,1,131,139,False,True
screw,1,test\scratch_neck\022.png,1,155,107,False,False
screw,1,test\scratch_neck\023.png,1,12,0,True,False
screw,1,test\scratch_neck\024.png,1,254,13,True,False
screw,1,test\thread_side\000.png,1,254,222,True,False
screw,1,test\thread_side\001.png,1,252,187,True,False
screw,1,test\thread_side\002.png,1,165,132,False,False
screw,1,test\thread_side\003.png,1,162,113,False,False
screw,1,test\thread_side\004.png,1,250,166,True,False
screw,1,test\thread_side\005.png,1,0,0,True,False
screw,1,test\thread_side\006.png,1,109,105,False,False
screw,1,test\thread_side\007.png,1,0,58,True,False
screw,1,test\thread_side\008.png,1,0,60,True,False
screw,1,test\thread_side\009.png,1,171,4,True,False
screw,1,test\thread_side\010.png,1,148,0,True,False
screw,1,test\thread_side\011.png,1,209,66,False,False
screw,1,test\thread_side\012.png,1,254,171,True,False
screw,1,test\thread_side\013.png,1,251,43,True,False
screw,1,test\thread_side\014.png,1,10,12,True,False
screw,1,test\thread_side\015.png,1,5,244,True,False
screw,1,test\thread_side\016.png,1,52,163,False,False
screw,1,test\thread_side\017.png,1,252,131,True,False
screw,1,test\thread_side\018.png,1,220,67,False,False
screw,1,test\thread_side\019.png,1,209,43,False,False
screw,1,test\thread_side\020.png,1,59,195,False,False
screw,1,test\thread_side\021.png,1,140,11,True,False
screw,1,test\thread_side\022.png,1,156,68,False,False
screw,1,test\thread_top\000.png,1,84,82,False,True
screw,1,test\thread_top\001.png,1,171,11,True,False
screw,1,test\thread_top\002.png,1,156,84,False,True
screw,1,test\thread_top\003.png,1,133,69,False,False
screw,1,test\thread_top\004.png,1,0,0,True,False
screw,1,test\thread_top\005.png,1,35,8,True,False
screw,1,test\thread_top\006.png,1,163,75,False,True
screw,1,test\thread_top\007.png,1,131,147,False,True
screw,1,test\thread_top\008.png,1,0,89,True,False
screw,1,test\thread_top\009.png,1,179,0,True,False
screw,1,test\thread_top\010.png,1,6,238,True,False
screw,1,test\thread_top\011.png,1,154,93,False,True
screw,1,test\thread_top\012.png,1,195,75,False,False
screw,1,test\thread_top\013.png,1,179,123,False,True
screw,1,test\thread_top\014.png,1,0,254,True,False
screw,1,test\thread_top\015.png,1,147,252,True,False
screw,1,test\thread_top\016.png,1,27,172,False,False
screw,1,test\thread_top\017.png,1,109,77,False,True
screw,1,test\thread_top\018.png,1,116,148,False,False
screw,1,test\thread_top\019.png,1,188,146,False,True
screw,1,test\thread_top\020.png,1,22,254,True,False
screw,1,test\thread_top\021.png,1,164,171,False,True
screw,1,test\thread_top\022.png,1,0,44,True,False
screw,2,test\good\000.png,0,46,156,False,False
screw,2,test\good\001.png,0,135,199,False,False
screw,2,test\good\002.png,0,119,9,True,False
screw,2,test\good\003.png,0,75,0,True,False
screw,2,test\good\004.png,0,249,77,True,False
screw,2,test\good\005.png,0,250,254,True,False
screw,2,test\good\006.png,0,107,131,False,False
screw,2,test\good\007.png,0,194,254,True,False
screw,2,test\good\008.png,0,201,103,False,False
screw,2,test\good\009.png,0,78,162,False,False
screw,2,test\good\010.png,0,5,181,True,False
screw,2,test\good\011.png,0,195,84,False,False
screw,2,test\good\012.png,0,254,118,True,False
screw,2,test\good\013.png,0,254,0,True,False
screw,2,test\good\014.png,0,11,254,True,False
screw,2,test\good\015.png,0,44,155,False,False
screw,2,test\good\016.png,0,211,254,True,False
screw,2,test\good\017.png,0,188,27,False,False
screw,2,test\good\018.png,0,129,145,False,False
screw,2,test\good\019.png,0,201,254,True,False
screw,2,test\good\020.png,0,10,254,True,False
screw,2,test\good\021.png,0,250,67,True,False
screw,2,test\good\022.png,0,73,104,False,False
screw,2,test\good\023.png,0,12,133,True,False
screw,2,test\good\024.png,0,83,254,True,False
screw,2,test\good\025.png,0,0,235,True,False
screw,2,test\good\026.png,0,90,251,True,False
screw,2,test\good\027.png,0,5,73,True,False
screw,2,test\good\028.png,0,88,56,False,False
screw,2,test\good\029.png,0,50,254,True,False
screw,2,test\good\030.png,0,198,93,False,False
screw,2,test\good\031.png,0,254,254,True,False
screw,2,test\good\032.png,0,109,129,False,False
screw,2,test\good\033.png,0,170,254,True,False
screw,2,test\good\034.png,0,220,254,True,False
screw,2,test\good\035.png,0,250,38,True,False
screw,2,test\good\036.png,0,105,130,False,False
screw,2,test\good\037.png,0,250,167,True,False
screw,2,test\good\038.png,0,109,0,True,False
screw,2,test\good\039.png,0,166,123,False,False
screw,2,test\good\040.png,0,4,188,True,False
screw,2,test\manipulated_front\000.png,1,252,3,True,False
screw,2,test\manipulated_front\001.png,1,217,198,False,True
screw,2,test\manipulated_front\002.png,1,250,36,True,False
screw,2,test\manipulated_front\003.png,1,117,189,False,False
screw,2,test\manipulated_front\004.png,1,25,198,False,False
screw,2,test\manipulated_front\005.png,1,236,196,False,False
screw,2,test\manipulated_front\006.png,1,213,41,False,False
screw,2,test\manipulated_front\007.png,1,179,0,True,False
screw,2,test\manipulated_front\008.png,1,254,195,True,False
screw,2,test\manipulated_front\009.png,1,20,0,True,False
screw,2,test\manipulated_front\010.png,1,185,25,False,False
screw,2,test\manipulated_front\011.png,1,217,73,False,False
screw,2,test\manipulated_front\012.png,1,107,0,True,False
screw,2,test\manipulated_front\013.png,1,213,62,False,False
screw,2,test\manipulated_front\014.png,1,25,73,False,False
screw,2,test\manipulated_front\015.png,1,250,38,True,False
screw,2,test\manipulated_front\016.png,1,156,0,True,False
screw,2,test\manipulated_front\017.png,1,52,227,False,False
screw,2,test\manipulated_front\018.png,1,254,123,True,False
screw,2,test\manipulated_front\019.png,1,254,20,True,False
screw,2,test\manipulated_front\020.png,1,229,254,True,False
screw,2,test\manipulated_front\021.png,1,254,163,True,False
screw,2,test\manipulated_front\022.png,1,250,214,True,False
screw,2,test\manipulated_front\023.png,1,134,82,False,False
screw,2,test\scratch_head\000.png,1,210,45,False,False
screw,2,test\scratch_head\001.png,1,57,254,True,False
screw,2,test\scratch_head\002.png,1,0,185,True,False
screw,2,test\scratch_head\003.png,1,205,99,False,False
screw,2,test\scratch_head\004.png,1,58,169,False,False
screw,2,test\scratch_head\005.png,1,44,0,True,False
screw,2,test\scratch_head\006.png,1,36,3,True,False
screw,2,test\scratch_head\007.png,1,35,0,True,False
screw,2,test\scratch_head\008.png,1,139,0,True,False
screw,2,test\scratch_head\009.png,1,226,0,True,False
screw,2,test\scratch_head\010.png,1,54,254,True,False
screw,2,test\scratch_head\011.png,1,150,210,False,False
screw,2,test\scratch_head\012.png,1,162,53,False,False
screw,2,test\scratch_head\013.png,1,0,218,True,False
screw,2,test\scratch_head\014.png,1,98,0,True,False
screw,2,test\scratch_head\015.png,1,234,45,False,False
screw,2,test\scratch_head\016.png,1,41,0,True,False
screw,2,test\scratch_head\017.png,1,69,254,True,False
screw,2,test\scratch_head\018.png,1,230,129,False,True
screw,2,test\scratch_head\019.png,1,142,102,False,False
screw,2,test\scratch_head\020.png,1,153,171,False,False
screw,2,test\scratch_head\021.png,1,98,237,False,False
screw,2,test\scratch_head\022.png,1,123,124,False,False
screw,2,test\scratch_head\023.png,1,211,107,False,False
screw,2,test\scratch_neck\000.png,1,0,12,True,False
screw,2,test\scratch_neck\001.png,1,216,0,True,False
screw,2,test\scratch_neck\002.png,1,71,171,False,False
screw,2,test\scratch_neck\003.png,1,83,118,False,True
screw,2,test\scratch_neck\004.png,1,125,170,False,True
screw,2,test\scratch_neck\005.png,1,126,153,False,False
screw,2,test\scratch_neck\006.png,1,5,213,True,False
screw,2,test\scratch_neck\007.png,1,169,122,False,True
screw,2,test\scratch_neck\008.png,1,125,86,False,True
screw,2,test\scratch_neck\009.png,1,132,86,False,True
screw,2,test\scratch_neck\010.png,1,100,194,False,False
screw,2,test\scratch_neck\011.png,1,19,0,True,False
screw,2,test\scratch_neck\012.png,1,250,189,True,False
screw,2,test\scratch_neck\013.png,1,126,168,False,True
screw,2,test\scratch_neck\014.png,1,137,173,False,True
screw,2,test\scratch_neck\015.png,1,205,254,True,False
screw,2,test\scratch_neck\016.png,1,154,119,False,True
screw,2,test\scratch_neck\017.png,1,91,180,False,False
screw,2,test\scratch_neck\018.png,1,0,85,True,False
screw,2,test\scratch_neck\019.png,1,125,153,False,False
screw,2,test\scratch_neck\020.png,1,254,158,True,False
screw,2,test\scratch_neck\021.png,1,135,137,False,True
screw,2,test\scratch_neck\022.png,1,149,110,False,False
screw,2,test\scratch_neck\023.png,1,90,114,False,False
screw,2,test\scratch_neck\024.png,1,254,17,True,False
screw,2,test\thread_side\000.png,1,254,222,True,False
screw,2,test\thread_side\001.png,1,251,0,True,False
screw,2,test\thread_side\002.png,1,186,154,False,False
screw,2,test\thread_side\003.png,1,137,105,False,False
screw,2,test\thread_side\004.png,1,250,164,True,False
screw,2,test\thread_side\005.png,1,252,163,True,False
screw,2,test\thread_side\006.png,1,194,117,False,False
screw,2,test\thread_side\007.png,1,5,56,True,False
screw,2,test\thread_side\008.png,1,5,54,True,False
screw,2,test\thread_side\009.png,1,152,103,False,False
screw,2,test\thread_side\010.png,1,139,249,True,False
screw,2,test\thread_side\011.png,1,205,66,False,False
screw,2,test\thread_side\012.png,1,254,168,True,False
screw,2,test\thread_side\013.png,1,107,139,False,False
screw,2,test\thread_side\014.png,1,122,141,False,False
screw,2,test\thread_side\015.png,1,6,244,True,False
screw,2,test\thread_side\016.png,1,139,131,False,False
screw,2,test\thread_side\017.png,1,69,137,False,False
screw,2,test\thread_side\018.png,1,233,57,False,False
screw,2,test\thread_side\019.png,1,227,41,False,False
screw,2,test\thread_side\020.png,1,34,182,False,False
screw,2,test\thread_side\021.png,1,156,0,True,False
screw,2,test\thread_side\022.png,1,27,218,False,False
screw,2,test\thread_top\000.png,1,186,252,True,False
screw,2,test\thread_top\001.png,1,89,250,True,False
screw,2,test\thread_top\002.png,1,57,209,False,False
screw,2,test\thread_top\003.png,1,91,20,False,False
screw,2,test\thread_top\004.png,1,254,155,True,False
screw,2,test\thread_top\005.png,1,39,0,True,False
screw,2,test\thread_top\006.png,1,66,0,True,False
screw,2,test\thread_top\007.png,1,123,140,False,True
screw,2,test\thread_top\008.png,1,107,212,False,False
screw,2,test\thread_top\009.png,1,180,0,True,False
screw,2,test\thread_top\010.png,1,5,230,True,False
screw,2,test\thread_top\011.png,1,150,105,False,True
screw,2,test\thread_top\012.png,1,198,82,False,False
screw,2,test\thread_top\013.png,1,158,97,False,False
screw,2,test\thread_top\014.png,1,0,235,True,False
screw,2,test\thread_top\015.png,1,142,245,True,False
screw,2,test\thread_top\016.png,1,254,91,True,False
screw,2,test\thread_top\017.png,1,51,211,False,False
screw,2,test\thread_top\018.png,1,59,91,False,False
screw,2,test\thread_top\019.png,1,254,170,True,False
screw,2,test\thread_top\020.png,1,25,254,True,False
screw,2,test\thread_top\021.png,1,164,171,False,True
screw,2,test\thread_top\022.png,1,5,44,True,False
tile,0,test\crack\000.png,1,22,77,False,False
tile,0,test\crack\001.png,1,78,162,False,True
tile,0,test\crack\002.png,1,97,117,False,False
tile,0,test\crack\003.png,1,26,97,False,False
tile,0,test\crack\004.png,1,85,105,False,True
tile,0,test\crack\005.png,1,41,57,False,False
tile,0,test\crack\006.png,1,134,189,False,False
tile,0,test\crack\007.png,1,109,118,False,True
tile,0,test\crack\008.png,1,209,165,False,False
tile,0,test\crack\009.png,1,106,140,False,True
tile,0,test\crack\010.png,1,201,66,False,True
tile,0,test\crack\011.png,1,69,157,False,False
tile,0,test\crack\012.png,1,130,117,False,True
tile,0,test\crack\013.png,1,89,62,False,False
tile,0,test\crack\014.png,1,125,126,False,True
tile,0,test\crack\015.png,1,130,157,False,True
tile,0,test\crack\016.png,1,109,173,False,True
tile,0,test\glue_strip\000.png,1,182,153,False,True
tile,0,test\glue_strip\001.png,1,121,113,False,True
tile,0,test\glue_strip\002.png,1,91,202,False,True
tile,0,test\glue_strip\003.png,1,125,46,False,True
tile,0,test\glue_strip\004.png,1,70,201,False,True
tile,0,test\glue_strip\005.png,1,140,115,False,True
tile,0,test\glue_strip\006.png,1,130,92,False,True
tile,0,test\glue_strip\007.png,1,134,182,False,True
tile,0,test\glue_strip\008.png,1,177,172,False,True
tile,0,test\glue_strip\009.png,1,58,17,False,True
tile,0,test\glue_strip\010.png,1,115,188,False,True
tile,0,test\glue_strip\011.png,1,61,17,False,True
tile,0,test\glue_strip\012.png,1,81,177,False,True
tile,0,test\glue_strip\013.png,1,149,113,False,True
tile,0,test\glue_strip\014.png,1,98,141,False,True
tile,0,test\glue_strip\015.png,1,149,221,False,True
tile,0,test\glue_strip\016.png,1,106,53,False,True
tile,0,test\glue_strip\017.png,1,126,78,False,True
tile,0,test\good\000.png,0,5,22,True,False
tile,0,test\good\001.png,0,5,216,True,False
tile,0,test\good\002.png,0,70,101,False,False
tile,0,test\good\003.png,0,230,214,False,False
tile,0,test\good\004.png,0,66,43,False,False
tile,0,test\good\005.png,0,14,226,True,False
tile,0,test\good\006.png,0,149,178,False,False
tile,0,test\good\007.png,0,13,39,True,False
tile,0,test\good\008.png,0,242,38,True,False
tile,0,test\good\009.png,0,154,140,False,False
tile,0,test\good\010.png,0,43,85,False,False
tile,0,test\good\011.png,0,254,35,True,False
tile,0,test\good\012.png,0,236,177,False,False
tile,0,test\good\013.png,0,22,166,False,False
tile,0,test\good\014.png,0,246,178,True,False
tile,0,test\good\015.png,0,164,131,False,False
tile,0,test\good\016.png,0,225,68,False,False
tile,0,test\good\017.png,0,102,158,False,False
tile,0,test\good\018.png,0,250,68,True,False
tile,0,test\good\019.png,0,243,196,True,False
tile,0,test\good\020.png,0,57,233,False,False
tile,0,test\good\021.png,0,137,242,True,False
tile,0,test\good\022.png,0,87,7,True,False
tile,0,test\good\023.png,0,235,211,False,False
tile,0,test\good\024.png,0,26,114,False,False
tile,0,test\good\025.png,0,244,35,True,False
tile,0,test\good\026.png,0,94,38,False,False
tile,0,test\good\027.png,0,244,186,True,False
tile,0,test\good\028.png,0,154,10,True,False
tile,0,test\good\029.png,0,248,39,True,False
tile,0,test\good\030.png,0,6,137,True,False
tile,0,test\good\031.png,0,88,6,True,False
tile,0,test\good\032.png,0,152,254,True,False
tile,0,test\gray_stroke\000.png,1,166,163,False,True
tile,0,test\gray_stroke\001.png,1,146,62,False,True
tile,0,test\gray_stroke\002.png,1,212,68,False,False
tile,0,test\gray_stroke\003.png,1,254,18,True,False
tile,0,test\gray_stroke\004.png,1,138,62,False,False
tile,0,test\gray_stroke\005.png,1,54,203,False,True
tile,0,test\gray_stroke\006.png,1,50,141,False,True
tile,0,test\gray_stroke\007.png,1,164,124,False,True
tile,0,test\gray_stroke\008.png,1,107,220,False,False
tile,0,test\gray_stroke\009.png,1,75,195,False,True
tile,0,test\gray_stroke\010.png,1,86,68,False,True
tile,0,test\gray_stroke\011.png,1,161,36,False,True
tile,0,test\gray_stroke\012.png,1,245,93,True,True
tile,0,test\gray_stroke\013.png,1,34,93,False,False
tile,0,test\gray_stroke\014.png,1,209,38,False,False
tile,0,test\gray_stroke\015.png,1,132,219,False,False
tile,0,test\oil\000.png,1,133,81,False,True
tile,0,test\oil\001.png,1,162,110,False,True
tile,0,test\oil\002.png,1,62,134,False,False
tile,0,test\oil\003.png,1,134,45,False,True
tile,0,test\oil\004.png,1,69,165,False,True
tile,0,test\oil\005.png,1,142,97,False,True
tile,0,test\oil\006.png,1,198,123,False,True
tile,0,test\oil\007.png,1,122,57,False,True
tile,0,test\oil\008.png,1,74,10,True,True
tile,0,test\oil\009.png,1,149,109,False,True
tile,0,test\oil\010.png,1,162,14,True,True
tile,0,test\oil\011.png,1,129,93,False,True
tile,0,test\oil\012.png,1,122,102,False,True
tile,0,test\oil\013.png,1,154,69,False,True
tile,0,test\oil\014.png,1,145,146,False,True
tile,0,test\oil\015.png,1,114,73,False,True
tile,0,test\oil\016.png,1,157,58,False,True
tile,0,test\oil\017.png,1,89,69,False,True
tile,0,test\rough\000.png,1,165,133,False,True
tile,0,test\rough\001.png,1,157,106,False,True
tile,0,test\rough\002.png,1,171,123,False,True
tile,0,test\rough\003.png,1,85,164,False,True
tile,0,test\rough\004.png,1,73,210,False,True
tile,0,test\rough\005.png,1,242,10,True,True
tile,0,test\rough\006.png,1,241,214,True,True
tile,0,test\rough\007.png,1,26,234,False,True
tile,0,test\rough\008.png,1,193,137,False,False
tile,0,test\rough\009.png,1,180,60,False,False
tile,0,test\rough\010.png,1,193,77,False,True
tile,0,test\rough\011.png,1,123,249,True,True
tile,0,test\rough\012.png,1,42,230,False,True
tile,0,test\rough\013.png,1,129,213,False,True
tile,0,test\rough\014.png,1,26,50,False,True
tile,1,test\crack\000.png,1,73,94,False,True
tile,1,test\crack\001.png,1,164,125,False,False
tile,1,test\crack\002.png,1,155,81,False,True
tile,1,test\crack\003.png,1,65,77,False,True
tile,1,test\crack\004.png,1,61,107,False,False
tile,1,test\crack\005.png,1,36,54,False,True
tile,1,test\crack\006.png,1,158,190,False,True
tile,1,test\crack\007.png,1,59,97,False,False
tile,1,test\crack\008.png,1,49,163,False,True
tile,1,test\crack\009.png,1,19,140,False,False
tile,1,test\crack\010.png,1,194,70,False,True
tile,1,test\crack\011.png,1,52,163,False,True
tile,1,test\crack\012.png,1,226,147,False,False
tile,1,test\crack\013.png,1,188,163,False,False
tile,1,test\crack\014.png,1,173,139,False,False
tile,1,test\crack\015.png,1,137,57,False,False
tile,1,test\crack\016.png,1,33,58,False,True
tile,1,test\glue_strip\000.png,1,137,133,False,True
tile,1,test\glue_strip\001.png,1,121,113,False,True
tile,1,test\glue_strip\002.png,1,85,205,False,False
tile,1,test\glue_strip\003.png,1,42,77,False,True
tile,1,test\glue_strip\004.png,1,85,189,False,True
tile,1,test\glue_strip\005.png,1,150,123,False,False
tile,1,test\glue_strip\006.png,1,129,93,False,True
tile,1,test\glue_strip\007.png,1,137,180,False,True
tile,1,test\glue_strip\008.png,1,155,155,False,True
tile,1,test\glue_strip\009.png,1,58,37,False,True
tile,1,test\glue_strip\010.png,1,149,173,False,True
tile,1,test\glue_strip\011.png,1,82,10,True,True
tile,1,test\glue_strip\012.png,1,174,122,False,True
tile,1,test\glue_strip\013.png,1,130,97,False,False
tile,1,test\glue_strip\014.png,1,133,162,False,True
tile,1,test\glue_strip\015.png,1,155,214,False,True
tile,1,test\glue_strip\016.png,1,75,49,False,True
tile,1,test\glue_strip\017.png,1,75,131,False,True
tile,1,test\good\000.png,0,6,129,True,False
tile,1,test\good\001.png,0,30,13,True,False
tile,1,test\good\002.png,0,98,154,False,False
tile,1,test\good\003.png,0,55,73,False,False
tile,1,test\good\004.png,0,66,42,False,False
tile,1,test\good\005.png,0,171,28,False,False
tile,1,test\good\006.png,0,148,179,False,False
tile,1,test\good\007.png,0,155,91,False,False
tile,1,test\good\008.png,0,230,57,False,False
tile,1,test\good\009.png,0,22,19,False,False
tile,1,test\good\010.png,0,44,84,False,False
tile,1,test\good\011.png,0,250,246,True,False
tile,1,test\good\012.png,0,137,54,False,False
tile,1,test\good\013.png,0,229,229,False,False
tile,1,test\good\014.png,0,252,244,True,False
tile,1,test\good\015.png,0,87,254,True,False
tile,1,test\good\016.png,0,125,124,False,False
tile,1,test\good\017.png,0,116,164,False,False
tile,1,test\good\018.png,0,233,0,True,False
tile,1,test\good\019.png,0,107,116,False,False
tile,1,test\good\020.png,0,114,138,False,False
tile,1,test\good\021.png,0,18,97,False,False
tile,1,test\good\022.png,0,89,18,False,False
tile,1,test\good\023.png,0,37,85,False,False
tile,1,test\good\024.png,0,201,53,False,False
tile,1,test\good\025.png,0,206,0,True,False
tile,1,test\good\026.png,0,120,23,False,False
tile,1,test\good\027.png,0,98,54,False,False
tile,1,test\good\028.png,0,44,155,False,False
tile,1,test\good\029.png,0,123,116,False,False
tile,1,test\good\030.png,0,6,149,True,False
tile,1,test\good\031.png,0,45,205,False,False
tile,1,test\good\032.png,0,89,0,True,False
tile,1,test\gray_stroke\000.png,1,171,163,False,True
tile,1,test\gray_stroke\001.png,1,141,57,False,True
tile,1,test\gray_stroke\002.png,1,198,117,False,False
tile,1,test\gray_stroke\003.png,1,163,131,False,True
tile,1,test\gray_stroke\004.png,1,142,54,False,False
tile,1,test\gray_stroke\005.png,1,37,199,False,True
tile,1,test\gray_stroke\006.png,1,67,140,False,True
tile,1,test\gray_stroke\007.png,1,116,51,False,True
tile,1,test\gray_stroke\008.png,1,118,179,False,False
tile,1,test\gray_stroke\009.png,1,83,195,False,False
tile,1,test\gray_stroke\010.png,1,91,60,False,True
tile,1,test\gray_stroke\011.png,1,133,5,True,True
tile,1,test\gray_stroke\012.png,1,254,154,True,True
tile,1,test\gray_stroke\013.png,1,30,90,False,False
tile,1,test\gray_stroke\014.png,1,205,68,False,True
tile,1,test\gray_stroke\015.png,1,130,221,False,False
tile,1,test\oil\000.png,1,189,149,False,True
tile,1,test\oil\001.png,1,180,179,False,True
tile,1,test\oil\002.png,1,149,161,False,True
tile,1,test\oil\003.png,1,93,106,False,True
tile,1,test\oil\004.png,1,50,226,False,True
tile,1,test\oil\005.png,1,163,182,False,True
tile,1,test\oil\006.png,1,173,193,False,True
tile,1,test\oil\007.png,1,138,141,False,True
tile,1,test\oil\008.png,1,107,41,False,True
tile,1,test\oil\009.png,1,174,118,False,True
tile,1,test\oil\010.png,1,188,99,False,True
tile,1,test\oil\011.png,1,165,155,False,True
tile,1,test\oil\012.png,1,189,116,False,True
tile,1,test\oil\013.png,1,178,92,False,True
tile,1,test\oil\014.png,1,164,226,False,True
tile,1,test\oil\015.png,1,166,170,False,False
tile,1,test\oil\016.png,1,194,74,False,True
tile,1,test\oil\017.png,1,30,124,False,True
tile,1,test\rough\000.png,1,148,131,False,True
tile,1,test\rough\001.png,1,43,147,False,False
tile,1,test\rough\002.png,1,124,140,False,True
tile,1,test\rough\003.png,1,85,163,False,True
tile,1,test\rough\004.png,1,42,170,False,True
tile,1,test\rough\005.png,1,221,50,False,True
tile,1,test\rough\006.png,1,226,205,False,True
tile,1,test\rough\007.png,1,126,181,False,False
tile,1,test\rough\008.png,1,194,82,False,True
tile,1,test\rough\009.png,1,178,60,False,False
tile,1,test\rough\010.png,1,97,245,True,True
tile,1,test\rough\011.png,1,141,59,False,False
tile,1,test\rough\012.png,1,37,235,False,True
tile,1,test\rough\013.png,1,133,229,False,True
tile,1,test\rough\014.png,1,18,69,False,True
tile,2,test\crack\000.png,1,73,90,False,False
tile,2,test\crack\001.png,1,41,46,False,False
tile,2,test\crack\002.png,1,58,145,False,True
tile,2,test\crack\003.png,1,153,174,False,False
tile,2,test\crack\004.png,1,84,98,False,True
tile,2,test\crack\005.png,1,34,57,False,True
tile,2,test\crack\006.png,1,157,197,False,True
tile,2,test\crack\007.png,1,38,74,False,False
tile,2,test\crack\008.png,1,205,165,False,True
tile,2,test\crack\009.png,1,235,236,False,False
tile,2,test\crack\010.png,1,201,62,False,True
tile,2,test\crack\011.png,1,52,162,False,True
tile,2,test\crack\012.png,1,86,109,False,True
tile,2,test\crack\013.png,1,100,75,False,False
tile,2,test\crack\014.png,1,99,110,False,True
tile,2,test\crack\015.png,1,131,60,False,False
tile,2,test\crack\016.png,1,37,65,False,True
tile,2,test\glue_strip\000.png,1,145,133,False,True
tile,2,test\glue_strip\001.png,1,141,97,False,True
tile,2,test\glue_strip\002.png,1,93,202,False,True
tile,2,test\glue_strip\003.png,1,49,78,False,True
tile,2,test\glue_strip\004.png,1,74,197,False,True
tile,2,test\glue_strip\005.png,1,145,117,False,True
tile,2,test\glue_strip\006.png,1,84,106,False,False
tile,2,test\glue_strip\007.png,1,185,146,False,True
tile,2,test\glue_strip\008.png,1,163,162,False,True
tile,2,test\glue_strip\009.png,1,58,37,False,True
tile,2,test\glue_strip\010.png,1,85,202,False,True
tile,2,test\glue_strip\011.png,1,57,26,False,True
tile,2,test\glue_strip\012.png,1,181,129,False,True
tile,2,test\glue_strip\013.png,1,130,97,False,False
tile,2,test\glue_strip\014.png,1,134,162,False,True
tile,2,test\glue_strip\015.png,1,154,210,False,True
tile,2,test\glue_strip\016.png,1,77,51,False,True
tile,2,test\glue_strip\017.png,1,73,126,False,False
tile,2,test\good\000.png,0,251,231,True,False
tile,2,test\good\001.png,0,139,100,False,False
tile,2,test\good\002.png,0,249,242,True,False
tile,2,test\good\003.png,0,228,212,False,False
tile,2,test\good\004.png,0,66,42,False,False
tile,2,test\good\005.png,0,75,28,False,False
tile,2,test\good\006.png,0,101,181,False,False
tile,2,test\good\007.png,0,83,203,False,False
tile,2,test\good\008.png,0,183,250,True,False
tile,2,test\good\009.png,0,139,35,False,False
tile,2,test\good\010.png,0,82,6,True,False
tile,2,test\good\011.png,0,5,11,True,False
tile,2,test\good\012.png,0,20,227,False,False
tile,2,test\good\013.png,0,203,251,True,False
tile,2,test\good\014.png,0,244,195,True,False
tile,2,test\good\015.png,0,164,131,False,False
tile,2,test\good\016.png,0,73,244,True,False
tile,2,test\good\017.png,0,116,158,False,False
tile,2,test\good\018.png,0,236,35,False,False
tile,2,test\good\019.png,0,41,165,False,False
tile,2,test\good\020.png,0,203,75,False,False
tile,2,test\good\021.png,0,5,104,True,False
tile,2,test\good\022.png,0,5,149,True,False
tile,2,test\good\023.png,0,156,26,False,False
tile,2,test\good\024.png,0,24,5,True,False
tile,2,test\good\025.png,0,227,84,False,False
tile,2,test\good\026.png,0,168,250,True,False
tile,2,test\good\027.png,0,6,198,True,False
tile,2,test\good\028.png,0,166,5,True,False
tile,2,test\good\029.png,0,5,153,True,False
tile,2,test\good\030.png,0,6,134,True,False
tile,2,test\good\031.png,0,212,5,True,False
tile,2,test\good\032.png,0,5,179,True,False
tile,2,test\gray_stroke\000.png,1,171,155,False,True
tile,2,test\gray_stroke\001.png,1,146,58,False,True
tile,2,test\gray_stroke\002.png,1,3,28,True,True
tile,2,test\gray_stroke\003.png,1,164,131,False,True
tile,2,test\gray_stroke\004.png,1,146,62,False,True
tile,2,test\gray_stroke\005.png,1,82,185,False,True
tile,2,test\gray_stroke\006.png,1,58,149,False,True
tile,2,test\gray_stroke\007.png,1,114,62,False,True
tile,2,test\gray_stroke\008.png,1,117,193,False,False
tile,2,test\gray_stroke\009.png,1,67,189,False,True
tile,2,test\gray_stroke\010.png,1,91,59,False,True
tile,2,test\gray_stroke\011.png,1,133,5,True,True
tile,2,test\gray_stroke\012.png,1,252,108,True,True
tile,2,test\gray_stroke\013.png,1,33,90,False,False
tile,2,test\gray_stroke\014.png,1,197,102,False,True
tile,2,test\gray_stroke\015.png,1,174,246,True,True
tile,2,test\oil\000.png,1,133,82,False,True
tile,2,test\oil\001.png,1,178,174,False,True
tile,2,test\oil\002.png,1,101,142,False,True
tile,2,test\oil\003.png,1,89,108,False,True
tile,2,test\oil\004.png,1,53,226,False,True
tile,2,test\oil\005.png,1,125,101,False,True
tile,2,test\oil\006.png,1,225,129,False,True
tile,2,test\oil\007.png,1,134,58,False,True
tile,2,test\oil\008.png,1,108,28,False,False
tile,2,test\oil\009.png,1,101,133,False,True
tile,2,test\oil\010.png,1,189,94,False,True
tile,2,test\oil\011.png,1,166,161,False,True
tile,2,test\oil\012.png,1,181,110,False,True
tile,2,test\oil\013.png,1,173,90,False,True
tile,2,test\oil\014.png,1,162,225,False,True
tile,2,test\oil\015.png,1,147,158,False,True
tile,2,test\oil\016.png,1,138,69,False,True
tile,2,test\oil\017.png,1,45,58,False,True
tile,2,test\rough\000.png,1,195,91,False,False
tile,2,test\rough\001.png,1,45,142,False,False
tile,2,test\rough\002.png,1,180,163,False,True
tile,2,test\rough\003.png,1,82,164,False,True
tile,2,test\rough\004.png,1,37,206,False,True
tile,2,test\rough\005.png,1,245,6,True,True
tile,2,test\rough\006.png,1,237,196,False,True
tile,2,test\rough\007.png,1,126,182,False,False
tile,2,test\rough\008.png,1,197,5,True,True
tile,2,test\rough\009.png,1,181,59,False,False
tile,2,test\rough\010.png,1,97,245,True,True
tile,2,test\rough\011.png,1,121,249,True,True
tile,2,test\rough\012.png,1,38,234,False,True
tile,2,test\rough\013.png,1,125,210,False,True
tile,2,test\rough\014.png,1,21,82,False,True
toothbrush,0,test\defective\000.png,1,157,65,False,False
toothbrush,0,test\defective\001.png,1,89,118,False,True
toothbrush,0,test\defective\002.png,1,189,186,False,False
toothbrush,0,test\defective\003.png,1,74,153,False,True
toothbrush,0,test\defective\004.png,1,11,212,True,False
toothbrush,0,test\defective\005.png,1,41,166,False,False
toothbrush,0,test\defective\006.png,1,78,86,False,False
toothbrush,0,test\defective\007.png,1,161,146,False,True
toothbrush,0,test\defective\008.png,1,238,158,False,True
toothbrush,0,test\defective\009.png,1,174,178,False,False
toothbrush,0,test\defective\010.png,1,234,158,False,False
toothbrush,0,test\defective\011.png,1,149,121,False,True
toothbrush,0,test\defective\012.png,1,33,109,False,True
toothbrush,0,test\defective\013.png,1,213,121,False,True
toothbrush,0,test\defective\014.png,1,9,121,True,True
toothbrush,0,test\defective\015.png,1,245,153,True,False
toothbrush,0,test\defective\016.png,1,162,62,False,False
toothbrush,0,test\defective\017.png,1,197,186,False,False
toothbrush,0,test\defective\018.png,1,35,4,True,False
toothbrush,0,test\defective\019.png,1,130,195,False,False
toothbrush,0,test\defective\020.png,1,180,228,False,False
toothbrush,0,test\defective\021.png,1,90,97,False,True
toothbrush,0,test\defective\022.png,1,86,68,False,False
toothbrush,0,test\defective\023.png,1,122,68,False,True
toothbrush,0,test\defective\024.png,1,30,137,False,False
toothbrush,0,test\defective\025.png,1,181,66,False,False
toothbrush,0,test\defective\026.png,1,86,68,False,False
toothbrush,0,test\defective\027.png,1,241,101,True,False
toothbrush,0,test\defective\028.png,1,113,138,False,True
toothbrush,0,test\defective\029.png,1,30,166,False,False
toothbrush,0,test\good\000.png,0,155,170,False,False
toothbrush,0,test\good\001.png,0,155,92,False,False
toothbrush,0,test\good\002.png,0,141,94,False,False
toothbrush,0,test\good\003.png,0,59,77,False,False
toothbrush,0,test\good\004.png,0,249,117,True,False
toothbrush,0,test\good\005.png,0,238,186,False,False
toothbrush,0,test\good\006.png,0,246,181,True,False
toothbrush,0,test\good\007.png,0,249,180,True,False
toothbrush,0,test\good\008.png,0,181,89,False,False
toothbrush,0,test\good\009.png,0,8,198,True,False
toothbrush,0,test\good\010.png,0,150,85,False,False
toothbrush,0,test\good\011.png,0,180,187,False,False
toothbrush,1,test\defective\000.png,1,166,62,False,False
toothbrush,1,test\defective\001.png,1,89,118,False,True
toothbrush,1,test\defective\002.png,1,225,89,False,False
toothbrush,1,test\defective\003.png,1,75,156,False,False
toothbrush,1,test\defective\004.png,1,9,212,True,False
toothbrush,1,test\defective\005.png,1,49,169,False,False
toothbrush,1,test\defective\006.png,1,78,88,False,False
toothbrush,1,test\defective\007.png,1,233,140,False,False
toothbrush,1,test\defective\008.png,1,241,157,True,False
toothbrush,1,test\defective\009.png,1,177,181,False,False
toothbrush,1,test\defective\010.png,1,242,162,True,False
toothbrush,1,test\defective\011.png,1,150,109,False,False
toothbrush,1,test\defective\012.png,1,30,94,False,True
toothbrush,1,test\defective\013.png,1,214,121,False,True
toothbrush,1,test\defective\014.png,1,14,137,True,False
toothbrush,1,test\defective\015.png,1,246,152,True,False
toothbrush,1,test\defective\016.png,1,138,65,False,False
toothbrush,1,test\defective\017.png,1,219,166,False,False
toothbrush,1,test\defective\018.png,1,55,0,True,False
toothbrush,1,test\defective\019.png,1,146,182,False,False
toothbrush,1,test\defective\020.png,1,182,220,False,False
toothbrush,1,test\defective\021.png,1,78,84,False,False
toothbrush,1,test\defective\022.png,1,97,69,False,False
toothbrush,1,test\defective\023.png,1,137,65,False,False
toothbrush,1,test\defective\024.png,1,33,141,False,False
toothbrush,1,test\defective\025.png,1,189,70,False,False
toothbrush,1,test\defective\026.png,1,97,69,False,False
toothbrush,1,test\defective\027.png,1,244,150,True,False
toothbrush,1,test\defective\028.png,1,113,134,False,False
toothbrush,1,test\defective\029.png,1,34,174,False,False
toothbrush,1,test\good\000.png,0,155,170,False,False
toothbrush,1,test\good\001.png,0,172,99,False,False
toothbrush,1,test\good\002.png,0,137,121,False,False
toothbrush,1,test\good\003.png,0,84,251,True,False
toothbrush,1,test\good\004.png,0,246,117,True,False
toothbrush,1,test\good\005.png,0,249,188,True,False
toothbrush,1,test\good\006.png,0,250,187,True,False
toothbrush,1,test\good\007.png,0,250,180,True,False
toothbrush,1,test\good\008.png,0,179,90,False,False
toothbrush,1,test\good\009.png,0,5,199,True,False
toothbrush,1,test\good\010.png,0,150,86,False,False
toothbrush,1,test\good\011.png,0,164,124,False,False
toothbrush,2,test\defective\000.png,1,166,65,False,False
toothbrush,2,test\defective\001.png,1,89,129,False,False
toothbrush,2,test\defective\002.png,1,186,177,False,False
toothbrush,2,test\defective\003.png,1,74,154,False,True
toothbrush,2,test\defective\004.png,1,78,108,False,False
toothbrush,2,test\defective\005.png,1,33,173,False,False
toothbrush,2,test\defective\006.png,1,78,89,False,False
toothbrush,2,test\defective\007.png,1,157,150,False,True
toothbrush,2,test\defective\008.png,1,242,154,True,False
toothbrush,2,test\defective\009.png,1,177,181,False,False
toothbrush,2,test\defective\010.png,1,234,158,False,False
toothbrush,2,test\defective\011.png,1,150,90,False,False
toothbrush,2,test\defective\012.png,1,41,93,False,False
toothbrush,2,test\defective\013.png,1,212,122,False,True
toothbrush,2,test\defective\014.png,1,0,115,True,False
toothbrush,2,test\defective\015.png,1,246,154,True,False
toothbrush,2,test\defective\016.png,1,145,73,False,True
toothbrush,2,test\defective\017.png,1,221,173,False,False
toothbrush,2,test\defective\018.png,1,219,90,False,False
toothbrush,2,test\defective\019.png,1,150,182,False,False
toothbrush,2,test\defective\020.png,1,187,220,False,False
toothbrush,2,test\defective\021.png,1,82,85,False,False
toothbrush,2,test\defective\022.png,1,97,68,False,False
toothbrush,2,test\defective\023.png,1,126,68,False,False
toothbrush,2,test\defective\024.png,1,33,141,False,False
toothbrush,2,test\defective\025.png,1,190,66,False,False
toothbrush,2,test\defective\026.png,1,94,69,False,False
toothbrush,2,test\defective\027.png,1,244,155,True,False
toothbrush,2,test\defective\028.png,1,130,134,False,True
toothbrush,2,test\defective\029.png,1,30,173,False,False
toothbrush,2,test\good\000.png,0,155,170,False,False
toothbrush,2,test\good\001.png,0,165,100,False,False
toothbrush,2,test\good\002.png,0,187,155,False,False
toothbrush,2,test\good\003.png,0,235,5,True,False
toothbrush,2,test\good\004.png,0,249,116,True,False
toothbrush,2,test\good\005.png,0,245,189,True,False
toothbrush,2,test\good\006.png,0,246,185,True,False
toothbrush,2,test\good\007.png,0,246,181,True,False
toothbrush,2,test\good\008.png,0,180,89,False,False
toothbrush,2,test\good\009.png,0,0,197,True,False
toothbrush,2,test\good\010.png,0,171,155,False,False
toothbrush,2,test\good\011.png,0,138,146,False,False
transistor,0,test\bent_lead\000.png,1,213,61,False,False
transistor,0,test\bent_lead\001.png,1,254,243,True,False
transistor,0,test\bent_lead\002.png,1,201,50,False,False
transistor,0,test\bent_lead\003.png,1,214,150,False,True
transistor,0,test\bent_lead\004.png,1,217,121,False,False
transistor,0,test\bent_lead\005.png,1,205,45,False,False
transistor,0,test\bent_lead\006.png,1,254,141,True,False
transistor,0,test\bent_lead\007.png,1,201,154,False,True
transistor,0,test\bent_lead\008.png,1,206,97,False,True
transistor,0,test\bent_lead\009.png,1,254,181,True,False
transistor,0,test\cut_lead\000.png,1,201,164,False,False
transistor,0,test\cut_lead\001.png,1,222,222,False,False
transistor,0,test\cut_lead\002.png,1,193,121,False,True
transistor,0,test\cut_lead\003.png,1,189,156,False,False
transistor,0,test\cut_lead\004.png,1,113,133,False,False
transistor,0,test\cut_lead\005.png,1,189,170,False,True
transistor,0,test\cut_lead\006.png,1,177,101,False,False
transistor,0,test\cut_lead\007.png,1,189,94,False,False
transistor,0,test\cut_lead\008.png,1,17,109,False,False
transistor,0,test\cut_lead\009.png,1,197,81,False,False
transistor,0,test\damaged_case\000.png,1,53,122,False,False
transistor,0,test\damaged_case\001.png,1,74,150,False,True
transistor,0,test\damaged_case\002.png,1,78,99,False,False
transistor,0,test\damaged_case\003.png,1,179,249,True,False
transistor,0,test\damaged_case\004.png,1,190,156,False,False
transistor,0,test\damaged_case\005.png,1,74,101,False,True
transistor,0,test\damaged_case\006.png,1,19,6,True,False
transistor,0,test\damaged_case\007.png,1,113,141,False,True
transistor,0,test\damaged_case\008.png,1,85,114,False,True
transistor,0,test\damaged_case\009.png,1,74,113,False,True
transistor,0,test\good\000.png,0,9,131,True,False
transistor,0,test\good\001.png,0,100,98,False,False
transistor,0,test\good\002.png,0,6,94,True,False
transistor,0,test\good\003.png,0,17,233,False,False
transistor,0,test\good\004.png,0,21,202,False,False
transistor,0,test\good\005.png,0,11,229,True,False
transistor,0,test\good\006.png,0,13,114,True,False
transistor,0,test\good\007.png,0,254,58,True,False
transistor,0,test\good\008.png,0,0,69,True,False
transistor,0,test\good\009.png,0,202,114,False,False
transistor,0,test\good\010.png,0,0,34,True,False
transistor,0,test\good\011.png,0,50,109,False,False
transistor,0,test\good\012.png,0,246,121,True,False
transistor,0,test\good\013.png,0,117,61,False,False
transistor,0,test\good\014.png,0,117,60,False,False
transistor,0,test\good\015.png,0,89,66,False,False
transistor,0,test\good\016.png,0,53,65,False,False
transistor,0,test\good\017.png,0,193,50,False,False
transistor,0,test\good\018.png,0,180,97,False,False
transistor,0,test\good\019.png,0,244,157,True,False
transistor,0,test\good\020.png,0,146,13,True,False
transistor,0,test\good\021.png,0,230,230,False,False
transistor,0,test\good\022.png,0,0,254,True,False
transistor,0,test\good\023.png,0,97,101,False,False
transistor,0,test\good\024.png,0,234,238,False,False
transistor,0,test\good\025.png,0,54,235,False,False
transistor,0,test\good\026.png,0,145,69,False,False
transistor,0,test\good\027.png,0,109,122,False,False
transistor,0,test\good\028.png,0,186,105,False,False
transistor,0,test\good\029.png,0,67,177,False,False
transistor,0,test\good\030.png,0,10,181,True,False
transistor,0,test\good\031.png,0,85,65,False,False
transistor,0,test\good\032.png,0,205,0,True,False
transistor,0,test\good\033.png,0,254,90,True,False
transistor,0,test\good\034.png,0,92,157,False,False
transistor,0,test\good\035.png,0,186,170,False,False
transistor,0,test\good\036.png,0,157,254,True,False
transistor,0,test\good\037.png,0,92,211,False,False
transistor,0,test\good\038.png,0,189,94,False,False
transistor,0,test\good\039.png,0,123,58,False,False
transistor,0,test\good\040.png,0,169,254,True,False
transistor,0,test\good\041.png,0,122,117,False,False
transistor,0,test\good\042.png,0,182,162,False,False
transistor,0,test\good\043.png,0,195,11,True,False
transistor,0,test\good\044.png,0,187,98,False,False
transistor,0,test\good\045.png,0,25,38,False,False
transistor,0,test\good\046.png,0,193,62,False,False
transistor,0,test\good\047.png,0,73,9,True,False
transistor,0,test\good\048.png,0,49,105,False,False
transistor,0,test\good\049.png,0,189,74,False,False
transistor,0,test\good\050.png,0,171,101,False,False
transistor,0,test\good\051.png,0,186,0,True,False
transistor,0,test\good\052.png,0,53,66,False,False
transistor,0,test\good\053.png,0,0,125,True,False
transistor,0,test\good\054.png,0,149,21,False,False
transistor,0,test\good\055.png,0,149,0,True,False
transistor,0,test\good\056.png,0,52,125,False,False
transistor,0,test\good\057.png,0,89,254,True,False
transistor,0,test\good\058.png,0,254,222,True,False
transistor,0,test\good\059.png,0,186,157,False,False
transistor,0,test\misplaced\000.png,1,129,65,False,True
transistor,0,test\misplaced\001.png,1,66,202,False,True
transistor,0,test\misplaced\002.png,1,108,137,False,True
transistor,0,test\misplaced\003.png,1,108,129,False,True
transistor,0,test\misplaced\004.png,1,205,106,False,True
transistor,0,test\misplaced\005.png,1,201,105,False,True
transistor,0,test\misplaced\006.png,1,190,204,False,False
transistor,0,test\misplaced\007.png,1,130,34,False,True
transistor,0,test\misplaced\008.png,1,178,210,False,True
transistor,0,test\misplaced\009.png,1,61,50,False,True
transistor,1,test\bent_lead\000.png,1,209,62,False,False
transistor,1,test\bent_lead\001.png,1,248,254,True,False
transistor,1,test\bent_lead\002.png,1,205,56,False,False
transistor,1,test\bent_lead\003.png,1,215,149,False,True
transistor,1,test\bent_lead\004.png,1,248,120,True,False
transistor,1,test\bent_lead\005.png,1,214,49,False,True
transistor,1,test\bent_lead\006.png,1,254,134,True,False
transistor,1,test\bent_lead\007.png,1,209,151,False,True
transistor,1,test\bent_lead\008.png,1,200,105,False,False
transistor,1,test\bent_lead\009.png,1,254,183,True,False
transistor,1,test\cut_lead\000.png,1,197,154,False,False
transistor,1,test\cut_lead\001.png,1,189,174,False,True
transistor,1,test\cut_lead\002.png,1,197,114,False,False
transistor,1,test\cut_lead\003.png,1,185,151,False,False
transistor,1,test\cut_lead\004.png,1,189,194,False,False
transistor,1,test\cut_lead\005.png,1,196,174,False,True
transistor,1,test\cut_lead\006.png,1,194,57,False,False
transistor,1,test\cut_lead\007.png,1,186,97,False,False
transistor,1,test\cut_lead\008.png,1,182,189,False,False
transistor,1,test\cut_lead\009.png,1,174,138,False,True
transistor,1,test\damaged_case\000.png,1,69,154,False,True
transistor,1,test\damaged_case\001.png,1,53,118,False,False
transistor,1,test\damaged_case\002.png,1,81,94,False,True
transistor,1,test\damaged_case\003.png,1,182,122,False,False
transistor,1,test\damaged_case\004.png,1,205,166,False,False
transistor,1,test\damaged_case\005.png,1,0,229,True,False
transistor,1,test\damaged_case\006.png,1,58,98,False,False
transistor,1,test\damaged_case\007.png,1,106,129,False,True
transistor,1,test\damaged_case\008.png,1,58,109,False,True
transistor,1,test\damaged_case\009.png,1,74,94,False,True
transistor,1,test\good\000.png,0,0,132,True,False
transistor,1,test\good\001.png,0,103,100,False,False
transistor,1,test\good\002.png,0,102,0,True,False
transistor,1,test\good\003.png,0,20,237,False,False
transistor,1,test\good\004.png,0,254,26,True,False
transistor,1,test\good\005.png,0,180,100,False,False
transistor,1,test\good\006.png,0,221,72,False,False
transistor,1,test\good\007.png,0,254,58,True,False
transistor,1,test\good\008.png,0,34,170,False,False
transistor,1,test\good\009.png,0,201,118,False,False
transistor,1,test\good\010.png,0,0,83,True,False
transistor,1,test\good\011.png,0,41,123,False,False
transistor,1,test\good\012.png,0,245,121,True,False
transistor,1,test\good\013.png,0,194,117,False,False
transistor,1,test\good\014.png,0,18,237,False,False
transistor,1,test\good\015.png,0,26,173,False,False
transistor,1,test\good\016.png,0,120,228,False,False
transistor,1,test\good\017.png,0,162,0,True,False
transistor,1,test\good\018.png,0,28,0,True,False
transistor,1,test\good\019.png,0,244,156,True,False
transistor,1,test\good\020.png,0,146,13,True,False
transistor,1,test\good\021.png,0,58,245,True,False
transistor,1,test\good\022.png,0,6,254,True,False
transistor,1,test\good\023.png,0,186,158,False,False
transistor,1,test\good\024.png,0,35,45,False,False
transistor,1,test\good\025.png,0,50,249,True,False
transistor,1,test\good\026.png,0,11,6,True,False
transistor,1,test\good\027.png,0,68,251,True,False
transistor,1,test\good\028.png,0,193,93,False,False
transistor,1,test\good\029.png,0,188,100,False,False
transistor,1,test\good\030.png,0,198,169,False,False
transistor,1,test\good\031.png,0,57,55,False,False
transistor,1,test\good\032.png,0,254,109,True,False
transistor,1,test\good\033.png,0,254,90,True,False
transistor,1,test\good\034.png,0,249,107,True,False
transistor,1,test\good\035.png,0,186,161,False,False
transistor,1,test\good\036.png,0,226,237,False,False
transistor,1,test\good\037.png,0,254,153,True,False
transistor,1,test\good\038.png,0,190,82,False,False
transistor,1,test\good\039.png,0,114,11,True,False
transistor,1,test\good\040.png,0,169,254,True,False
transistor,1,test\good\041.png,0,57,254,True,False
transistor,1,test\good\042.png,0,170,149,False,False
transistor,1,test\good\043.png,0,178,244,True,False
transistor,1,test\good\044.png,0,189,97,False,False
transistor,1,test\good\045.png,0,38,34,False,False
transistor,1,test\good\046.png,0,181,242,True,False
transistor,1,test\good\047.png,0,5,148,True,False
transistor,1,test\good\048.png,0,188,195,False,False
transistor,1,test\good\049.png,0,233,237,False,False
transistor,1,test\good\050.png,0,237,11,True,False
transistor,1,test\good\051.png,0,188,194,False,False
transistor,1,test\good\052.png,0,33,5,True,False
transistor,1,test\good\053.png,0,92,243,True,False
transistor,1,test\good\054.png,0,149,21,False,False
transistor,1,test\good\055.png,0,246,123,True,False
transistor,1,test\good\056.png,0,53,130,False,False
transistor,1,test\good\057.png,0,84,254,True,False
transistor,1,test\good\058.png,0,254,236,True,False
transistor,1,test\good\059.png,0,26,122,False,False
transistor,1,test\misplaced\000.png,1,185,151,False,True
transistor,1,test\misplaced\001.png,1,78,218,False,True
transistor,1,test\misplaced\002.png,1,105,120,False,True
transistor,1,test\misplaced\003.png,1,105,120,False,True
transistor,1,test\misplaced\004.png,1,200,104,False,True
transistor,1,test\misplaced\005.png,1,202,103,False,True
transistor,1,test\misplaced\006.png,1,145,188,False,True
transistor,1,test\misplaced\007.png,1,126,46,False,True
transistor,1,test\misplaced\008.png,1,138,214,False,True
transistor,1,test\misplaced\009.png,1,71,49,False,True
transistor,2,test\bent_lead\000.png,1,254,75,True,False
transistor,2,test\bent_lead\001.png,1,254,254,True,False
transistor,2,test\bent_lead\002.png,1,201,53,False,True
transistor,2,test\bent_lead\003.png,1,221,149,False,False
transistor,2,test\bent_lead\004.png,1,218,121,False,False
transistor,2,test\bent_lead\005.png,1,221,38,False,True
transistor,2,test\bent_lead\006.png,1,254,141,True,False
transistor,2,test\bent_lead\007.png,1,202,154,False,True
transistor,2,test\bent_lead\008.png,1,225,101,False,True
transistor,2,test\bent_lead\009.png,1,229,186,False,True
transistor,2,test\cut_lead\000.png,1,189,150,False,False
transistor,2,test\cut_lead\001.png,1,174,154,False,False
transistor,2,test\cut_lead\002.png,1,186,122,False,True
transistor,2,test\cut_lead\003.png,1,174,147,False,False
transistor,2,test\cut_lead\004.png,1,66,254,True,False
transistor,2,test\cut_lead\005.png,1,193,170,False,False
transistor,2,test\cut_lead\006.png,1,186,97,False,True
transistor,2,test\cut_lead\007.png,1,186,85,False,True
transistor,2,test\cut_lead\008.png,1,214,177,False,True
transistor,2,test\cut_lead\009.png,1,166,141,False,True
transistor,2,test\damaged_case\000.png,1,53,145,False,True
transistor,2,test\damaged_case\001.png,1,69,60,False,False
transistor,2,test\damaged_case\002.png,1,84,97,False,True
transistor,2,test\damaged_case\003.png,1,154,149,False,False
transistor,2,test\damaged_case\004.png,1,198,162,False,False
transistor,2,test\damaged_case\005.png,1,74,101,False,True
transistor,2,test\damaged_case\006.png,1,66,109,False,False
transistor,2,test\damaged_case\007.png,1,113,154,False,True
transistor,2,test\damaged_case\008.png,1,78,98,False,True
transistor,2,test\damaged_case\009.png,1,85,121,False,True
transistor,2,test\good\000.png,0,254,236,True,False
transistor,2,test\good\001.png,0,154,186,False,False
transistor,2,test\good\002.png,0,6,94,True,False
transistor,2,test\good\003.png,0,178,205,False,False
transistor,2,test\good\004.png,0,195,188,False,False
transistor,2,test\good\005.png,0,149,162,False,False
transistor,2,test\good\006.png,0,202,66,False,False
transistor,2,test\good\007.png,0,6,151,True,False
transistor,2,test\good\008.png,0,157,161,False,False
transistor,2,test\good\009.png,0,202,117,False,False
transistor,2,test\good\010.png,0,0,82,True,False
transistor,2,test\good\011.png,0,11,4,True,False
transistor,2,test\good\012.png,0,54,45,False,False
transistor,2,test\good\013.png,0,154,105,False,False
transistor,2,test\good\014.png,0,9,230,True,False
transistor,2,test\good\015.png,0,5,60,True,False
transistor,2,test\good\016.png,0,57,60,False,False
transistor,2,test\good\017.png,0,228,60,False,False
transistor,2,test\good\018.png,0,28,0,True,False
transistor,2,test\good\019.png,0,244,157,True,False
transistor,2,test\good\020.png,0,30,82,False,False
transistor,2,test\good\021.png,0,254,254,True,False
transistor,2,test\good\022.png,0,0,249,True,False
transistor,2,test\good\023.png,0,148,161,False,False
transistor,2,test\good\024.png,0,235,236,False,False
transistor,2,test\good\025.png,0,173,165,False,False
transistor,2,test\good\026.png,0,141,70,False,False
transistor,2,test\good\027.png,0,36,92,False,False
transistor,2,test\good\028.png,0,170,106,False,False
transistor,2,test\good\029.png,0,193,105,False,False
transistor,2,test\good\030.png,0,10,181,True,False
transistor,2,test\good\031.png,0,42,53,False,False
transistor,2,test\good\032.png,0,21,233,False,False
transistor,2,test\good\033.png,0,170,154,False,False
transistor,2,test\good\034.png,0,82,188,False,False
transistor,2,test\good\035.png,0,221,5,True,False
transistor,2,test\good\036.png,0,232,244,True,False
transistor,2,test\good\037.png,0,93,213,False,False
transistor,2,test\good\038.png,0,58,107,False,False
transistor,2,test\good\039.png,0,120,59,False,False
transistor,2,test\good\040.png,0,0,198,True,False
transistor,2,test\good\041.png,0,58,254,True,False
transistor,2,test\good\042.png,0,122,117,False,False
transistor,2,test\good\043.png,0,174,241,True,False
transistor,2,test\good\044.png,0,189,97,False,False
transistor,2,test\good\045.png,0,37,41,False,False
transistor,2,test\good\046.png,0,171,97,False,False
transistor,2,test\good\047.png,0,45,162,False,False
transistor,2,test\good\048.png,0,43,100,False,False
transistor,2,test\good\049.png,0,254,254,True,False
transistor,2,test\good\050.png,0,166,77,False,False
transistor,2,test\good\051.png,0,197,13,True,False
transistor,2,test\good\052.png,0,178,90,False,False
transistor,2,test\good\053.png,0,98,250,True,False
transistor,2,test\good\054.png,0,173,0,True,False
transistor,2,test\good\055.png,0,254,122,True,False
transistor,2,test\good\056.png,0,42,123,False,False
transistor,2,test\good\057.png,0,89,254,True,False
transistor,2,test\good\058.png,0,251,222,True,False
transistor,2,test\good\059.png,0,173,165,False,False
transistor,2,test\misplaced\000.png,1,74,78,False,True
transistor,2,test\misplaced\001.png,1,58,202,False,True
transistor,2,test\misplaced\002.png,1,102,126,False,True
transistor,2,test\misplaced\003.png,1,102,129,False,True
transistor,2,test\misplaced\004.png,1,78,81,False,True
transistor,2,test\misplaced\005.png,1,198,109,False,True
transistor,2,test\misplaced\006.png,1,146,193,False,True
transistor,2,test\misplaced\007.png,1,90,53,False,True
transistor,2,test\misplaced\008.png,1,201,225,False,True
transistor,2,test\misplaced\009.png,1,77,82,False,True
wood,0,test\color\000.png,1,74,90,False,True
wood,0,test\color\001.png,1,110,98,False,True
wood,0,test\color\002.png,1,114,105,False,True
wood,0,test\color\003.png,1,58,98,False,False
wood,0,test\color\004.png,1,122,57,False,True
wood,0,test\color\005.png,1,186,94,False,False
wood,0,test\color\006.png,1,210,157,False,True
wood,0,test\color\007.png,1,58,93,False,False
wood,0,test\combined\000.png,1,20,62,False,True
wood,0,test\combined\001.png,1,86,58,False,False
wood,0,test\combined\002.png,1,146,130,False,False
wood,0,test\combined\003.png,1,114,86,False,False
wood,0,test\combined\004.png,1,93,98,False,True
wood,0,test\combined\005.png,1,194,90,False,False
wood,0,test\combined\006.png,1,68,202,False,False
wood,0,test\combined\007.png,1,66,114,False,True
wood,0,test\combined\008.png,1,46,10,True,False
wood,0,test\combined\009.png,1,54,198,False,False
wood,0,test\combined\010.png,1,138,102,False,True
wood,0,test\good\000.png,0,93,10,True,False
wood,0,test\good\001.png,0,44,196,False,False
wood,0,test\good\002.png,0,11,51,True,False
wood,0,test\good\003.png,0,195,28,False,False
wood,0,test\good\004.png,0,252,4,True,False
wood,0,test\good\005.png,0,139,165,False,False
wood,0,test\good\006.png,0,228,0,True,False
wood,0,test\good\007.png,0,150,174,False,False
wood,0,test\good\008.png,0,245,77,True,False
wood,0,test\good\009.png,0,132,3,True,False
wood,0,test\good\010.png,0,116,139,False,False
wood,0,test\good\011.png,0,244,155,True,False
wood,0,test\good\012.png,0,59,75,False,False
wood,0,test\good\013.png,0,91,244,True,False
wood,0,test\good\014.png,0,213,34,False,False
wood,0,test\good\015.png,0,123,116,False,False
wood,0,test\good\016.png,0,203,92,False,False
wood,0,test\good\017.png,0,29,6,True,False
wood,0,test\good\018.png,0,105,141,False,False
wood,0,test\hole\000.png,1,70,74,False,True
wood,0,test\hole\001.png,1,34,170,False,True
wood,0,test\hole\002.png,1,58,94,False,False
wood,0,test\hole\003.png,1,142,198,False,True
wood,0,test\hole\004.png,1,162,61,False,True
wood,0,test\hole\005.png,1,167,57,False,False
wood,0,test\hole\006.png,1,209,81,False,True
wood,0,test\hole\007.png,1,118,170,False,False
wood,0,test\hole\008.png,1,78,58,False,False
wood,0,test\hole\009.png,1,66,42,False,True
wood,0,test\liquid\000.png,1,186,222,False,True
wood,0,test\liquid\001.png,1,94,226,False,True
wood,0,test\liquid\002.png,1,204,100,False,True
wood,0,test\liquid\003.png,1,86,109,False,True
wood,0,test\liquid\004.png,1,94,114,False,True
wood,0,test\liquid\005.png,1,101,193,False,True
wood,0,test\liquid\006.png,1,190,75,False,True
wood,0,test\liquid\007.png,1,125,118,False,True
wood,0,test\liquid\008.png,1,130,166,False,True
wood,0,test\liquid\009.png,1,132,110,False,True
wood,0,test\scratch\000.png,1,241,182,True,True
wood,0,test\scratch\001.png,1,180,116,False,False
wood,0,test\scratch\002.png,1,172,180,False,False
wood,0,test\scratch\003.png,1,62,205,False,True
wood,0,test\scratch\004.png,1,54,205,False,False
wood,0,test\scratch\005.png,1,82,21,False,True
wood,0,test\scratch\006.png,1,106,124,False,True
wood,0,test\scratch\007.png,1,116,59,False,True
wood,0,test\scratch\008.png,1,134,134,False,False
wood,0,test\scratch\009.png,1,156,185,False,False
wood,0,test\scratch\010.png,1,54,117,False,True
wood,0,test\scratch\011.png,1,138,233,False,True
wood,0,test\scratch\012.png,1,82,110,False,True
wood,0,test\scratch\013.png,1,108,198,False,True
wood,0,test\scratch\014.png,1,150,174,False,True
wood,0,test\scratch\015.png,1,25,181,False,True
wood,0,test\scratch\016.png,1,150,241,True,False
wood,0,test\scratch\017.png,1,52,92,False,True
wood,0,test\scratch\018.png,1,91,6,True,True
wood,0,test\scratch\019.png,1,125,129,False,True
wood,0,test\scratch\020.png,1,153,162,False,True
wood,1,test\color\000.png,1,74,97,False,True
wood,1,test\color\001.png,1,30,181,False,False
wood,1,test\color\002.png,1,110,106,False,False
wood,1,test\color\003.png,1,78,22,False,False
wood,1,test\color\004.png,1,134,58,False,False
wood,1,test\color\005.png,1,178,102,False,False
wood,1,test\color\006.png,1,209,178,False,False
wood,1,test\color\007.png,1,53,113,False,True
wood,1,test\combined\000.png,1,20,67,False,True
wood,1,test\combined\001.png,1,86,58,False,False
wood,1,test\combined\002.png,1,153,134,False,True
wood,1,test\combined\003.png,1,114,90,False,False
wood,1,test\combined\004.png,1,122,113,False,True
wood,1,test\combined\005.png,1,193,94,False,True
wood,1,test\combined\006.png,1,74,206,False,True
wood,1,test\combined\007.png,1,62,114,False,True
wood,1,test\combined\008.png,1,204,196,False,True
wood,1,test\combined\009.png,1,61,202,False,True
wood,1,test\combined\010.png,1,142,114,False,True
wood,1,test\good\000.png,0,84,148,False,False
wood,1,test\good\001.png,0,36,44,False,False
wood,1,test\good\002.png,0,155,171,False,False
wood,1,test\good\003.png,0,194,42,False,False
wood,1,test\good\004.png,0,149,134,False,False
wood,1,test\good\005.png,0,228,140,False,False
wood,1,test\good\006.png,0,131,139,False,False
wood,1,test\good\007.png,0,254,220,True,False
wood,1,test\good\008.png,0,126,90,False,False
wood,1,test\good\009.png,0,126,3,True,False
wood,1,test\good\010.png,0,60,116,False,False
wood,1,test\good\011.png,0,20,92,False,False
wood,1,test\good\012.png,0,230,237,False,False
wood,1,test\good\013.png,0,53,236,False,False
wood,1,test\good\014.png,0,218,42,False,False
wood,1,test\good\015.png,0,237,122,False,False
wood,1,test\good\016.png,0,27,19,False,False
wood,1,test\good\017.png,0,250,149,True,False
wood,1,test\good\018.png,0,94,139,False,False
wood,1,test\hole\000.png,1,70,78,False,False
wood,1,test\hole\001.png,1,182,163,False,False
wood,1,test\hole\002.png,1,62,152,False,True
wood,1,test\hole\003.png,1,149,206,False,True
wood,1,test\hole\004.png,1,50,46,False,True
wood,1,test\hole\005.png,1,165,58,False,False
wood,1,test\hole\006.png,1,209,81,False,True
wood,1,test\hole\007.png,1,130,170,False,False
wood,1,test\hole\008.png,1,78,58,False,False
wood,1,test\hole\009.png,1,70,42,False,True
wood,1,test\liquid\000.png,1,188,220,False,False
wood,1,test\liquid\001.png,1,118,194,False,True
wood,1,test\liquid\002.png,1,201,105,False,True
wood,1,test\liquid\003.png,1,182,77,False,True
wood,1,test\liquid\004.png,1,89,118,False,True
wood,1,test\liquid\005.png,1,105,194,False,True
wood,1,test\liquid\006.png,1,202,85,False,True
wood,1,test\liquid\007.png,1,133,162,False,True
wood,1,test\liquid\008.png,1,130,162,False,True
wood,1,test\liquid\009.png,1,133,126,False,True
wood,1,test\scratch\000.png,1,241,179,True,True
wood,1,test\scratch\001.png,1,205,154,False,False
wood,1,test\scratch\002.png,1,164,180,False,True
wood,1,test\scratch\003.png,1,81,218,False,False
wood,1,test\scratch\004.png,1,54,209,False,False
wood,1,test\scratch\005.png,1,61,5,True,True
wood,1,test\scratch\006.png,1,26,214,False,True
wood,1,test\scratch\007.png,1,141,81,False,True
wood,1,test\scratch\008.png,1,138,137,False,True
wood,1,test\scratch\009.png,1,161,149,False,False
wood,1,test\scratch\010.png,1,57,121,False,True
wood,1,test\scratch\011.png,1,141,229,False,True
wood,1,test\scratch\012.png,1,44,115,False,True
wood,1,test\scratch\013.png,1,100,206,False,False
wood,1,test\scratch\014.png,1,149,185,False,True
wood,1,test\scratch\015.png,1,62,188,False,True
wood,1,test\scratch\016.png,1,150,241,True,False
wood,1,test\scratch\017.png,1,44,100,False,True
wood,1,test\scratch\018.png,1,74,6,True,True
wood,1,test\scratch\019.png,1,134,94,False,False
wood,1,test\scratch\020.png,1,82,53,False,False
wood,2,test\color\000.png,1,69,73,False,False
wood,2,test\color\001.png,1,109,94,False,True
wood,2,test\color\002.png,1,113,118,False,True
wood,2,test\color\003.png,1,61,105,False,True
wood,2,test\color\004.png,1,121,54,False,False
wood,2,test\color\005.png,1,190,97,False,True
wood,2,test\color\006.png,1,196,156,False,False
wood,2,test\color\007.png,1,54,90,False,False
wood,2,test\combined\000.png,1,70,254,True,True
wood,2,test\combined\001.png,1,86,62,False,True
wood,2,test\combined\002.png,1,151,135,False,True
wood,2,test\combined\003.png,1,120,86,False,False
wood,2,test\combined\004.png,1,89,101,False,True
wood,2,test\combined\005.png,1,189,89,False,False
wood,2,test\combined\006.png,1,70,202,False,False
wood,2,test\combined\007.png,1,66,114,False,True
wood,2,test\combined\008.png,1,206,190,False,True
wood,2,test\combined\009.png,1,56,205,False,True
wood,2,test\combined\010.png,1,142,102,False,True
wood,2,test\good\000.png,0,215,0,True,False
wood,2,test\good\001.png,0,24,152,False,False
wood,2,test\good\002.png,0,11,59,True,False
wood,2,test\good\003.png,0,193,41,False,False
wood,2,test\good\004.png,0,249,167,True,False
wood,2,test\good\005.png,0,51,252,True,False
wood,2,test\good\006.png,0,252,60,True,False
wood,2,test\good\007.png,0,234,226,False,False
wood,2,test\good\008.png,0,42,139,False,False
wood,2,test\good\009.png,0,131,6,True,False
wood,2,test\good\010.png,0,84,123,False,False
wood,2,test\good\011.png,0,202,241,True,False
wood,2,test\good\012.png,0,209,249,True,False
wood,2,test\good\013.png,0,124,249,True,False
wood,2,test\good\014.png,0,217,42,False,False
wood,2,test\good\015.png,0,230,123,False,False
wood,2,test\good\016.png,0,204,92,False,False
wood,2,test\good\017.png,0,27,99,False,False
wood,2,test\good\018.png,0,97,133,False,False
wood,2,test\hole\000.png,1,74,70,False,True
wood,2,test\hole\001.png,1,186,170,False,True
wood,2,test\hole\002.png,1,114,153,False,False
wood,2,test\hole\003.png,1,45,86,False,True
wood,2,test\hole\004.png,1,161,61,False,True
wood,2,test\hole\005.png,1,0,98,True,True
wood,2,test\hole\006.png,1,209,81,False,True
wood,2,test\hole\007.png,1,120,177,False,False
wood,2,test\hole\008.png,1,82,61,False,True
wood,2,test\hole\009.png,1,66,42,False,True
wood,2,test\liquid\000.png,1,189,222,False,False
wood,2,test\liquid\001.png,1,94,229,False,True
wood,2,test\liquid\002.png,1,218,94,False,False
wood,2,test\liquid\003.png,1,158,161,False,True
wood,2,test\liquid\004.png,1,97,117,False,False
wood,2,test\liquid\005.png,1,98,193,False,True
wood,2,test\liquid\006.png,1,188,73,False,True
wood,2,test\liquid\007.png,1,122,123,False,True
wood,2,test\liquid\008.png,1,130,169,False,True
wood,2,test\liquid\009.png,1,129,110,False,True
wood,2,test\scratch\000.png,1,237,181,False,True
wood,2,test\scratch\001.png,1,116,219,False,False
wood,2,test\scratch\002.png,1,166,180,False,True
wood,2,test\scratch\003.png,1,78,218,False,True
wood,2,test\scratch\004.png,1,57,205,False,False
wood,2,test\scratch\005.png,1,62,5,True,True
wood,2,test\scratch\006.png,1,9,60,True,True
wood,2,test\scratch\007.png,1,118,81,False,True
wood,2,test\scratch\008.png,1,138,137,False,True
wood,2,test\scratch\009.png,1,157,157,False,False
wood,2,test\scratch\010.png,1,42,101,False,False
wood,2,test\scratch\011.png,1,137,232,False,True
wood,2,test\scratch\012.png,1,45,116,False,True
wood,2,test\scratch\013.png,1,97,66,False,True
wood,2,test\scratch\014.png,1,149,177,False,True
wood,2,test\scratch\015.png,1,58,189,False,False
wood,2,test\scratch\016.png,1,146,233,False,False
wood,2,test\scratch\017.png,1,52,101,False,True
wood,2,test\scratch\018.png,1,107,51,False,True
wood,2,test\scratch\019.png,1,138,94,False,False
wood,2,test\scratch\020.png,1,83,54,False,True
zipper,0,test\broken_teeth\000.png,1,34,117,False,False
zipper,0,test\broken_teeth\001.png,1,254,117,True,True
zipper,0,test\broken_teeth\002.png,1,209,137,False,True
zipper,0,test\broken_teeth\003.png,1,94,138,False,True
zipper,0,test\broken_teeth\004.png,1,61,114,False,True
zipper,0,test\broken_teeth\005.png,1,173,129,False,True
zipper,0,test\broken_teeth\006.png,1,129,118,False,True
zipper,0,test\broken_teeth\007.png,1,26,145,False,True
zipper,0,test\broken_teeth\008.png,1,54,130,False,True
zipper,0,test\broken_teeth\009.png,1,229,129,False,True
zipper,0,test\broken_teeth\010.png,1,142,145,False,True
zipper,0,test\broken_teeth\011.png,1,198,121,False,True
zipper,0,test\broken_teeth\012.png,1,117,146,False,True
zipper,0,test\broken_teeth\013.png,1,41,125,False,True
zipper,0,test\broken_teeth\014.png,1,113,124,False,True
zipper,0,test\broken_teeth\015.png,1,229,146,False,False
zipper,0,test\broken_teeth\016.png,1,30,135,False,True
zipper,0,test\broken_teeth\017.png,1,37,117,False,True
zipper,0,test\broken_teeth\018.png,1,202,146,False,True
zipper,0,test\combined\000.png,1,70,145,False,True
zipper,0,test\combined\001.png,1,233,129,False,True
zipper,0,test\combined\002.png,1,226,126,False,True
zipper,0,test\combined\003.png,1,135,248,True,False
zipper,0,test\combined\004.png,1,26,234,False,False
zipper,0,test\combined\005.png,1,85,110,False,False
zipper,0,test\combined\006.png,1,106,14,True,False
zipper,0,test\combined\007.png,1,38,121,False,True
zipper,0,test\combined\008.png,1,170,110,False,True
zipper,0,test\combined\009.png,1,42,130,False,True
zipper,0,test\combined\010.png,1,186,226,False,True
zipper,0,test\combined\011.png,1,26,230,False,True
zipper,0,test\combined\012.png,1,212,186,False,True
zipper,0,test\combined\013.png,1,38,250,True,False
zipper,0,test\combined\014.png,1,215,142,False,True
zipper,0,test\combined\015.png,1,186,12,True,False
zipper,0,test\fabric_border\000.png,1,86,250,True,False
zipper,0,test\fabric_border\001.png,1,190,250,True,False
zipper,0,test\fabric_border\002.png,1,101,14,True,False
zipper,0,test\fabric_border\003.png,1,110,0,True,False
zipper,0,test\fabric_border\004.png,1,14,24,True,False
zipper,0,test\fabric_border\005.png,1,0,230,True,True
zipper,0,test\fabric_border\006.png,1,174,250,True,False
zipper,0,test\fabric_border\007.png,1,194,6,True,False
zipper,0,test\fabric_border\008.png,1,138,230,False,True
zipper,0,test\fabric_border\009.png,1,110,0,True,False
zipper,0,test\fabric_border\010.png,1,22,10,True,False
zipper,0,test\fabric_border\011.png,1,199,25,False,False
zipper,0,test\fabric_border\012.png,1,167,23,False,False
zipper,0,test\fabric_border\013.png,1,88,0,True,False
zipper,0,test\fabric_border\014.png,1,198,25,False,False
zipper,0,test\fabric_border\015.png,1,38,230,False,True
zipper,0,test\fabric_border\016.png,1,104,0,True,False
zipper,0,test\fabric_interior\000.png,1,58,200,False,True
zipper,0,test\fabric_interior\001.png,1,217,89,False,True
zipper,0,test\fabric_interior\002.png,1,217,37,False,False
zipper,0,test\fabric_interior\003.png,1,58,150,False,False
zipper,0,test\fabric_interior\004.png,1,217,85,False,True
zipper,0,test\fabric_interior\005.png,1,190,217,False,False
zipper,0,test\fabric_interior\006.png,1,153,110,False,True
zipper,0,test\fabric_interior\007.png,1,82,130,False,False
zipper,0,test\fabric_interior\008.png,1,217,88,False,True
zipper,0,test\fabric_interior\009.png,1,188,147,False,True
zipper,0,test\fabric_interior\010.png,1,230,74,False,True
zipper,0,test\fabric_interior\011.png,1,26,181,False,True
zipper,0,test\fabric_interior\012.png,1,173,86,False,True
zipper,0,test\fabric_interior\013.png,1,93,173,False,True
zipper,0,test\fabric_interior\014.png,1,169,82,False,True
zipper,0,test\fabric_interior\015.png,1,146,193,False,False
zipper,0,test\good\000.png,0,225,147,False,False
zipper,0,test\good\001.png,0,231,124,False,False
zipper,0,test\good\002.png,0,231,41,False,False
zipper,0,test\good\003.png,0,59,75,False,False
zipper,0,test\good\004.png,0,254,229,True,False
zipper,0,test\good\005.png,0,131,99,False,False
zipper,0,test\good\006.png,0,107,99,False,False
zipper,0,test\good\007.png,0,254,37,True,False
zipper,0,test\good\008.png,0,115,124,False,False
zipper,0,test\good\009.png,0,11,156,True,False
zipper,0,test\good\010.png,0,20,100,False,False
zipper,0,test\good\011.png,0,233,122,False,False
zipper,0,test\good\012.png,0,183,87,False,False
zipper,0,test\good\013.png,0,103,38,False,False
zipper,0,test\good\014.png,0,3,76,True,False
zipper,0,test\good\015.png,0,18,43,False,False
zipper,0,test\good\016.png,0,227,219,False,False
zipper,0,test\good\017.png,0,54,40,False,False
zipper,0,test\good\018.png,0,44,133,False,False
zipper,0,test\good\019.png,0,19,155,False,False
zipper,0,test\good\020.png,0,148,180,False,False
zipper,0,test\good\021.png,0,245,65,True,False
zipper,0,test\good\022.png,0,235,65,False,False
zipper,0,test\good\023.png,0,172,203,False,False
zipper,0,test\good\024.png,0,9,37,True,False
zipper,0,test\good\025.png,0,254,146,True,False
zipper,0,test\good\026.png,0,235,148,False,False
zipper,0,test\good\027.png,0,202,27,False,False
zipper,0,test\good\028.png,0,180,189,False,False
zipper,0,test\good\029.png,0,28,187,False,False
zipper,0,test\good\030.png,0,27,180,False,False
zipper,0,test\good\031.png,0,123,75,False,False
zipper,0,test\rough\000.png,1,210,121,False,True
zipper,0,test\rough\001.png,1,225,110,False,False
zipper,0,test\rough\002.png,1,181,132,False,True
zipper,0,test\rough\003.png,1,18,119,False,True
zipper,0,test\rough\004.png,1,60,148,False,False
zipper,0,test\rough\005.png,1,39,135,False,True
zipper,0,test\rough\006.png,1,198,134,False,True
zipper,0,test\rough\007.png,1,40,117,False,True
zipper,0,test\rough\008.png,1,198,138,False,True
zipper,0,test\rough\009.png,1,90,125,False,True
zipper,0,test\rough\010.png,1,190,106,False,False
zipper,0,test\rough\011.png,1,134,121,False,True
zipper,0,test\rough\012.png,1,46,149,False,False
zipper,0,test\rough\013.png,1,183,130,False,True
zipper,0,test\rough\014.png,1,55,135,False,True
zipper,0,test\rough\015.png,1,241,114,True,True
zipper,0,test\rough\016.png,1,202,121,False,True
zipper,0,test\split_teeth\000.png,1,57,145,False,True
zipper,0,test\split_teeth\001.png,1,55,134,False,True
zipper,0,test\split_teeth\002.png,1,61,133,False,True
zipper,0,test\split_teeth\003.png,1,177,23,False,False
zipper,0,test\split_teeth\004.png,1,29,142,False,True
zipper,0,test\split_teeth\005.png,1,196,23,False,False
zipper,0,test\split_teeth\006.png,1,62,130,False,True
zipper,0,test\split_teeth\007.png,1,217,129,False,True
zipper,0,test\split_teeth\008.png,1,190,146,False,False
zipper,0,test\split_teeth\009.png,1,153,121,False,True
zipper,0,test\split_teeth\010.png,1,178,118,False,True
zipper,0,test\split_teeth\011.png,1,61,130,False,True
zipper,0,test\split_teeth\012.png,1,178,133,False,True
zipper,0,test\split_teeth\013.png,1,54,122,False,True
zipper,0,test\split_teeth\014.png,1,210,126,False,True
zipper,0,test\split_teeth\015.png,1,173,146,False,True
zipper,0,test\split_teeth\016.png,1,193,122,False,True
zipper,0,test\split_teeth\017.png,1,114,126,False,True
zipper,0,test\squeezed_teeth\000.png,1,150,125,False,True
zipper,0,test\squeezed_teeth\001.png,1,45,146,False,False
zipper,0,test\squeezed_teeth\002.png,1,181,138,False,True
zipper,0,test\squeezed_teeth\003.png,1,117,146,False,False
zipper,0,test\squeezed_teeth\004.png,1,29,146,False,False
zipper,0,test\squeezed_teeth\005.png,1,102,147,False,False
zipper,0,test\squeezed_teeth\006.png,1,206,146,False,False
zipper,0,test\squeezed_teeth\007.png,1,5,21,True,False
zipper,0,test\squeezed_teeth\008.png,1,165,125,False,True
zipper,0,test\squeezed_teeth\009.png,1,6,104,True,False
zipper,0,test\squeezed_teeth\010.png,1,37,147,False,False
zipper,0,test\squeezed_teeth\011.png,1,101,138,False,True
zipper,0,test\squeezed_teeth\012.png,1,216,146,False,False
zipper,0,test\squeezed_teeth\013.png,1,145,138,False,True
zipper,0,test\squeezed_teeth\014.png,1,149,146,False,False
zipper,0,test\squeezed_teeth\015.png,1,121,138,False,True
zipper,1,test\broken_teeth\000.png,1,37,129,False,True
zipper,1,test\broken_teeth\001.png,1,230,125,False,True
zipper,1,test\broken_teeth\002.png,1,205,125,False,True
zipper,1,test\broken_teeth\003.png,1,97,138,False,True
zipper,1,test\broken_teeth\004.png,1,50,125,False,True
zipper,1,test\broken_teeth\005.png,1,168,129,False,True
zipper,1,test\broken_teeth\006.png,1,106,121,False,True
zipper,1,test\broken_teeth\007.png,1,30,126,False,True
zipper,1,test\broken_teeth\008.png,1,66,126,False,True
zipper,1,test\broken_teeth\009.png,1,218,122,False,True
zipper,1,test\broken_teeth\010.png,1,130,130,False,True
zipper,1,test\broken_teeth\011.png,1,198,121,False,True
zipper,1,test\broken_teeth\012.png,1,102,125,False,False
zipper,1,test\broken_teeth\013.png,1,39,126,False,True
zipper,1,test\broken_teeth\014.png,1,113,125,False,True
zipper,1,test\broken_teeth\015.png,1,221,121,False,True
zipper,1,test\broken_teeth\016.png,1,33,135,False,True
zipper,1,test\broken_teeth\017.png,1,40,126,False,True
zipper,1,test\broken_teeth\018.png,1,197,129,False,True
zipper,1,test\combined\000.png,1,85,138,False,True
zipper,1,test\combined\001.png,1,230,126,False,True
zipper,1,test\combined\002.png,1,218,126,False,True
zipper,1,test\combined\003.png,1,136,234,False,True
zipper,1,test\combined\004.png,1,38,222,False,True
zipper,1,test\combined\005.png,1,85,126,False,True
zipper,1,test\combined\006.png,1,114,0,True,False
zipper,1,test\combined\007.png,1,39,121,False,True
zipper,1,test\combined\008.png,1,154,118,False,True
zipper,1,test\combined\009.png,1,38,130,False,True
zipper,1,test\combined\010.png,1,186,226,False,True
zipper,1,test\combined\011.png,1,22,230,False,True
zipper,1,test\combined\012.png,1,154,118,False,True
zipper,1,test\combined\013.png,1,41,238,False,False
zipper,1,test\combined\014.png,1,226,126,False,True
zipper,1,test\combined\015.png,1,215,23,False,True
zipper,1,test\fabric_border\000.png,1,103,231,False,True
zipper,1,test\fabric_border\001.png,1,202,231,False,True
zipper,1,test\fabric_border\002.png,1,106,17,False,False
zipper,1,test\fabric_border\003.png,1,136,24,False,True
zipper,1,test\fabric_border\004.png,1,33,26,False,True
zipper,1,test\fabric_border\005.png,1,166,0,True,False
zipper,1,test\fabric_border\006.png,1,183,231,False,True
zipper,1,test\fabric_border\007.png,1,215,23,False,True
zipper,1,test\fabric_border\008.png,1,53,226,False,True
zipper,1,test\fabric_border\009.png,1,248,10,True,False
zipper,1,test\fabric_border\010.png,1,26,0,True,False
zipper,1,test\fabric_border\011.png,1,61,229,False,False
zipper,1,test\fabric_border\012.png,1,157,23,False,True
zipper,1,test\fabric_border\013.png,1,103,17,False,False
zipper,1,test\fabric_border\014.png,1,198,29,False,True
zipper,1,test\fabric_border\015.png,1,45,226,False,True
zipper,1,test\fabric_border\016.png,1,57,231,False,True
zipper,1,test\fabric_interior\000.png,1,197,22,False,False
zipper,1,test\fabric_interior\001.png,1,218,89,False,True
zipper,1,test\fabric_interior\002.png,1,231,102,False,True
zipper,1,test\fabric_interior\003.png,1,62,153,False,True
zipper,1,test\fabric_interior\004.png,1,221,85,False,True
zipper,1,test\fabric_interior\005.png,1,189,229,False,False
zipper,1,test\fabric_interior\006.png,1,153,101,False,True
zipper,1,test\fabric_interior\007.png,1,84,226,False,False
zipper,1,test\fabric_interior\008.png,1,231,81,False,True
zipper,1,test\fabric_interior\009.png,1,196,130,False,True
zipper,1,test\fabric_interior\010.png,1,231,75,False,True
zipper,1,test\fabric_interior\011.png,1,28,181,False,True
zipper,1,test\fabric_interior\012.png,1,177,85,False,True
zipper,1,test\fabric_interior\013.png,1,93,168,False,True
zipper,1,test\fabric_interior\014.png,1,167,78,False,True
zipper,1,test\fabric_interior\015.png,1,89,105,False,True
zipper,1,test\good\000.png,0,254,105,True,False
zipper,1,test\good\001.png,0,107,155,False,False
zipper,1,test\good\002.png,0,119,6,True,False
zipper,1,test\good\003.png,0,106,154,False,False
zipper,1,test\good\004.png,0,210,130,False,False
zipper,1,test\good\005.png,0,107,220,False,False
zipper,1,test\good\006.png,0,11,229,True,False
zipper,1,test\good\007.png,0,250,22,True,False
zipper,1,test\good\008.png,0,226,123,False,False
zipper,1,test\good\009.png,0,234,122,False,False
zipper,1,test\good\010.png,0,213,125,False,False
zipper,1,test\good\011.png,0,241,122,True,False
zipper,1,test\good\012.png,0,36,227,False,False
zipper,1,test\good\013.png,0,226,230,False,False
zipper,1,test\good\014.png,0,234,122,False,False
zipper,1,test\good\015.png,0,42,218,False,False
zipper,1,test\good\016.png,0,44,108,False,False
zipper,1,test\good\017.png,0,52,40,False,False
zipper,1,test\good\018.png,0,6,230,True,False
zipper,1,test\good\019.png,0,154,122,False,False
zipper,1,test\good\020.png,0,211,22,False,False
zipper,1,test\good\021.png,0,246,66,True,False
zipper,1,test\good\022.png,0,233,66,False,False
zipper,1,test\good\023.png,0,4,235,True,False
zipper,1,test\good\024.png,0,6,235,True,False
zipper,1,test\good\025.png,0,230,122,False,False
zipper,1,test\good\026.png,0,217,122,False,False
zipper,1,test\good\027.png,0,201,37,False,False
zipper,1,test\good\028.png,0,186,182,False,False
zipper,1,test\good\029.png,0,38,182,False,False
zipper,1,test\good\030.png,0,132,229,False,False
zipper,1,test\good\031.png,0,235,172,False,False
zipper,1,test\rough\000.png,1,209,121,False,True
zipper,1,test\rough\001.png,1,41,121,False,True
zipper,1,test\rough\002.png,1,178,133,False,True
zipper,1,test\rough\003.png,1,29,126,False,True
zipper,1,test\rough\004.png,1,206,118,False,True
zipper,1,test\rough\005.png,1,37,135,False,True
zipper,1,test\rough\006.png,1,185,129,False,True
zipper,1,test\rough\007.png,1,45,129,False,True
zipper,1,test\rough\008.png,1,182,121,False,True
zipper,1,test\rough\009.png,1,93,125,False,True
zipper,1,test\rough\010.png,1,206,118,False,True
zipper,1,test\rough\011.png,1,154,122,False,True
zipper,1,test\rough\012.png,1,50,118,False,True
zipper,1,test\rough\013.png,1,182,121,False,True
zipper,1,test\rough\014.png,1,50,122,False,True
zipper,1,test\rough\015.png,1,42,122,False,True
zipper,1,test\rough\016.png,1,201,118,False,True
zipper,1,test\split_teeth\000.png,1,73,126,False,True
zipper,1,test\split_teeth\001.png,1,65,126,False,True
zipper,1,test\split_teeth\002.png,1,58,129,False,True
zipper,1,test\split_teeth\003.png,1,166,18,False,False
zipper,1,test\split_teeth\004.png,1,77,126,False,True
zipper,1,test\split_teeth\005.png,1,182,26,False,False
zipper,1,test\split_teeth\006.png,1,65,129,False,True
zipper,1,test\split_teeth\007.png,1,218,126,False,True
zipper,1,test\split_teeth\008.png,1,209,121,False,True
zipper,1,test\split_teeth\009.png,1,157,120,False,True
zipper,1,test\split_teeth\010.png,1,185,125,False,True
zipper,1,test\split_teeth\011.png,1,69,122,False,True
zipper,1,test\split_teeth\012.png,1,178,130,False,True
zipper,1,test\split_teeth\013.png,1,37,105,False,True
zipper,1,test\split_teeth\014.png,1,214,125,False,True
zipper,1,test\split_teeth\015.png,1,189,126,False,True
zipper,1,test\split_teeth\016.png,1,193,125,False,True
zipper,1,test\split_teeth\017.png,1,121,126,False,True
zipper,1,test\squeezed_teeth\000.png,1,150,130,False,True
zipper,1,test\squeezed_teeth\001.png,1,34,130,False,True
zipper,1,test\squeezed_teeth\002.png,1,185,137,False,True
zipper,1,test\squeezed_teeth\003.png,1,118,130,False,True
zipper,1,test\squeezed_teeth\004.png,1,30,129,False,True
zipper,1,test\squeezed_teeth\005.png,1,106,129,False,True
zipper,1,test\squeezed_teeth\006.png,1,205,118,False,False
zipper,1,test\squeezed_teeth\007.png,1,34,126,False,True
zipper,1,test\squeezed_teeth\008.png,1,154,118,False,True
zipper,1,test\squeezed_teeth\009.png,1,150,122,False,False
zipper,1,test\squeezed_teeth\010.png,1,40,138,False,True
zipper,1,test\squeezed_teeth\011.png,1,104,138,False,True
zipper,1,test\squeezed_teeth\012.png,1,205,118,False,False
zipper,1,test\squeezed_teeth\013.png,1,149,118,False,False
zipper,1,test\squeezed_teeth\014.png,1,158,121,False,True
zipper,1,test\squeezed_teeth\015.png,1,37,138,False,True
zipper,2,test\broken_teeth\000.png,1,201,133,False,True
zipper,2,test\broken_teeth\001.png,1,26,131,False,True
zipper,2,test\broken_teeth\002.png,1,197,154,False,False
zipper,2,test\broken_teeth\003.png,1,92,148,False,True
zipper,2,test\broken_teeth\004.png,1,54,115,False,True
zipper,2,test\broken_teeth\005.png,1,252,20,True,False
zipper,2,test\broken_teeth\006.png,1,126,117,False,True
zipper,2,test\broken_teeth\007.png,1,20,141,False,True
zipper,2,test\broken_teeth\008.png,1,67,125,False,True
zipper,2,test\broken_teeth\009.png,1,238,126,False,True
zipper,2,test\broken_teeth\010.png,1,133,131,False,True
zipper,2,test\broken_teeth\011.png,1,203,122,False,True
zipper,2,test\broken_teeth\012.png,1,113,145,False,True
zipper,2,test\broken_teeth\013.png,1,65,150,False,False
zipper,2,test\broken_teeth\014.png,1,108,123,False,True
zipper,2,test\broken_teeth\015.png,1,206,113,False,True
zipper,2,test\broken_teeth\016.png,1,35,131,False,True
zipper,2,test\broken_teeth\017.png,1,35,115,False,True
zipper,2,test\broken_teeth\018.png,1,205,158,False,True
zipper,2,test\combined\000.png,1,20,147,False,True
zipper,2,test\combined\001.png,1,235,129,False,True
zipper,2,test\combined\002.png,1,219,125,False,True
zipper,2,test\combined\003.png,1,139,228,False,True
zipper,2,test\combined\004.png,1,41,230,False,True
zipper,2,test\combined\005.png,1,82,116,False,True
zipper,2,test\combined\006.png,1,108,0,True,False
zipper,2,test\combined\007.png,1,116,158,False,True
zipper,2,test\combined\008.png,1,155,124,False,True
zipper,2,test\combined\009.png,1,51,131,False,True
zipper,2,test\combined\010.png,1,185,230,False,False
zipper,2,test\combined\011.png,1,25,233,False,False
zipper,2,test\combined\012.png,1,194,181,False,True
zipper,2,test\combined\013.png,1,61,230,False,False
zipper,2,test\combined\014.png,1,211,116,False,True
zipper,2,test\combined\015.png,1,188,0,True,False
zipper,2,test\fabric_border\000.png,1,202,26,False,True
zipper,2,test\fabric_border\001.png,1,0,0,True,False
zipper,2,test\fabric_border\002.png,1,101,10,True,False
zipper,2,test\fabric_border\003.png,1,108,0,True,False
zipper,2,test\fabric_border\004.png,1,18,0,True,False
zipper,2,test\fabric_border\005.png,1,0,230,True,True
zipper,2,test\fabric_border\006.png,1,180,226,False,True
zipper,2,test\fabric_border\007.png,1,190,0,True,False
zipper,2,test\fabric_border\008.png,1,131,226,False,True
zipper,2,test\fabric_border\009.png,1,108,0,True,False
zipper,2,test\fabric_border\010.png,1,20,0,True,False
zipper,2,test\fabric_border\011.png,1,205,27,False,True
zipper,2,test\fabric_border\012.png,1,150,22,False,False
zipper,2,test\fabric_border\013.png,1,76,0,True,False
zipper,2,test\fabric_border\014.png,1,189,25,False,False
zipper,2,test\fabric_border\015.png,1,38,233,False,True
zipper,2,test\fabric_border\016.png,1,52,226,False,True
zipper,2,test\fabric_interior\000.png,1,194,22,False,False
zipper,2,test\fabric_interior\001.png,1,21,158,False,True
zipper,2,test\fabric_interior\002.png,1,229,99,False,True
zipper,2,test\fabric_interior\003.png,1,59,156,False,True
zipper,2,test\fabric_interior\004.png,1,206,25,False,False
zipper,2,test\fabric_interior\005.png,1,186,227,False,False
zipper,2,test\fabric_interior\006.png,1,142,94,False,True
zipper,2,test\fabric_interior\007.png,1,254,59,True,False
zipper,2,test\fabric_interior\008.png,1,234,77,False,True
zipper,2,test\fabric_interior\009.png,1,195,131,False,True
zipper,2,test\fabric_interior\010.png,1,235,77,False,True
zipper,2,test\fabric_interior\011.png,1,35,180,False,True
zipper,2,test\fabric_interior\012.png,1,172,84,False,True
zipper,2,test\fabric_interior\013.png,1,92,172,False,True
zipper,2,test\fabric_interior\014.png,1,169,83,False,True
zipper,2,test\fabric_interior\015.png,1,189,158,False,True
zipper,2,test\good\000.png,0,254,114,True,False
zipper,2,test\good\001.png,0,40,168,False,False
zipper,2,test\good\002.png,0,155,92,False,False
zipper,2,test\good\003.png,0,98,163,False,False
zipper,2,test\good\004.png,0,165,52,False,False
zipper,2,test\good\005.png,0,30,60,False,False
zipper,2,test\good\006.png,0,155,155,False,False
zipper,2,test\good\007.png,0,11,35,True,False
zipper,2,test\good\008.png,0,66,195,False,False
zipper,2,test\good\009.png,0,27,188,False,False
zipper,2,test\good\010.png,0,24,99,False,False
zipper,2,test\good\011.png,0,27,219,False,False
zipper,2,test\good\012.png,0,183,83,False,False
zipper,2,test\good\013.png,0,154,74,False,False
zipper,2,test\good\014.png,0,90,93,False,False
zipper,2,test\good\015.png,0,57,93,False,False
zipper,2,test\good\016.png,0,178,178,False,False
zipper,2,test\good\017.png,0,50,33,False,False
zipper,2,test\good\018.png,0,125,154,False,False
zipper,2,test\good\019.png,0,21,150,False,False
zipper,2,test\good\020.png,0,149,201,False,False
zipper,2,test\good\021.png,0,243,62,True,False
zipper,2,test\good\022.png,0,236,67,False,False
zipper,2,test\good\023.png,0,17,233,False,False
zipper,2,test\good\024.png,0,28,204,False,False
zipper,2,test\good\025.png,0,243,113,True,False
zipper,2,test\good\026.png,0,246,166,True,False
zipper,2,test\good\027.png,0,182,36,False,False
zipper,2,test\good\028.png,0,174,185,False,False
zipper,2,test\good\029.png,0,30,186,False,False
zipper,2,test\good\030.png,0,57,233,False,False
zipper,2,test\good\031.png,0,254,201,True,False
zipper,2,test\rough\000.png,1,56,231,False,False
zipper,2,test\rough\001.png,1,225,116,False,True
zipper,2,test\rough\002.png,1,188,131,False,True
zipper,2,test\rough\003.png,1,227,129,False,True
zipper,2,test\rough\004.png,1,73,123,False,True
zipper,2,test\rough\005.png,1,156,130,False,True
zipper,2,test\rough\006.png,1,204,131,False,True
zipper,2,test\rough\007.png,1,43,130,False,True
zipper,2,test\rough\008.png,1,213,118,False,True
zipper,2,test\rough\009.png,1,92,125,False,True
zipper,2,test\rough\010.png,1,178,115,False,True
zipper,2,test\rough\011.png,1,139,123,False,True
zipper,2,test\rough\012.png,1,236,131,False,True
zipper,2,test\rough\013.png,1,172,131,False,True
zipper,2,test\rough\014.png,1,52,131,False,True
zipper,2,test\rough\015.png,1,236,115,False,True
zipper,2,test\rough\016.png,1,201,115,False,True
zipper,2,test\split_teeth\000.png,1,52,146,False,True
zipper,2,test\split_teeth\001.png,1,49,115,False,True
zipper,2,test\split_teeth\002.png,1,54,115,False,True
zipper,2,test\split_teeth\003.png,1,163,12,True,False
zipper,2,test\split_teeth\004.png,1,27,147,False,True
zipper,2,test\split_teeth\005.png,1,187,99,False,False
zipper,2,test\split_teeth\006.png,1,68,129,False,True
zipper,2,test\split_teeth\007.png,1,214,130,False,True
zipper,2,test\split_teeth\008.png,1,220,130,False,False
zipper,2,test\split_teeth\009.png,1,142,123,False,True
zipper,2,test\split_teeth\010.png,1,155,124,False,True
zipper,2,test\split_teeth\011.png,1,36,100,False,False
zipper,2,test\split_teeth\012.png,1,174,105,False,False
zipper,2,test\split_teeth\013.png,1,38,100,False,False
zipper,2,test\split_teeth\014.png,1,213,124,False,True
zipper,2,test\split_teeth\015.png,1,179,124,False,True
zipper,2,test\split_teeth\016.png,1,197,125,False,True
zipper,2,test\split_teeth\017.png,1,132,123,False,True
zipper,2,test\squeezed_teeth\000.png,1,156,133,False,True
zipper,2,test\squeezed_teeth\001.png,1,44,147,False,False
zipper,2,test\squeezed_teeth\002.png,1,186,142,False,False
zipper,2,test\squeezed_teeth\003.png,1,122,142,False,False
zipper,2,test\squeezed_teeth\004.png,1,78,156,False,False
zipper,2,test\squeezed_teeth\005.png,1,133,102,False,False
zipper,2,test\squeezed_teeth\006.png,1,206,145,False,False
zipper,2,test\squeezed_teeth\007.png,1,11,20,True,False
zipper,2,test\squeezed_teeth\008.png,1,162,117,False,True
zipper,2,test\squeezed_teeth\009.png,1,0,99,True,False
zipper,2,test\squeezed_teeth\010.png,1,29,115,False,True
zipper,2,test\squeezed_teeth\011.png,1,105,142,False,True
zipper,2,test\squeezed_teeth\012.png,1,209,137,False,True
zipper,2,test\squeezed_teeth\013.png,1,154,138,False,True
zipper,2,test\squeezed_teeth\014.png,1,155,118,False,True
zipper,2,test\squeezed_teeth\015.png,1,38,142,False,True
