category,image,defect,mask_fraction,runs,mean_pairwise_error,seeds_with_ranking_error
hazelnut,test\good\001.png,good,0.0,3,0.9666666666666667,3
screw,test\good\014.png,good,0.0,3,0.9439775910364145,3
hazelnut,test\good\039.png,good,0.0,3,0.9380952380952381,3
screw,test\scratch_neck\023.png,scratch_neck,0.001678466796875,3,0.9349593495934959,3
screw,test\good\025.png,good,0.0,3,0.9327731092436975,3
screw,test\good\003.png,good,0.0,3,0.9215686274509804,3
screw,test\good\013.png,good,0.0,3,0.9131652661064426,3
hazelnut,test\good\011.png,good,0.0,3,0.8714285714285714,3
hazelnut,test\good\007.png,good,0.0,3,0.861904761904762,3
cable,test\missing_wire\000.png,missing_wire,0.02386474609375,3,0.8448275862068966,3
screw,test\scratch_head\004.png,scratch_head,0.0028533935546875,3,0.8292682926829268,3
hazelnut,test\good\010.png,good,0.0,3,0.8285714285714286,3
hazelnut,test\good\022.png,good,0.0,3,0.8285714285714285,3
hazelnut,test\good\002.png,good,0.0,3,0.8238095238095239,3
screw,test\thread_side\021.png,thread_side,0.00323486328125,3,0.8211382113821138,3
hazelnut,test\crack\013.png,crack,0.0155487060546875,3,0.8166666666666667,3
screw,test\thread_side\014.png,thread_side,0.0025787353515625,3,0.8130081300813008,3
screw,test\thread_top\003.png,thread_top,0.0043487548828125,3,0.7967479674796748,3
hazelnut,test\cut\013.png,cut,0.0106964111328125,3,0.7583333333333333,3
hazelnut,test\good\008.png,good,0.0,3,0.7571428571428571,3
screw,test\thread_side\006.png,thread_side,0.0045166015625,3,0.7560975609756098,3
hazelnut,test\hole\008.png,hole,0.0052642822265625,3,0.75,3
hazelnut,test\hole\016.png,hole,0.0293426513671875,3,0.75,3
hazelnut,test\cut\016.png,cut,0.0077667236328125,3,0.725,3
hazelnut,test\good\019.png,good,0.0,3,0.7238095238095238,3
screw,test\manipulated_front\017.png,manipulated_front,0.0013427734375,3,0.7235772357723578,3
hazelnut,test\good\015.png,good,0.0,3,0.7142857142857143,3
hazelnut,test\good\017.png,good,0.0,3,0.7142857142857143,3
hazelnut,test\cut\001.png,cut,0.0155181884765625,3,0.7083333333333334,3
hazelnut,test\good\004.png,good,0.0,3,0.7,3
grid,test\glue\008.png,glue,0.0022430419921875,3,0.6984126984126984,3
cable,test\good\027.png,good,0.0,3,0.6956521739130435,3
screw,test\thread_side\020.png,thread_side,0.0015869140625,3,0.6829268292682926,3
pill,test\crack\001.png,crack,0.004180908203125,3,0.6794871794871795,3
hazelnut,test\good\018.png,good,0.0,3,0.6761904761904762,3
hazelnut,test\good\000.png,good,0.0,3,0.6761904761904761,3
hazelnut,test\crack\012.png,crack,0.015777587890625,3,0.675,3
cable,test\missing_wire\001.png,missing_wire,0.01580810546875,3,0.6666666666666666,3
cable,test\missing_wire\006.png,missing_wire,0.0175628662109375,3,0.6666666666666666,3
hazelnut,test\cut\006.png,cut,0.010162353515625,3,0.6583333333333333,3
hazelnut,test\print\003.png,print,0.017578125,3,0.6583333333333333,3
hazelnut,test\good\005.png,good,0.0,3,0.6476190476190476,3
hazelnut,test\hole\010.png,hole,0.01416015625,3,0.6416666666666666,3
capsule,test\faulty_imprint\019.png,faulty_imprint,0.001617431640625,3,0.6086956521739131,3
hazelnut,test\crack\015.png,crack,0.053009033203125,3,0.6083333333333334,3
screw,test\good\005.png,good,0.0,3,0.607843137254902,3
hazelnut,test\crack\011.png,crack,0.076507568359375,3,0.5916666666666667,3
hazelnut,test\crack\016.png,crack,0.02880859375,3,0.5916666666666667,3
hazelnut,test\hole\013.png,hole,0.0231781005859375,3,0.5833333333333334,3
screw,test\good\010.png,good,0.0,3,0.5770308123249299,3
pill,test\color\014.png,color,0.0028839111328125,3,0.5769230769230769,3
hazelnut,test\crack\000.png,crack,0.06317138671875,3,0.575,3
hazelnut,test\print\009.png,print,0.0293121337890625,3,0.575,3
screw,test\thread_top\012.png,thread_top,0.001190185546875,3,0.5691056910569106,3
cable,test\missing_wire\009.png,missing_wire,0.019622802734375,3,0.5689655172413793,3
hazelnut,test\cut\002.png,cut,0.006195068359375,3,0.5666666666666667,3
metal_nut,test\good\016.png,good,0.0,3,0.5663082437275986,3
screw,test\thread_side\009.png,thread_side,0.0024261474609375,3,0.5609756097560976,3
screw,test\thread_top\021.png,thread_top,0.0050811767578125,3,0.5609756097560975,3
hazelnut,test\print\013.png,print,0.01910400390625,3,0.5583333333333333,3
capsule,test\faulty_imprint\011.png,faulty_imprint,0.0013885498046875,3,0.5507246376811594,3
metal_nut,test\bent\006.png,bent,0.0139312744140625,3,0.5454545454545454,3
screw,test\scratch_neck\021.png,scratch_neck,0.002593994140625,3,0.5447154471544715,3
screw,test\good\027.png,good,0.0,3,0.5434173669467787,3
hazelnut,test\crack\014.png,crack,0.0219573974609375,3,0.5416666666666666,3
pill,test\crack\024.png,crack,0.006011962890625,3,0.5384615384615384,3
hazelnut,test\good\014.png,good,0.0,3,0.5380952380952381,3
screw,test\thread_top\017.png,thread_top,0.0011138916015625,3,0.5365853658536586,3
hazelnut,test\crack\003.png,crack,0.0214996337890625,3,0.5333333333333333,3
hazelnut,test\good\003.png,good,0.0,3,0.5285714285714286,3
screw,test\scratch_head\005.png,scratch_head,0.001312255859375,3,0.5284552845528455,3
screw,test\thread_side\003.png,thread_side,0.0019073486328125,3,0.5284552845528455,3
zipper,test\good\021.png,good,0.0,3,0.5266106442577031,3
pill,test\scratch\012.png,scratch,0.015869140625,3,0.5256410256410257,3
screw,test\good\029.png,good,0.0,3,0.5238095238095238,3
cable,test\cut_inner_insulation\008.png,cut_inner_insulation,0.0249481201171875,3,0.5229885057471264,3
hazelnut,test\hole\014.png,hole,0.0263519287109375,3,0.5166666666666666,3
hazelnut,test\print\015.png,print,0.0151519775390625,3,0.5166666666666666,3
zipper,test\good\022.png,good,0.0,3,0.5154061624649859,3
screw,test\manipulated_front\006.png,manipulated_front,0.003387451171875,3,0.5121951219512195,3
screw,test\scratch_head\022.png,scratch_head,0.0013580322265625,3,0.5121951219512195,3
screw,test\thread_top\002.png,thread_top,0.005706787109375,3,0.5121951219512195,3
hazelnut,test\crack\009.png,crack,0.2401885986328125,3,0.5083333333333333,3
hazelnut,test\cut\004.png,cut,0.0106048583984375,3,0.5083333333333333,3
screw,test\thread_top\019.png,thread_top,0.0074005126953125,3,0.5040650406504065,3
metal_nut,test\bent\014.png,bent,0.01068115234375,3,0.5,3
metal_nut,test\scratch\019.png,scratch,0.0555877685546875,3,0.5,3
screw,test\scratch_head\018.png,scratch_head,0.00372314453125,3,0.4959349593495935,3
hazelnut,test\crack\010.png,crack,0.27642822265625,3,0.49166666666666664,3
screw,test\manipulated_front\001.png,manipulated_front,0.002777099609375,3,0.4796747967479675,3
screw,test\thread_side\002.png,thread_side,0.002197265625,3,0.4796747967479675,3
screw,test\thread_top\013.png,thread_top,0.0027923583984375,3,0.4796747967479675,3
capsule,test\good\021.png,good,0.0,3,0.47706422018348627,3
screw,test\good\035.png,good,0.0,3,0.47619047619047616,3
hazelnut,test\hole\009.png,hole,0.0085906982421875,3,0.47500000000000003,3
hazelnut,test\print\005.png,print,0.0162353515625,3,0.475,3
screw,test\thread_side\018.png,thread_side,0.0023040771484375,3,0.4715447154471545,3
cable,test\missing_wire\008.png,missing_wire,0.0179290771484375,3,0.47126436781609193,3
cable,test\good\041.png,good,0.0,3,0.47101449275362317,3
screw,test\good\024.png,good,0.0,3,0.47058823529411764,3
toothbrush,test\good\006.png,good,0.0,3,0.4666666666666667,3
cable,test\missing_wire\002.png,missing_wire,0.0145111083984375,3,0.45977011494252873,3
zipper,test\good\027.png,good,0.0,3,0.4565826330532213,3
screw,test\scratch_head\003.png,scratch_head,0.001678466796875,3,0.4552845528455285,3
screw,test\manipulated_front\004.png,manipulated_front,0.0021209716796875,3,0.45528455284552843,3
hazelnut,test\crack\004.png,crack,0.027069091796875,3,0.45,3
hazelnut,test\cut\000.png,cut,0.0039215087890625,3,0.45,3
screw,test\scratch_neck\017.png,scratch_neck,0.0035858154296875,3,0.4471544715447155,3
screw,test\scratch_neck\005.png,scratch_neck,0.002044677734375,3,0.44715447154471544,3
toothbrush,test\good\007.png,good,0.0,3,0.4444444444444445,3
hazelnut,test\good\033.png,good,0.0,3,0.44285714285714284,3
hazelnut,test\cut\010.png,cut,0.0057830810546875,3,0.44166666666666665,3
hazelnut,test\hole\006.png,hole,0.012603759765625,3,0.44166666666666665,3
metal_nut,test\color\003.png,color,0.0047149658203125,3,0.4393939393939394,3
metal_nut,test\scratch\022.png,scratch,0.0738677978515625,3,0.4393939393939394,3
screw,test\manipulated_front\020.png,manipulated_front,0.0012969970703125,3,0.43902439024390244,3
screw,test\thread_side\010.png,thread_side,0.0029296875,3,0.43902439024390244,3
cable,test\missing_wire\007.png,missing_wire,0.018035888671875,3,0.4367816091954023,3
pill,test\color\017.png,color,0.00140380859375,3,0.4358974358974359,3
pill,test\color\020.png,color,0.0016326904296875,3,0.4358974358974359,3
capsule,test\scratch\009.png,scratch,0.0096435546875,3,0.43478260869565216,3
hazelnut,test\crack\007.png,crack,0.2238616943359375,3,0.43333333333333335,3
hazelnut,test\good\012.png,good,0.0,3,0.43333333333333335,3
hazelnut,test\hole\000.png,hole,0.0136260986328125,3,0.43333333333333335,3
cable,test\cut_inner_insulation\002.png,cut_inner_insulation,0.0255584716796875,3,0.43103448275862066,3
screw,test\scratch_head\020.png,scratch_head,0.0023345947265625,3,0.43089430894308944,3
hazelnut,test\print\016.png,print,0.0447235107421875,3,0.425,3
metal_nut,test\scratch\000.png,scratch,0.0190582275390625,3,0.42424242424242425,3
screw,test\thread_side\019.png,thread_side,0.0011749267578125,3,0.42276422764227645,3
screw,test\thread_top\015.png,thread_top,0.00360107421875,3,0.42276422764227645,3
capsule,test\scratch\005.png,scratch,0.0029449462890625,3,0.4202898550724638,3
capsule,test\faulty_imprint\006.png,faulty_imprint,0.0027618408203125,3,0.42028985507246375,3
hazelnut,test\hole\011.png,hole,0.012908935546875,3,0.41666666666666663,3
toothbrush,test\good\005.png,good,0.0,3,0.41111111111111115,3
pill,test\color\007.png,color,0.00128173828125,3,0.41025641025641024,3
metal_nut,test\bent\020.png,bent,0.0196990966796875,3,0.40909090909090906,3
hazelnut,test\crack\008.png,crack,0.1396026611328125,3,0.4083333333333333,3
cable,test\cut_inner_insulation\005.png,cut_inner_insulation,0.0261077880859375,3,0.40804597701149425,3
screw,test\scratch_head\023.png,scratch_head,0.0023345947265625,3,0.40650406504065045,3
capsule,test\faulty_imprint\007.png,faulty_imprint,0.00274658203125,3,0.4057971014492754,3
capsule,test\faulty_imprint\001.png,faulty_imprint,0.0021514892578125,3,0.40579710144927533,3
transistor,test\cut_lead\009.png,cut_lead,0.017608642578125,3,0.40555555555555556,3
cable,test\cable_swap\007.png,cable_swap,0.0606536865234375,3,0.40229885057471265,3
cable,test\cable_swap\011.png,cable_swap,0.0496063232421875,3,0.40229885057471265,3
screw,test\good\026.png,good,0.0,3,0.4005602240896359,3
hazelnut,test\cut\009.png,cut,0.0102081298828125,3,0.4,3
hazelnut,test\good\025.png,good,0.0,3,0.4,3
hazelnut,test\print\007.png,print,0.020172119140625,3,0.4,3
screw,test\manipulated_front\003.png,manipulated_front,0.00457763671875,3,0.3983739837398374,3
screw,test\scratch_head\014.png,scratch_head,0.0023193359375,3,0.3983739837398374,3
pill,test\scratch\013.png,scratch,0.0459136962890625,3,0.3974358974358974,3
cable,test\good\056.png,good,0.0,3,0.39492753623188404,3
metal_nut,test\bent\002.png,bent,0.009796142578125,3,0.393939393939394,3
screw,test\scratch_head\000.png,scratch_head,0.0026092529296875,3,0.3902439024390244,3
screw,test\scratch_head\002.png,scratch_head,0.0028533935546875,3,0.3902439024390244,3
screw,test\thread_top\000.png,thread_top,0.006561279296875,3,0.3902439024390244,3
toothbrush,test\defective\004.png,defective,0.00250244140625,3,0.3888888888888889,3
wood,test\scratch\001.png,scratch,0.009002685546875,3,0.38596491228070173,3
zipper,test\fabric_interior\007.png,fabric_interior,0.001617431640625,3,0.3854166666666667,3
hazelnut,test\hole\005.png,hole,0.011932373046875,3,0.3833333333333333,3
hazelnut,test\hole\015.png,hole,0.0063629150390625,3,0.3833333333333333,3
screw,test\manipulated_front\013.png,manipulated_front,0.002960205078125,3,0.3821138211382114,3
screw,test\scratch_neck\010.png,scratch_neck,0.004425048828125,3,0.3739837398373984,3
cable,test\missing_wire\004.png,missing_wire,0.03680419921875,3,0.3735632183908046,3
capsule,test\good\006.png,good,0.0,3,0.3730886850152905,3
metal_nut,test\good\006.png,good,0.0,3,0.3727598566308244,3
screw,test\good\019.png,good,0.0,3,0.36974789915966383,3
cable,test\good\036.png,good,0.0,3,0.3695652173913044,3
cable,test\good\049.png,good,0.0,3,0.3695652173913043,3
cable,test\good\051.png,good,0.0,3,0.3695652173913043,3
hazelnut,test\print\001.png,print,0.025543212890625,3,0.3666666666666667,3
transistor,test\cut_lead\005.png,cut_lead,0.0113067626953125,3,0.36666666666666664,3
screw,test\manipulated_front\008.png,manipulated_front,0.003570556640625,3,0.36585365853658536,3
cable,test\good\039.png,good,0.0,3,0.36231884057971014,3
screw,test\good\004.png,good,0.0,3,0.36134453781512604,3
toothbrush,test\defective\018.png,defective,0.0030059814453125,3,0.3611111111111111,3
capsule,test\good\011.png,good,0.0,3,0.36085626911314983,3
pill,test\color\016.png,color,0.0012359619140625,3,0.358974358974359,3
hazelnut,test\cut\011.png,cut,0.00628662109375,3,0.35833333333333334,3
hazelnut,test\print\014.png,print,0.0212554931640625,3,0.35833333333333334,3
screw,test\thread_side\016.png,thread_side,0.005279541015625,3,0.35772357723577236,3
screw,test\thread_top\001.png,thread_top,0.006134033203125,3,0.35772357723577236,3
cable,test\cut_inner_insulation\010.png,cut_inner_insulation,0.030181884765625,3,0.3563218390804598,3
screw,test\good\037.png,good,0.0,3,0.3557422969187675,3
screw,test\good\040.png,good,0.0,3,0.35294117647058826,3
cable,test\good\030.png,good,0.0,3,0.35144927536231885,3
screw,test\manipulated_front\023.png,manipulated_front,0.002410888671875,3,0.34959349593495936,3
screw,test\scratch_head\015.png,scratch_head,0.0034027099609375,3,0.34959349593495936,3
metal_nut,test\bent\004.png,bent,0.0156402587890625,3,0.3484848484848485,3
metal_nut,test\color\000.png,color,0.00433349609375,3,0.3484848484848485,3
metal_nut,test\color\001.png,color,0.0056610107421875,3,0.3484848484848485,3
pill,test\color\000.png,color,0.000640869140625,3,0.34615384615384615,3
pill,test\scratch\007.png,scratch,0.037811279296875,3,0.34615384615384615,3
pill,test\scratch\008.png,scratch,0.057464599609375,3,0.34615384615384615,3
cable,test\cut_inner_insulation\000.png,cut_inner_insulation,0.0317230224609375,3,0.3448275862068966,3
screw,test\good\031.png,good,0.0,3,0.3445378151260504,3
screw,test\thread_top\007.png,thread_top,0.006500244140625,3,0.34146341463414637,3
cable,test\good\013.png,good,0.0,3,0.33695652173913043,3
capsule,test\faulty_imprint\017.png,faulty_imprint,0.0032958984375,3,0.33333333333333337,3
screw,test\scratch_neck\019.png,scratch_neck,0.0039215087890625,3,0.33333333333333337,3
capsule,test\faulty_imprint\008.png,faulty_imprint,0.0030364990234375,3,0.3333333333333333,3
metal_nut,test\color\006.png,color,0.0077972412109375,3,0.3333333333333333,3
screw,test\manipulated_front\018.png,manipulated_front,0.0026092529296875,3,0.3333333333333333,3
transistor,test\cut_lead\008.png,cut_lead,0.019805908203125,3,0.3277777777777778,3
metal_nut,test\good\004.png,good,0.0,3,0.3261648745519713,3
hazelnut,test\crack\005.png,crack,0.0155181884765625,3,0.325,3
hazelnut,test\hole\012.png,hole,0.015899658203125,3,0.325,3
screw,test\good\012.png,good,0.0,3,0.3221288515406162,3
pill,test\contamination\004.png,contamination,0.0072784423828125,3,0.3205128205128205,3
screw,test\scratch_neck\002.png,scratch_neck,0.0027923583984375,3,0.3170731707317073,3
hazelnut,test\hole\017.png,hole,0.0255584716796875,3,0.31666666666666665,3
hazelnut,test\print\000.png,print,0.03778076171875,3,0.31666666666666665,3
transistor,test\cut_lead\001.png,cut_lead,0.0178985595703125,3,0.31666666666666665,3
capsule,test\good\009.png,good,0.0,3,0.3119266055045872,3
screw,test\manipulated_front\014.png,manipulated_front,0.003173828125,3,0.3089430894308943,3
screw,test\thread_top\018.png,thread_top,0.005340576171875,3,0.3089430894308943,3
hazelnut,test\hole\001.png,hole,0.0040283203125,3,0.30833333333333335,3
hazelnut,test\print\004.png,print,0.0305633544921875,3,0.30833333333333335,3
transistor,test\good\037.png,good,0.0,3,0.30833333333333335,3
cable,test\good\050.png,good,0.0,3,0.3079710144927536,3
pill,test\contamination\005.png,contamination,0.00701904296875,3,0.3076923076923077,3
pill,test\contamination\013.png,contamination,0.0075531005859375,3,0.3076923076923077,3
pill,test\crack\009.png,crack,0.0139923095703125,3,0.3076923076923077,3
toothbrush,test\defective\028.png,defective,0.00738525390625,3,0.3055555555555555,3
screw,test\good\001.png,good,0.0,3,0.30532212885154064,3
cable,test\good\043.png,good,0.0,3,0.30434782608695654,3
capsule,test\faulty_imprint\003.png,faulty_imprint,0.002044677734375,3,0.30434782608695654,3
metal_nut,test\bent\012.png,bent,0.0239105224609375,3,0.303030303030303,3
screw,test\manipulated_front\011.png,manipulated_front,0.0029754638671875,3,0.3008130081300813,3
cable,test\missing_cable\005.png,missing_cable,0.0676422119140625,3,0.29310344827586204,3
screw,test\scratch_head\011.png,scratch_head,0.0026397705078125,3,0.29268292682926833,3
hazelnut,test\crack\001.png,crack,0.063385009765625,3,0.2916666666666667,3
pill,test\good\009.png,good,0.0,3,0.2907801418439716,3
hazelnut,test\good\009.png,good,0.0,3,0.2904761904761905,3
hazelnut,test\good\021.png,good,0.0,3,0.29047619047619044,2
capsule,test\scratch\021.png,scratch,0.0043487548828125,3,0.2898550724637681,3
metal_nut,test\bent\010.png,bent,0.02880859375,3,0.2878787878787879,3
metal_nut,test\bent\015.png,bent,0.035797119140625,3,0.28787878787878785,3
metal_nut,test\bent\017.png,bent,0.018463134765625,3,0.28787878787878785,3
screw,test\scratch_head\019.png,scratch_head,0.00250244140625,3,0.2845528455284553,3
capsule,test\good\010.png,good,0.0,3,0.28440366972477066,3
cable,test\good\022.png,good,0.0,3,0.28260869565217395,3
pill,test\scratch\001.png,scratch,0.0040435791015625,3,0.28205128205128205,3
pill,test\scratch\005.png,scratch,0.00482177734375,3,0.28205128205128205,3
pill,test\good\023.png,good,0.0,3,0.28132387706855794,3
hazelnut,test\good\013.png,good,0.0,3,0.28095238095238095,3
toothbrush,test\defective\013.png,defective,0.0052642822265625,3,0.2777777777777778,3
screw,test\scratch_neck\020.png,scratch_neck,0.0070953369140625,3,0.2764227642276423,3
screw,test\thread_side\013.png,thread_side,0.001556396484375,3,0.2764227642276423,3
screw,test\thread_top\006.png,thread_top,0.007293701171875,3,0.2764227642276423,3
capsule,test\faulty_imprint\014.png,faulty_imprint,0.005706787109375,3,0.2753623188405797,3
capsule,test\poke\002.png,poke,0.0015869140625,3,0.2753623188405797,3
capsule,test\poke\005.png,poke,0.0010223388671875,3,0.2753623188405797,3
capsule,test\poke\010.png,poke,0.0019378662109375,3,0.2753623188405797,3
capsule,test\poke\015.png,poke,0.0043182373046875,3,0.2753623188405797,3
hazelnut,test\crack\017.png,crack,0.1749420166015625,3,0.275,3
hazelnut,test\good\020.png,good,0.0,3,0.26666666666666666,3
hazelnut,test\hole\004.png,hole,0.01129150390625,3,0.26666666666666666,3
transistor,test\good\044.png,good,0.0,3,0.26666666666666666,3
cable,test\good\024.png,good,0.0,3,0.2644927536231884,3
cable,test\good\008.png,good,0.0,3,0.2608695652173913,3
capsule,test\crack\008.png,crack,0.0027008056640625,3,0.2608695652173913,3
screw,test\manipulated_front\005.png,manipulated_front,0.0031585693359375,3,0.2601626016260163,3
screw,test\scratch_head\021.png,scratch_head,0.0019073486328125,3,0.26016260162601623,3
screw,test\thread_side\004.png,thread_side,0.0014190673828125,3,0.26016260162601623,3
hazelnut,test\cut\014.png,cut,0.0058135986328125,3,0.25833333333333336,3
hazelnut,test\print\006.png,print,0.02996826171875,3,0.2583333333333333,3
hazelnut,test\print\012.png,print,0.0191192626953125,3,0.2583333333333333,3
metal_nut,test\bent\016.png,bent,0.016998291015625,3,0.25757575757575757,3
pill,test\good\019.png,good,0.0,3,0.2529550827423168,3
screw,test\thread_side\022.png,thread_side,0.00372314453125,3,0.25203252032520324,3
toothbrush,test\defective\001.png,defective,0.0048370361328125,3,0.25,3
toothbrush,test\defective\003.png,defective,0.006317138671875,3,0.25,3
toothbrush,test\defective\006.png,defective,0.0133056640625,3,0.25,3
toothbrush,test\defective\007.png,defective,0.002288818359375,3,0.25,3
toothbrush,test\defective\011.png,defective,0.0038909912109375,3,0.25,3
toothbrush,test\defective\021.png,defective,0.0025177001953125,3,0.25,3
toothbrush,test\defective\024.png,defective,0.0047760009765625,3,0.25,3
cable,test\cable_swap\004.png,cable_swap,0.052459716796875,3,0.2471264367816092,3
cable,test\combined\006.png,combined,0.0895538330078125,3,0.2471264367816092,3
capsule,test\scratch\017.png,scratch,0.0046539306640625,3,0.24637681159420288,3
capsule,test\good\000.png,good,0.0,3,0.24464831804281348,3
screw,test\manipulated_front\010.png,manipulated_front,0.0035552978515625,3,0.24390243902439024,3
screw,test\scratch_neck\006.png,scratch_neck,0.0045623779296875,3,0.24390243902439024,3
pill,test\faulty_imprint\012.png,faulty_imprint,0.0113372802734375,3,0.24358974358974358,3
cable,test\good\007.png,good,0.0,3,0.2427536231884058,3
metal_nut,test\color\017.png,color,0.03326416015625,3,0.2424242424242424,3
screw,test\scratch_head\010.png,scratch_head,0.0021209716796875,3,0.23577235772357724,3
screw,test\scratch_head\013.png,scratch_head,0.0019073486328125,3,0.23577235772357724,3
cable,test\cut_inner_insulation\006.png,cut_inner_insulation,0.01885986328125,3,0.23563218390804597,3
transistor,test\damaged_case\006.png,damaged_case,0.020660400390625,3,0.23333333333333334,3
pill,test\color\021.png,color,0.0017547607421875,3,0.23076923076923078,3
pill,test\crack\010.png,crack,0.019866943359375,3,0.23076923076923078,3
screw,test\scratch_neck\014.png,scratch_neck,0.0028533935546875,3,0.22764227642276424,3
screw,test\thread_side\011.png,thread_side,0.0016326904296875,3,0.22764227642276424,3
metal_nut,test\scratch\005.png,scratch,0.0292816162109375,3,0.22727272727272727,3
hazelnut,test\hole\003.png,hole,0.0089111328125,3,0.225,3
cable,test\cut_inner_insulation\004.png,cut_inner_insulation,0.042327880859375,3,0.22413793103448276,3
cable,test\missing_cable\002.png,missing_cable,0.066131591796875,3,0.22413793103448276,3
screw,test\good\011.png,good,0.0,3,0.22128851540616246,3
screw,test\good\016.png,good,0.0,3,0.22128851540616246,3
cable,test\missing_cable\001.png,missing_cable,0.0684356689453125,3,0.21839080459770116,3
hazelnut,test\crack\006.png,crack,0.04083251953125,3,0.21666666666666667,3
wood,test\good\009.png,good,0.0,3,0.21666666666666667,3
metal_nut,test\good\002.png,good,0.0,3,0.21505376344086022,3
carpet,test\thread\009.png,thread,0.001953125,3,0.2142857142857143,1
pill,test\good\010.png,good,0.0,3,0.2127659574468085,3
metal_nut,test\bent\022.png,bent,0.013916015625,3,0.21212121212121213,3
metal_nut,test\scratch\014.png,scratch,0.0372161865234375,3,0.21212121212121213,3
metal_nut,test\bent\003.png,bent,0.018585205078125,3,0.2121212121212121,3
metal_nut,test\color\010.png,color,0.03265380859375,3,0.2121212121212121,3
metal_nut,test\scratch\009.png,scratch,0.088348388671875,3,0.2121212121212121,3
screw,test\scratch_neck\004.png,scratch_neck,0.00360107421875,3,0.21138211382113822,3
hazelnut,test\print\011.png,print,0.0481719970703125,3,0.20833333333333334,3
zipper,test\squeezed_teeth\008.png,squeezed_teeth,0.01513671875,3,0.20833333333333334,3
hazelnut,test\hole\002.png,hole,0.0069427490234375,3,0.20833333333333331,3
cable,test\cut_inner_insulation\009.png,cut_inner_insulation,0.0582427978515625,3,0.20689655172413793,3
pill,test\scratch\017.png,scratch,0.012969970703125,3,0.20512820512820515,3
hazelnut,test\good\023.png,good,0.0,3,0.20476190476190476,3
screw,test\thread_top\008.png,thread_top,0.0053558349609375,3,0.2032520325203252,3
screw,test\thread_top\010.png,thread_top,0.005126953125,3,0.2032520325203252,3
capsule,test\faulty_imprint\012.png,faulty_imprint,0.0064697265625,3,0.20289855072463767,3
capsule,test\faulty_imprint\015.png,faulty_imprint,0.0019989013671875,3,0.20289855072463767,3
hazelnut,test\print\002.png,print,0.018798828125,3,0.19999999999999998,3
metal_nut,test\bent\007.png,bent,0.0069427490234375,3,0.19696969696969696,3
screw,test\thread_top\022.png,thread_top,0.003814697265625,3,0.1951219512195122,3
transistor,test\cut_lead\002.png,cut_lead,0.0103912353515625,3,0.19444444444444445,3
pill,test\good\024.png,good,0.0,3,0.1938534278959811,2
screw,test\good\007.png,good,0.0,3,0.19327731092436976,3
pill,test\crack\013.png,crack,0.0028533935546875,3,0.19230769230769232,3
pill,test\faulty_imprint\004.png,faulty_imprint,0.0214691162109375,3,0.19230769230769232,3
hazelnut,test\cut\008.png,cut,0.0201263427734375,3,0.19166666666666668,3
hazelnut,test\print\008.png,print,0.0273284912109375,3,0.19166666666666668,3
transistor,test\good\014.png,good,0.0,3,0.19166666666666668,3
transistor,test\good\021.png,good,0.0,3,0.19166666666666665,3
hazelnut,test\good\016.png,good,0.0,3,0.1904761904761905,2
cable,test\poke_insulation\004.png,poke_insulation,0.0301361083984375,3,0.1896551724137931,3
capsule,test\faulty_imprint\002.png,faulty_imprint,0.0028228759765625,3,0.18840579710144928,2
capsule,test\poke\006.png,poke,0.0016326904296875,3,0.18840579710144928,3
capsule,test\poke\018.png,poke,0.0023040771484375,3,0.18840579710144928,2
capsule,test\scratch\010.png,scratch,0.0071563720703125,3,0.18840579710144928,2
capsule,test\scratch\020.png,scratch,0.005035400390625,3,0.18840579710144928,2
screw,test\good\008.png,good,0.0,3,0.1876750700280112,3
screw,test\good\015.png,good,0.0,3,0.1876750700280112,3
zipper,test\broken_teeth\009.png,broken_teeth,0.0085906982421875,3,0.1875,3
screw,test\scratch_neck\008.png,scratch_neck,0.00433349609375,3,0.1869918699186992,3
screw,test\scratch_neck\013.png,scratch_neck,0.0030670166015625,3,0.18699186991869918,3
screw,test\thread_side\001.png,thread_side,0.0057220458984375,3,0.18699186991869918,3
cable,test\good\005.png,good,0.0,3,0.18478260869565216,3
cable,test\missing_cable\003.png,missing_cable,0.0713348388671875,3,0.1839080459770115,3
metal_nut,test\scratch\004.png,scratch,0.04144287109375,3,0.18181818181818182,2
metal_nut,test\scratch\016.png,scratch,0.055633544921875,3,0.18181818181818182,3
pill,test\scratch\015.png,scratch,0.00933837890625,3,0.1794871794871795,3
screw,test\scratch_neck\009.png,scratch_neck,0.00244140625,3,0.17886178861788618,3
screw,test\scratch_neck\016.png,scratch_neck,0.0037384033203125,3,0.17886178861788618,3
carpet,test\metal_contamination\000.png,metal_contamination,0.00164794921875,3,0.17857142857142858,2
transistor,test\damaged_case\000.png,damaged_case,0.014801025390625,3,0.17777777777777778,2
transistor,test\damaged_case\003.png,damaged_case,0.014892578125,3,0.17777777777777778,2
cable,test\good\004.png,good,0.0,3,0.17753623188405798,3
screw,test\good\020.png,good,0.0,3,0.17647058823529413,3
metal_nut,test\good\019.png,good,0.0,3,0.17562724014336917,2
transistor,test\good\001.png,good,0.0,3,0.17500000000000002,3
transistor,test\good\055.png,good,0.0,3,0.175,3
capsule,test\faulty_imprint\018.png,faulty_imprint,0.002105712890625,3,0.17391304347826086,3
capsule,test\faulty_imprint\020.png,faulty_imprint,0.00347900390625,3,0.17391304347826086,2
capsule,test\poke\004.png,poke,0.0052490234375,3,0.17391304347826086,3
capsule,test\scratch\004.png,scratch,0.0101165771484375,3,0.17391304347826086,3
screw,test\good\022.png,good,0.0,3,0.17366946778711484,3
cable,test\cut_inner_insulation\013.png,cut_inner_insulation,0.0283203125,3,0.1724137931034483,3
tile,test\gray_stroke\012.png,gray_stroke,0.0257568359375,3,0.1717171717171717,3
screw,test\scratch_head\012.png,scratch_head,0.0033721923828125,3,0.17073170731707318,3
screw,test\good\018.png,good,0.0,3,0.1680672268907563,3
pill,test\scratch\002.png,scratch,0.0326995849609375,3,0.16666666666666669,3
pill,test\scratch\009.png,scratch,0.096343994140625,3,0.16666666666666669,3
cable,test\good\016.png,good,0.0,3,0.16666666666666666,3
metal_nut,test\color\005.png,color,0.011505126953125,3,0.16666666666666666,2
metal_nut,test\scratch\011.png,scratch,0.05902099609375,3,0.16666666666666666,3
toothbrush,test\defective\002.png,defective,0.0098876953125,3,0.16666666666666666,3
toothbrush,test\defective\027.png,defective,0.0028228759765625,3,0.16666666666666666,2
zipper,test\broken_teeth\002.png,broken_teeth,0.0138702392578125,3,0.16666666666666666,3
zipper,test\fabric_interior\012.png,fabric_interior,0.0111236572265625,3,0.16666666666666666,3
screw,test\manipulated_front\007.png,manipulated_front,0.0047149658203125,3,0.16260162601626016,3
screw,test\scratch_head\009.png,scratch_head,0.0030670166015625,3,0.16260162601626016,3
screw,test\scratch_head\017.png,scratch_head,0.00238037109375,3,0.16260162601626016,3
screw,test\scratch_neck\022.png,scratch_neck,0.0009918212890625,3,0.16260162601626016,3
capsule,test\good\008.png,good,0.0,3,0.16207951070336393,3
transistor,test\damaged_case\007.png,damaged_case,0.0128631591796875,3,0.16111111111111112,3
cable,test\missing_cable\010.png,missing_cable,0.080413818359375,3,0.16091954022988506,3
cable,test\poke_insulation\003.png,poke_insulation,0.0128173828125,3,0.16091954022988506,3
capsule,test\faulty_imprint\010.png,faulty_imprint,0.00274658203125,3,0.15942028985507248,2
capsule,test\faulty_imprint\009.png,faulty_imprint,0.002593994140625,3,0.15942028985507245,2
capsule,test\faulty_imprint\013.png,faulty_imprint,0.0031585693359375,3,0.15942028985507245,3
capsule,test\poke\020.png,poke,0.002716064453125,3,0.15942028985507245,2
capsule,test\scratch\002.png,scratch,0.005767822265625,3,0.15942028985507245,2
capsule,test\scratch\003.png,scratch,0.008056640625,3,0.15942028985507245,3
hazelnut,test\print\010.png,print,0.024017333984375,3,0.15833333333333335,3
transistor,test\good\002.png,good,0.0,3,0.15833333333333333,3
metal_nut,test\good\013.png,good,0.0,3,0.15770609318996415,3
cable,test\missing_wire\005.png,missing_wire,0.0179595947265625,3,0.15517241379310345,3
carpet,test\thread\016.png,thread,0.0047607421875,3,0.15476190476190477,1
screw,test\manipulated_front\002.png,manipulated_front,0.002471923828125,3,0.15447154471544716,3
screw,test\manipulated_front\021.png,manipulated_front,0.0014801025390625,3,0.15447154471544716,3
screw,test\scratch_neck\007.png,scratch_neck,0.002960205078125,3,0.15447154471544716,3
screw,test\scratch_neck\012.png,scratch_neck,0.003387451171875,3,0.15447154471544716,3
screw,test\thread_top\009.png,thread_top,0.003875732421875,3,0.15447154471544716,3
pill,test\contamination\006.png,contamination,0.0081329345703125,3,0.15384615384615385,3
metal_nut,test\color\014.png,color,0.0121612548828125,3,0.15151515151515152,3
tile,test\gray_stroke\003.png,gray_stroke,0.0504150390625,3,0.15151515151515152,3
transistor,test\good\032.png,good,0.0,3,0.15,3
cable,test\cable_swap\001.png,cable_swap,0.058685302734375,3,0.14942528735632182,3
capsule,test\crack\019.png,crack,0.0027313232421875,3,0.14492753623188406,2
capsule,test\faulty_imprint\000.png,faulty_imprint,0.0027008056640625,3,0.14492753623188406,2
capsule,test\faulty_imprint\016.png,faulty_imprint,0.00225830078125,3,0.14492753623188406,3
capsule,test\poke\019.png,poke,0.0021209716796875,3,0.14492753623188406,2
cable,test\missing_cable\007.png,missing_cable,0.15155029296875,3,0.14367816091954022,3
transistor,test\good\020.png,good,0.0,3,0.14166666666666666,2
pill,test\contamination\017.png,contamination,0.0106201171875,3,0.14102564102564102,2
pill,test\crack\015.png,crack,0.0036773681640625,3,0.14102564102564102,2
pill,test\faulty_imprint\005.png,faulty_imprint,0.04486083984375,3,0.14102564102564102,3
metal_nut,test\good\008.png,good,0.0,3,0.13978494623655913,3
toothbrush,test\defective\009.png,defective,0.0039520263671875,3,0.1388888888888889,3
screw,test\manipulated_front\000.png,manipulated_front,0.003631591796875,3,0.13821138211382114,3
screw,test\thread_side\017.png,thread_side,0.0027313232421875,3,0.13821138211382114,3
screw,test\thread_top\004.png,thread_top,0.0064239501953125,3,0.13821138211382114,3
screw,test\thread_top\016.png,thread_top,0.0038909912109375,3,0.13821138211382114,3
cable,test\missing_cable\011.png,missing_cable,0.07379150390625,3,0.13793103448275862,3
screw,test\good\023.png,good,0.0,3,0.1372549019607843,3
zipper,test\squeezed_teeth\000.png,squeezed_teeth,0.01568603515625,3,0.13541666666666666,3
tile,test\good\017.png,good,0.0,3,0.1349206349206349,2
cable,test\good\010.png,good,0.0,3,0.13405797101449274,3
cable,test\good\019.png,good,0.0,3,0.13405797101449274,3
metal_nut,test\good\020.png,good,0.0,3,0.13261648745519714,2
cable,test\missing_cable\000.png,missing_cable,0.0709686279296875,3,0.13218390804597702,3
carpet,test\thread\015.png,thread,0.0062408447265625,3,0.13095238095238096,2
carpet,test\thread\018.png,thread,0.0038604736328125,3,0.13095238095238096,1
cable,test\good\055.png,good,0.0,3,0.13043478260869565,3
capsule,test\crack\016.png,crack,0.0019989013671875,3,0.13043478260869565,2
screw,test\scratch_neck\015.png,scratch_neck,0.0028533935546875,3,0.13008130081300814,3
screw,test\thread_side\007.png,thread_side,0.00372314453125,3,0.13008130081300814,3
pill,test\contamination\008.png,contamination,0.004852294921875,3,0.12820512820512822,3
pill,test\scratch\022.png,scratch,0.006805419921875,3,0.12820512820512822,2
transistor,test\good\017.png,good,0.0,3,0.125,3
transistor,test\good\029.png,good,0.0,3,0.125,3
transistor,test\good\053.png,good,0.0,3,0.125,2
zipper,test\fabric_interior\001.png,fabric_interior,0.028472900390625,3,0.125,3
cable,test\good\031.png,good,0.0,3,0.12318840579710146,3
transistor,test\cut_lead\007.png,cut_lead,0.01025390625,3,0.12222222222222222,2
screw,test\manipulated_front\022.png,manipulated_front,0.0014190673828125,3,0.12195121951219512,3
screw,test\scratch_head\016.png,scratch_head,0.0019683837890625,3,0.12195121951219512,3
screw,test\scratch_neck\003.png,scratch_neck,0.00250244140625,3,0.12195121951219512,3
screw,test\thread_side\015.png,thread_side,0.0028533935546875,3,0.12195121951219512,3
metal_nut,test\color\021.png,color,0.0281524658203125,3,0.12121212121212122,3
metal_nut,test\scratch\020.png,scratch,0.0341033935546875,3,0.12121212121212122,3
metal_nut,test\bent\001.png,bent,0.0170440673828125,3,0.1212121212121212,2
metal_nut,test\bent\021.png,bent,0.0200347900390625,3,0.1212121212121212,3
metal_nut,test\color\007.png,color,0.01397705078125,3,0.1212121212121212,3
cable,test\missing_cable\008.png,missing_cable,0.13739013671875,3,0.1206896551724138,2
pill,test\good\000.png,good,0.0,3,0.12056737588652483,3
pill,test\good\017.png,good,0.0,3,0.1182033096926714,3
hazelnut,test\cut\015.png,cut,0.0087127685546875,3,0.11666666666666667,3
hazelnut,test\hole\007.png,hole,0.0023193359375,3,0.11666666666666667,3
transistor,test\good\031.png,good,0.0,3,0.11666666666666667,3
transistor,test\good\059.png,good,0.0,3,0.11666666666666667,3
capsule,test\poke\011.png,poke,0.0026702880859375,3,0.11594202898550725,2
capsule,test\poke\017.png,poke,0.0012359619140625,3,0.11594202898550725,2
capsule,test\scratch\007.png,scratch,0.0059051513671875,3,0.11594202898550725,3
capsule,test\scratch\015.png,scratch,0.012359619140625,3,0.11594202898550725,2
pill,test\color\024.png,color,0.0013427734375,3,0.11538461538461539,3
pill,test\crack\023.png,crack,0.0130767822265625,3,0.11538461538461538,2
cable,test\missing_cable\004.png,missing_cable,0.0743865966796875,3,0.11494252873563218,3
zipper,test\rough\008.png,rough,0.0483245849609375,3,0.11458333333333333,3
screw,test\scratch_head\007.png,scratch_head,0.002593994140625,3,0.11382113821138211,3
screw,test\scratch_neck\018.png,scratch_neck,0.0031280517578125,3,0.11382113821138211,3
pill,test\good\016.png,good,0.0,3,0.11347517730496454,2
cable,test\good\032.png,good,0.0,3,0.11231884057971014,3
cable,test\bent_wire\001.png,bent_wire,0.01458740234375,3,0.10919540229885058,3
cable,test\poke_insulation\000.png,poke_insulation,0.0082550048828125,3,0.10919540229885057,2
transistor,test\good\052.png,good,0.0,3,0.10833333333333334,3
metal_nut,test\good\007.png,good,0.0,3,0.10752688172043011,3
metal_nut,test\scratch\002.png,scratch,0.1170806884765625,3,0.10606060606060606,2
metal_nut,test\scratch\003.png,scratch,0.0438690185546875,3,0.10606060606060606,3
metal_nut,test\bent\024.png,bent,0.0187225341796875,3,0.10606060606060605,2
metal_nut,test\color\002.png,color,0.011383056640625,3,0.10606060606060605,2
screw,test\thread_top\005.png,thread_top,0.0100555419921875,3,0.10569105691056911,3
screw,test\scratch_neck\001.png,scratch_neck,0.0070648193359375,3,0.1056910569105691,3
screw,test\thread_top\011.png,thread_top,0.0048675537109375,3,0.1056910569105691,3
zipper,test\broken_teeth\000.png,broken_teeth,0.02679443359375,3,0.10416666666666667,2
zipper,test\broken_teeth\008.png,broken_teeth,0.015167236328125,3,0.10416666666666667,2
zipper,test\broken_teeth\016.png,broken_teeth,0.0099639892578125,3,0.10416666666666667,3
zipper,test\fabric_interior\003.png,fabric_interior,0.0079803466796875,3,0.10416666666666667,3
zipper,test\split_teeth\008.png,split_teeth,0.0120849609375,3,0.10416666666666667,3
zipper,test\squeezed_teeth\005.png,squeezed_teeth,0.0073394775390625,3,0.10416666666666667,3
zipper,test\squeezed_teeth\007.png,squeezed_teeth,0.0179443359375,3,0.10416666666666667,3
screw,test\good\002.png,good,0.0,3,0.10364145658263305,3
cable,test\poke_insulation\002.png,poke_insulation,0.0013885498046875,3,0.10344827586206896,2
pill,test\color\011.png,color,0.0009613037109375,3,0.10256410256410257,3
pill,test\color\018.png,color,0.001861572265625,3,0.10256410256410257,3
pill,test\scratch\019.png,scratch,0.003326416015625,3,0.10256410256410257,3
pill,test\scratch\000.png,scratch,0.0075531005859375,3,0.10256410256410256,2
cable,test\good\034.png,good,0.0,3,0.10144927536231883,3
capsule,test\poke\001.png,poke,0.002044677734375,3,0.10144927536231883,2
capsule,test\poke\003.png,poke,0.0019073486328125,3,0.10144927536231883,2
capsule,test\scratch\013.png,scratch,0.0030670166015625,3,0.10144927536231883,2
capsule,test\scratch\018.png,scratch,0.0057220458984375,3,0.10144927536231883,2
capsule,test\scratch\022.png,scratch,0.014434814453125,3,0.10144927536231883,3
tile,test\gray_stroke\002.png,gray_stroke,0.024383544921875,3,0.10101010101010101,3
tile,test\gray_stroke\010.png,gray_stroke,0.0621795654296875,3,0.10101010101010101,3
transistor,test\good\019.png,good,0.0,3,0.1,2
transistor,test\good\058.png,good,0.0,3,0.1,3
screw,test\good\006.png,good,0.0,3,0.09803921568627451,3
cable,test\good\054.png,good,0.0,3,0.09782608695652173,2
cable,test\bent_wire\002.png,bent_wire,0.0352020263671875,3,0.09770114942528736,3
cable,test\combined\005.png,combined,0.1416473388671875,3,0.09770114942528736,3
screw,test\manipulated_front\019.png,manipulated_front,0.0016937255859375,3,0.0975609756097561,3
screw,test\scratch_head\008.png,scratch_head,0.00286865234375,3,0.0975609756097561,3
metal_nut,test\good\000.png,good,0.0,3,0.0967741935483871,2
screw,test\good\021.png,good,0.0,3,0.09523809523809523,3
cable,test\good\040.png,good,0.0,3,0.09420289855072464,3
zipper,test\broken_teeth\006.png,broken_teeth,0.0167999267578125,3,0.09375,2
zipper,test\fabric_interior\002.png,fabric_interior,0.0263671875,3,0.09375,3
zipper,test\fabric_interior\008.png,fabric_interior,0.027679443359375,3,0.09375,3
zipper,test\fabric_interior\010.png,fabric_interior,0.022491455078125,3,0.09375,3
zipper,test\fabric_interior\011.png,fabric_interior,0.029449462890625,3,0.09375,3
zipper,test\fabric_interior\015.png,fabric_interior,0.0137481689453125,3,0.09375,3
zipper,test\squeezed_teeth\004.png,squeezed_teeth,0.0081634521484375,3,0.09375,3
zipper,test\squeezed_teeth\012.png,squeezed_teeth,0.0100860595703125,3,0.09375,3
screw,test\good\028.png,good,0.0,3,0.09243697478991597,3
pill,test\good\013.png,good,0.0,3,0.09219858156028368,3
transistor,test\good\028.png,good,0.0,3,0.09166666666666667,3
transistor,test\good\045.png,good,0.0,3,0.09166666666666667,2
transistor,test\good\015.png,good,0.0,3,0.09166666666666666,3
transistor,test\good\039.png,good,0.0,3,0.09166666666666666,2
transistor,test\good\041.png,good,0.0,3,0.09166666666666666,2
tile,test\good\004.png,good,0.0,3,0.09126984126984126,2
metal_nut,test\bent\005.png,bent,0.0220794677734375,3,0.09090909090909091,2
metal_nut,test\color\019.png,color,0.0227813720703125,3,0.09090909090909091,2
metal_nut,test\color\016.png,color,0.0249176025390625,3,0.0909090909090909,1
cable,test\good\014.png,good,0.0,3,0.09057971014492754,3
hazelnut,test\good\030.png,good,0.0,3,0.09047619047619047,2
hazelnut,test\good\036.png,good,0.0,3,0.09047619047619047,1
pill,test\good\002.png,good,0.0,3,0.08983451536643026,3
pill,test\contamination\009.png,contamination,0.0085296630859375,3,0.08974358974358974,2
pill,test\crack\014.png,crack,0.0032806396484375,3,0.08974358974358974,3
pill,test\faulty_imprint\003.png,faulty_imprint,0.014801025390625,3,0.08974358974358974,2
pill,test\scratch\020.png,scratch,0.004974365234375,3,0.08974358974358974,2
screw,test\scratch_head\006.png,scratch_head,0.0024871826171875,3,0.08943089430894309,3
screw,test\thread_side\008.png,thread_side,0.0026397705078125,3,0.08943089430894309,3
cable,test\good\012.png,good,0.0,3,0.08695652173913043,3
cable,test\good\052.png,good,0.0,3,0.08695652173913043,3
screw,test\good\032.png,good,0.0,3,0.08683473389355742,3
screw,test\good\033.png,good,0.0,3,0.08683473389355742,3
zipper,test\good\029.png,good,0.0,3,0.08683473389355742,2
cable,test\missing_wire\003.png,missing_wire,0.0388336181640625,3,0.08620689655172414,3
hazelnut,test\cut\005.png,cut,0.0062408447265625,3,0.08333333333333333,3
zipper,test\broken_teeth\012.png,broken_teeth,0.010009765625,3,0.08333333333333333,2
zipper,test\fabric_interior\013.png,fabric_interior,0.02587890625,3,0.08333333333333333,3
zipper,test\fabric_interior\014.png,fabric_interior,0.0156707763671875,3,0.08333333333333333,3
zipper,test\split_teeth\000.png,split_teeth,0.0398712158203125,3,0.08333333333333333,3
zipper,test\split_teeth\005.png,split_teeth,0.0369873046875,3,0.08333333333333333,3
zipper,test\split_teeth\007.png,split_teeth,0.01959228515625,3,0.08333333333333333,3
zipper,test\squeezed_teeth\006.png,squeezed_teeth,0.0064544677734375,3,0.08333333333333333,3
zipper,test\squeezed_teeth\009.png,squeezed_teeth,0.014495849609375,3,0.08333333333333333,3
capsule,test\good\003.png,good,0.0,3,0.08256880733944955,2
metal_nut,test\good\010.png,good,0.0,3,0.08243727598566308,2
screw,test\thread_side\000.png,thread_side,0.0015106201171875,3,0.08130081300813008,3
tile,test\gray_stroke\000.png,gray_stroke,0.018218994140625,3,0.08080808080808081,3
cable,test\cable_swap\006.png,cable_swap,0.0647735595703125,3,0.08045977011494253,3
cable,test\cut_inner_insulation\007.png,cut_inner_insulation,0.0392913818359375,3,0.08045977011494253,3
cable,test\good\020.png,good,0.0,3,0.07971014492753623,2
hazelnut,test\good\031.png,good,0.0,3,0.0761904761904762,3
cable,test\good\002.png,good,0.0,3,0.07608695652173914,3
cable,test\good\003.png,good,0.0,3,0.07608695652173914,3
metal_nut,test\bent\019.png,bent,0.0284271240234375,3,0.07575757575757576,1
metal_nut,test\scratch\010.png,scratch,0.1192779541015625,3,0.07575757575757576,1
metal_nut,test\scratch\018.png,scratch,0.039642333984375,3,0.07575757575757576,1
metal_nut,test\good\005.png,good,0.0,3,0.07526881720430108,2
transistor,test\good\040.png,good,0.0,3,0.075,2
transistor,test\good\054.png,good,0.0,3,0.075,2
cable,test\missing_cable\006.png,missing_cable,0.2258758544921875,3,0.07471264367816093,3
cable,test\cable_swap\000.png,cable_swap,0.0639495849609375,3,0.07471264367816091,3
screw,test\manipulated_front\012.png,manipulated_front,0.001617431640625,3,0.07317073170731707,3
screw,test\scratch_neck\011.png,scratch_neck,0.001556396484375,3,0.07317073170731707,3
screw,test\thread_side\005.png,thread_side,0.0025787353515625,3,0.07317073170731707,3
zipper,test\broken_teeth\001.png,broken_teeth,0.013214111328125,3,0.07291666666666667,2
zipper,test\broken_teeth\005.png,broken_teeth,0.008087158203125,3,0.07291666666666667,2
zipper,test\broken_teeth\015.png,broken_teeth,0.0160064697265625,3,0.07291666666666667,3
zipper,test\combined\001.png,combined,0.043426513671875,3,0.07291666666666667,3
zipper,test\combined\002.png,combined,0.0341339111328125,3,0.07291666666666667,3
zipper,test\combined\004.png,combined,0.028167724609375,3,0.07291666666666667,3
zipper,test\combined\008.png,combined,0.026702880859375,3,0.07291666666666667,3
zipper,test\fabric_interior\004.png,fabric_interior,0.0097808837890625,3,0.07291666666666667,3
zipper,test\squeezed_teeth\013.png,squeezed_teeth,0.0112457275390625,3,0.07291666666666667,2
zipper,test\squeezed_teeth\014.png,squeezed_teeth,0.0204620361328125,3,0.07291666666666667,2
cable,test\good\029.png,good,0.0,3,0.07246376811594203,3
cable,test\good\045.png,good,0.0,3,0.07246376811594203,3
capsule,test\crack\021.png,crack,0.00042724609375,3,0.07246376811594203,2
capsule,test\poke\013.png,poke,0.0024261474609375,3,0.07246376811594203,2
capsule,test\scratch\000.png,scratch,0.0032806396484375,3,0.07246376811594203,3
capsule,test\scratch\006.png,scratch,0.0085296630859375,3,0.07246376811594203,3
capsule,test\scratch\008.png,scratch,0.0064239501953125,3,0.07246376811594203,2
capsule,test\scratch\011.png,scratch,0.00634765625,3,0.07246376811594203,3
hazelnut,test\good\028.png,good,0.0,3,0.07142857142857144,2
hazelnut,test\good\026.png,good,0.0,3,0.07142857142857142,3
hazelnut,test\good\034.png,good,0.0,3,0.07142857142857142,2
capsule,test\good\015.png,good,0.0,3,0.07033639143730887,1
wood,test\liquid\006.png,liquid,0.0560760498046875,3,0.07017543859649122,3
wood,test\scratch\006.png,scratch,0.4128265380859375,3,0.07017543859649122,3
screw,test\good\009.png,good,0.0,3,0.0700280112044818,3
cable,test\bent_wire\000.png,bent_wire,0.022064208984375,3,0.06896551724137931,3
cable,test\combined\009.png,combined,0.0883941650390625,3,0.06896551724137931,3
cable,test\good\044.png,good,0.0,3,0.06884057971014493,3
cable,test\good\048.png,good,0.0,3,0.06884057971014493,2
pill,test\good\006.png,good,0.0,3,0.06855791962174941,3
screw,test\good\038.png,good,0.0,3,0.06722689075630252,3
hazelnut,test\good\032.png,good,0.0,3,0.06666666666666667,2
hazelnut,test\good\037.png,good,0.0,3,0.06666666666666667,3
toothbrush,test\good\004.png,good,0.0,3,0.06666666666666667,3
toothbrush,test\good\009.png,good,0.0,3,0.06666666666666667,2
transistor,test\good\010.png,good,0.0,3,0.06666666666666667,1
transistor,test\good\016.png,good,0.0,3,0.06666666666666667,1
transistor,test\good\018.png,good,0.0,3,0.06666666666666667,1
transistor,test\good\023.png,good,0.0,3,0.06666666666666667,1
transistor,test\good\057.png,good,0.0,3,0.06666666666666667,1
screw,test\manipulated_front\015.png,manipulated_front,0.00457763671875,3,0.06504065040650406,2
screw,test\scratch_head\001.png,scratch_head,0.0029296875,3,0.06504065040650406,3
screw,test\thread_side\012.png,thread_side,0.0040740966796875,3,0.06504065040650406,3
screw,test\thread_top\020.png,thread_top,0.0064697265625,3,0.06504065040650406,3
metal_nut,test\good\003.png,good,0.0,3,0.06451612903225806,3
screw,test\good\000.png,good,0.0,3,0.06442577030812326,1
pill,test\combined\000.png,combined,0.015625,3,0.06410256410256411,2
pill,test\combined\007.png,combined,0.013671875,3,0.06410256410256411,2
pill,test\faulty_imprint\000.png,faulty_imprint,0.0089263916015625,3,0.06410256410256411,1
pill,test\scratch\004.png,scratch,0.036102294921875,3,0.06410256410256411,3
pill,test\scratch\006.png,scratch,0.0037841796875,3,0.06410256410256411,2
pill,test\scratch\016.png,scratch,0.00640869140625,3,0.06410256410256411,1
grid,test\glue\007.png,glue,0.0048370361328125,3,0.06349206349206349,2
cable,test\cable_swap\009.png,cable_swap,0.0555572509765625,3,0.06321839080459771,3
cable,test\cut_inner_insulation\012.png,cut_inner_insulation,0.09912109375,3,0.06321839080459771,3
cable,test\missing_cable\009.png,missing_cable,0.1443023681640625,3,0.06321839080459771,3
zipper,test\broken_teeth\004.png,broken_teeth,0.0149383544921875,3,0.0625,2
zipper,test\broken_teeth\014.png,broken_teeth,0.012359619140625,3,0.0625,2
zipper,test\combined\007.png,combined,0.0274200439453125,3,0.0625,2
zipper,test\combined\012.png,combined,0.0480499267578125,3,0.0625,2
zipper,test\fabric_interior\005.png,fabric_interior,0.0102081298828125,3,0.0625,2
zipper,test\fabric_interior\006.png,fabric_interior,0.024078369140625,3,0.0625,2
zipper,test\fabric_interior\009.png,fabric_interior,0.0193939208984375,3,0.0625,2
zipper,test\rough\000.png,rough,0.03057861328125,3,0.0625,2
zipper,test\rough\004.png,rough,0.0484161376953125,3,0.0625,2
zipper,test\rough\005.png,rough,0.04925537109375,3,0.0625,1
zipper,test\rough\007.png,rough,0.0369873046875,3,0.0625,2
zipper,test\rough\010.png,rough,0.024444580078125,3,0.0625,2
zipper,test\rough\011.png,rough,0.0243377685546875,3,0.0625,2
zipper,test\rough\012.png,rough,0.06500244140625,3,0.0625,2
zipper,test\split_teeth\006.png,split_teeth,0.033294677734375,3,0.0625,3
zipper,test\split_teeth\009.png,split_teeth,0.0214080810546875,3,0.0625,2
zipper,test\split_teeth\010.png,split_teeth,0.0400390625,3,0.0625,2
zipper,test\split_teeth\013.png,split_teeth,0.02777099609375,3,0.0625,3
screw,test\good\017.png,good,0.0,3,0.061624649859943974,2
cable,test\good\015.png,good,0.0,3,0.06159420289855073,3
cable,test\good\042.png,good,0.0,3,0.06159420289855073,3
transistor,test\damaged_case\002.png,damaged_case,0.0063323974609375,3,0.06111111111111111,2
metal_nut,test\color\011.png,color,0.0447235107421875,3,0.06060606060606061,1
metal_nut,test\scratch\013.png,scratch,0.0436859130859375,3,0.06060606060606061,3
tile,test\gray_stroke\005.png,gray_stroke,0.042724609375,3,0.06060606060606061,3
tile,test\rough\002.png,rough,0.1234893798828125,3,0.06060606060606061,3
tile,test\rough\005.png,rough,0.0932464599609375,3,0.06060606060606061,3
transistor,test\good\003.png,good,0.0,3,0.058333333333333334,2
cable,test\good\028.png,good,0.0,3,0.057971014492753624,3
capsule,test\crack\013.png,crack,0.000946044921875,3,0.057971014492753624,3
capsule,test\poke\007.png,poke,0.000640869140625,3,0.057971014492753624,2
capsule,test\scratch\001.png,scratch,0.006622314453125,3,0.057971014492753624,2
capsule,test\scratch\014.png,scratch,0.015167236328125,3,0.057971014492753624,2
cable,test\bent_wire\008.png,bent_wire,0.018768310546875,3,0.05747126436781609,2
cable,test\cut_inner_insulation\001.png,cut_inner_insulation,0.02911376953125,3,0.05747126436781609,2
screw,test\manipulated_front\016.png,manipulated_front,0.00665283203125,3,0.056910569105691054,3
pill,test\good\014.png,good,0.0,3,0.05673758865248227,3
zipper,test\good\028.png,good,0.0,3,0.05602240896358543,3
transistor,test\cut_lead\004.png,cut_lead,0.0357208251953125,3,0.05555555555555556,3
cable,test\good\009.png,good,0.0,3,0.05434782608695652,3
cable,test\good\033.png,good,0.0,3,0.05434782608695652,2
grid,test\good\005.png,good,0.0,3,0.05263157894736842,3
wood,test\hole\005.png,hole,0.013946533203125,3,0.05263157894736842,3
wood,test\scratch\004.png,scratch,0.02117919921875,3,0.05263157894736842,3
wood,test\scratch\016.png,scratch,0.061920166015625,3,0.05263157894736842,3
wood,test\scratch\020.png,scratch,0.0244140625,3,0.05263157894736842,3
zipper,test\broken_teeth\011.png,broken_teeth,0.0087890625,3,0.052083333333333336,2
zipper,test\combined\009.png,combined,0.0290679931640625,3,0.052083333333333336,2
zipper,test\combined\014.png,combined,0.0518341064453125,3,0.052083333333333336,2
zipper,test\rough\001.png,rough,0.0415191650390625,3,0.052083333333333336,2
zipper,test\rough\002.png,rough,0.0465545654296875,3,0.052083333333333336,2
zipper,test\rough\009.png,rough,0.03424072265625,3,0.052083333333333336,2
zipper,test\rough\015.png,rough,0.057586669921875,3,0.052083333333333336,2
zipper,test\rough\016.png,rough,0.0265960693359375,3,0.052083333333333336,3
zipper,test\split_teeth\014.png,split_teeth,0.0384521484375,3,0.052083333333333336,2
zipper,test\split_teeth\015.png,split_teeth,0.0420379638671875,3,0.052083333333333336,2
zipper,test\split_teeth\016.png,split_teeth,0.0280914306640625,3,0.052083333333333336,2
zipper,test\squeezed_teeth\002.png,squeezed_teeth,0.01702880859375,3,0.052083333333333336,2
pill,test\good\012.png,good,0.0,3,0.05200945626477542,3
capsule,test\good\004.png,good,0.0,3,0.051987767584097865,3
cable,test\bent_wire\007.png,bent_wire,0.036773681640625,3,0.05172413793103448,3
cable,test\poke_insulation\001.png,poke_insulation,0.030059814453125,3,0.05172413793103448,2
cable,test\poke_insulation\007.png,poke_insulation,0.0487518310546875,3,0.05172413793103448,3
pill,test\combined\010.png,combined,0.021087646484375,3,0.05128205128205129,1
pill,test\faulty_imprint\001.png,faulty_imprint,0.0077362060546875,3,0.05128205128205129,1
pill,test\scratch\010.png,scratch,0.010894775390625,3,0.05128205128205129,1
cable,test\good\021.png,good,0.0,3,0.05072463768115942,2
tile,test\gray_stroke\004.png,gray_stroke,0.0496673583984375,3,0.050505050505050504,3
tile,test\gray_stroke\009.png,gray_stroke,0.0422210693359375,3,0.050505050505050504,3
screw,test\good\039.png,good,0.0,3,0.05042016806722689,3
zipper,test\good\019.png,good,0.0,3,0.050420168067226885,2
hazelnut,test\crack\002.png,crack,0.01263427734375,3,0.05,2
hazelnut,test\cut\012.png,cut,0.00836181640625,3,0.05,2
transistor,test\damaged_case\005.png,damaged_case,0.0350341796875,3,0.05,3
hazelnut,test\cut\007.png,cut,0.006622314453125,3,0.049999999999999996,2
carpet,test\metal_contamination\001.png,metal_contamination,0.003204345703125,3,0.047619047619047616,1
tile,test\good\024.png,good,0.0,3,0.047619047619047616,1
cable,test\good\035.png,good,0.0,3,0.04710144927536232,3
metal_nut,test\good\011.png,good,0.0,3,0.04659498207885305,3
cable,test\poke_insulation\006.png,poke_insulation,0.0265350341796875,3,0.04597701149425287,2
cable,test\poke_insulation\008.png,poke_insulation,0.0397491455078125,3,0.04597701149425287,2
capsule,test\good\020.png,good,0.0,3,0.045871559633027525,2
metal_nut,test\scratch\001.png,scratch,0.071319580078125,3,0.045454545454545456,2
metal_nut,test\scratch\008.png,scratch,0.0707855224609375,3,0.045454545454545456,2
metal_nut,test\scratch\012.png,scratch,0.123138427734375,3,0.045454545454545456,2
pill,test\good\011.png,good,0.0,3,0.04491725768321513,2
tile,test\good\008.png,good,0.0,3,0.043650793650793655,1
cable,test\good\038.png,good,0.0,3,0.043478260869565216,3
capsule,test\crack\005.png,crack,0.0042572021484375,3,0.043478260869565216,2
capsule,test\faulty_imprint\021.png,faulty_imprint,0.003204345703125,3,0.043478260869565216,2
capsule,test\poke\009.png,poke,0.002227783203125,3,0.043478260869565216,2
capsule,test\poke\012.png,poke,0.0029449462890625,3,0.043478260869565216,2
capsule,test\poke\014.png,poke,0.00347900390625,3,0.043478260869565216,2
capsule,test\scratch\019.png,scratch,0.0091705322265625,3,0.043478260869565216,2
hazelnut,test\cut\003.png,cut,0.0053558349609375,3,0.04166666666666667,2
transistor,test\good\011.png,good,0.0,3,0.041666666666666664,1
transistor,test\good\013.png,good,0.0,3,0.041666666666666664,1
zipper,test\broken_teeth\013.png,broken_teeth,0.026611328125,3,0.041666666666666664,2
zipper,test\fabric_interior\000.png,fabric_interior,0.0202484130859375,3,0.041666666666666664,2
zipper,test\rough\003.png,rough,0.072265625,3,0.041666666666666664,2
zipper,test\split_teeth\011.png,split_teeth,0.0196533203125,3,0.041666666666666664,2
zipper,test\squeezed_teeth\001.png,squeezed_teeth,0.0246429443359375,3,0.041666666666666664,1
zipper,test\squeezed_teeth\015.png,squeezed_teeth,0.0234527587890625,3,0.041666666666666664,2
screw,test\scratch_neck\000.png,scratch_neck,0.0026702880859375,3,0.04065040650406504,3
cable,test\cable_swap\010.png,cable_swap,0.0576324462890625,3,0.040229885057471264,3
cable,test\good\037.png,good,0.0,3,0.03985507246376812,3
tile,test\good\006.png,good,0.0,3,0.03968253968253968,2
screw,test\good\034.png,good,0.0,3,0.0392156862745098,2
pill,test\contamination\012.png,contamination,0.009490966796875,3,0.038461538461538464,2
pill,test\faulty_imprint\011.png,faulty_imprint,0.054931640625,3,0.038461538461538464,1
pill,test\faulty_imprint\016.png,faulty_imprint,0.041168212890625,3,0.038461538461538464,1
pill,test\scratch\014.png,scratch,0.0767059326171875,3,0.038461538461538464,1
pill,test\good\007.png,good,0.0,3,0.037825059101654845,3
capsule,test\good\019.png,good,0.0,3,0.03669724770642202,2
zipper,test\good\007.png,good,0.0,3,0.03641456582633053,3
cable,test\good\057.png,good,0.0,3,0.036231884057971016,3
carpet,test\color\017.png,color,0.0087890625,3,0.03571428571428571,1
wood,test\hole\006.png,hole,0.0027008056640625,3,0.03508771929824561,2
wood,test\scratch\000.png,scratch,0.1000823974609375,3,0.03508771929824561,2
wood,test\scratch\005.png,scratch,0.10467529296875,3,0.03508771929824561,2
wood,test\scratch\012.png,scratch,0.069610595703125,3,0.03508771929824561,2
wood,test\scratch\014.png,scratch,0.025360107421875,3,0.03508771929824561,2
cable,test\bent_wire\003.png,bent_wire,0.0123748779296875,3,0.034482758620689655,3
cable,test\cable_swap\003.png,cable_swap,0.056304931640625,3,0.034482758620689655,3
cable,test\cable_swap\008.png,cable_swap,0.0587158203125,3,0.034482758620689655,3
capsule,test\good\002.png,good,0.0,3,0.033639143730886854,3
hazelnut,test\good\029.png,good,0.0,3,0.03333333333333333,1
hazelnut,test\good\035.png,good,0.0,3,0.03333333333333333,3
transistor,test\cut_lead\003.png,cut_lead,0.014251708984375,3,0.03333333333333333,2
transistor,test\damaged_case\004.png,damaged_case,0.025390625,3,0.03333333333333333,3
transistor,test\good\024.png,good,0.0,3,0.03333333333333333,2
transistor,test\good\036.png,good,0.0,3,0.03333333333333333,2
pill,test\good\008.png,good,0.0,3,0.03309692671394799,3
zipper,test\broken_teeth\010.png,broken_teeth,0.0096588134765625,3,0.03125,1
zipper,test\rough\006.png,rough,0.086151123046875,3,0.03125,1
zipper,test\rough\013.png,rough,0.0296478271484375,3,0.03125,1
zipper,test\rough\014.png,rough,0.0293121337890625,3,0.03125,1
zipper,test\split_teeth\002.png,split_teeth,0.01129150390625,3,0.03125,1
zipper,test\split_teeth\017.png,split_teeth,0.0261688232421875,3,0.03125,1
zipper,test\squeezed_teeth\010.png,squeezed_teeth,0.0469818115234375,3,0.03125,1
zipper,test\squeezed_teeth\011.png,squeezed_teeth,0.0128173828125,3,0.03125,1
pill,test\good\021.png,good,0.0,3,0.030732860520094562,1
metal_nut,test\bent\018.png,bent,0.0243072509765625,3,0.030303030303030304,2
metal_nut,test\color\012.png,color,0.065582275390625,3,0.030303030303030304,1
metal_nut,test\color\018.png,color,0.01898193359375,3,0.030303030303030304,2
metal_nut,test\scratch\006.png,scratch,0.0301666259765625,3,0.030303030303030304,2
metal_nut,test\scratch\007.png,scratch,0.055816650390625,3,0.030303030303030304,2
metal_nut,test\scratch\017.png,scratch,0.0475921630859375,3,0.030303030303030304,2
metal_nut,test\scratch\021.png,scratch,0.069366455078125,3,0.030303030303030304,2
tile,test\gray_stroke\001.png,gray_stroke,0.0409393310546875,3,0.030303030303030304,2
tile,test\gray_stroke\008.png,gray_stroke,0.0261993408203125,3,0.030303030303030304,2
tile,test\gray_stroke\014.png,gray_stroke,0.0706634521484375,3,0.030303030303030304,2
tile,test\rough\000.png,rough,0.04083251953125,3,0.030303030303030304,2
tile,test\rough\006.png,rough,0.081024169921875,3,0.030303030303030304,2
cable,test\good\006.png,good,0.0,3,0.028985507246376812,2
capsule,test\crack\000.png,crack,0.00250244140625,3,0.028985507246376812,1
capsule,test\crack\022.png,crack,0.000732421875,3,0.028985507246376812,1
capsule,test\scratch\012.png,scratch,0.0044097900390625,3,0.028985507246376812,2
capsule,test\scratch\016.png,scratch,0.0055389404296875,3,0.028985507246376812,2
capsule,test\squeeze\019.png,squeeze,0.0102386474609375,3,0.028985507246376812,1
cable,test\bent_wire\005.png,bent_wire,0.035980224609375,3,0.028735632183908046,2
cable,test\bent_wire\012.png,bent_wire,0.0690155029296875,3,0.028735632183908046,3
pill,test\good\025.png,good,0.0,3,0.028368794326241134,3
wood,test\good\017.png,good,0.0,3,0.02777777777777778,3
toothbrush,test\defective\015.png,defective,0.0066375732421875,3,0.027777777777777776,1
toothbrush,test\defective\019.png,defective,0.01776123046875,3,0.027777777777777776,1
toothbrush,test\defective\020.png,defective,0.01165771484375,3,0.027777777777777776,1
capsule,test\good\007.png,good,0.0,3,0.027522935779816515,1
carpet,test\good\005.png,good,0.0,3,0.026217228464419474,2
pill,test\good\020.png,good,0.0,3,0.026004728132387706,1
pill,test\contamination\010.png,contamination,0.0206756591796875,3,0.025641025641025644,2
pill,test\contamination\019.png,contamination,0.008209228515625,3,0.025641025641025644,2
pill,test\crack\000.png,crack,0.01025390625,3,0.025641025641025644,2
pill,test\crack\003.png,crack,0.0030517578125,3,0.025641025641025644,2
pill,test\faulty_imprint\009.png,faulty_imprint,0.0156402587890625,3,0.025641025641025644,2
pill,test\faulty_imprint\017.png,faulty_imprint,0.032684326171875,3,0.025641025641025644,2
cable,test\good\047.png,good,0.0,3,0.02536231884057971,3
metal_nut,test\good\001.png,good,0.0,3,0.025089605734767026,2
metal_nut,test\good\017.png,good,0.0,3,0.025089605734767026,1
transistor,test\good\006.png,good,0.0,3,0.025,2
transistor,test\good\012.png,good,0.0,3,0.025,2
transistor,test\good\025.png,good,0.0,3,0.025,2
transistor,test\good\033.png,good,0.0,3,0.025,2
transistor,test\good\042.png,good,0.0,3,0.025,2
capsule,test\good\013.png,good,0.0,3,0.024464831804281346,3
pill,test\good\005.png,good,0.0,3,0.02364066193853428,3
grid,test\good\006.png,good,0.0,3,0.023391812865497075,3
grid,test\good\014.png,good,0.0,3,0.023391812865497075,3
cable,test\cable_swap\005.png,cable_swap,0.06256103515625,3,0.022988505747126436,1
cable,test\cut_outer_insulation\001.png,cut_outer_insulation,0.007171630859375,3,0.022988505747126436,3
cable,test\cut_outer_insulation\004.png,cut_outer_insulation,0.022918701171875,3,0.022988505747126436,1
carpet,test\good\003.png,good,0.0,3,0.02247191011235955,2
carpet,test\good\004.png,good,0.0,3,0.02247191011235955,2
carpet,test\good\006.png,good,0.0,3,0.02247191011235955,2
carpet,test\good\008.png,good,0.0,3,0.02247191011235955,2
carpet,test\good\013.png,good,0.0,3,0.02247191011235955,2
carpet,test\good\022.png,good,0.0,3,0.02247191011235955,2
screw,test\good\030.png,good,0.0,3,0.022408963585434174,3
metal_nut,test\good\018.png,good,0.0,3,0.021505376344086023,2
metal_nut,test\good\021.png,good,0.0,3,0.02150537634408602,1
zipper,test\broken_teeth\007.png,broken_teeth,0.04730224609375,3,0.020833333333333332,1
zipper,test\broken_teeth\017.png,broken_teeth,0.0218658447265625,3,0.020833333333333332,1
zipper,test\broken_teeth\018.png,broken_teeth,0.0191192626953125,3,0.020833333333333332,1
zipper,test\combined\005.png,combined,0.0413818359375,3,0.020833333333333332,1
zipper,test\split_teeth\001.png,split_teeth,0.0255584716796875,3,0.020833333333333332,1
zipper,test\split_teeth\012.png,split_teeth,0.0399017333984375,3,0.020833333333333332,1
zipper,test\squeezed_teeth\003.png,squeezed_teeth,0.011993408203125,3,0.020833333333333332,1
tile,test\glue_strip\002.png,glue_strip,0.077545166015625,3,0.020202020202020204,2
tile,test\glue_strip\013.png,glue_strip,0.02142333984375,3,0.020202020202020204,2
tile,test\gray_stroke\006.png,gray_stroke,0.0473785400390625,3,0.020202020202020204,1
tile,test\gray_stroke\007.png,gray_stroke,0.0552825927734375,3,0.020202020202020204,2
tile,test\good\025.png,good,0.0,3,0.01984126984126984,2
zipper,test\good\004.png,good,0.0,3,0.0196078431372549,3
hazelnut,test\good\024.png,good,0.0,3,0.01904761904761905,2
carpet,test\good\007.png,good,0.0,3,0.018726591760299626,2
carpet,test\good\012.png,good,0.0,3,0.018726591760299626,2
carpet,test\good\014.png,good,0.0,3,0.018726591760299626,2
metal_nut,test\good\012.png,good,0.0,3,0.017921146953405017,1
grid,test\good\010.png,good,0.0,3,0.017543859649122806,3
grid,test\good\018.png,good,0.0,3,0.017543859649122806,3
wood,test\color\002.png,color,0.0380706787109375,3,0.017543859649122806,1
wood,test\color\004.png,color,0.0327301025390625,3,0.017543859649122806,1
wood,test\color\006.png,color,0.067138671875,3,0.017543859649122806,1
wood,test\color\007.png,color,0.0266265869140625,3,0.017543859649122806,1
wood,test\liquid\002.png,liquid,0.0623931884765625,3,0.017543859649122806,1
wood,test\scratch\003.png,scratch,0.0139312744140625,3,0.017543859649122806,1
wood,test\scratch\017.png,scratch,0.0616607666015625,3,0.017543859649122806,1
wood,test\scratch\019.png,scratch,0.014739990234375,3,0.017543859649122806,1
cable,test\combined\003.png,combined,0.0313568115234375,3,0.017241379310344827,2
cable,test\cut_outer_insulation\007.png,cut_outer_insulation,0.02099609375,3,0.017241379310344827,2
zipper,test\good\024.png,good,0.0,3,0.01680672268907563,2
bottle,test\contamination\003.png,contamination,0.0263519287109375,3,0.016666666666666666,1
bottle,test\contamination\004.png,contamination,0.020751953125,3,0.016666666666666666,1
transistor,test\damaged_case\008.png,damaged_case,0.050537109375,3,0.016666666666666666,2
transistor,test\good\004.png,good,0.0,3,0.016666666666666666,1
transistor,test\good\008.png,good,0.0,3,0.016666666666666666,1
transistor,test\good\009.png,good,0.0,3,0.016666666666666666,1
transistor,test\good\022.png,good,0.0,3,0.016666666666666666,1
transistor,test\good\026.png,good,0.0,3,0.016666666666666666,1
transistor,test\good\035.png,good,0.0,3,0.016666666666666666,1
transistor,test\good\038.png,good,0.0,3,0.016666666666666666,1
transistor,test\good\043.png,good,0.0,3,0.016666666666666666,1
transistor,test\good\046.png,good,0.0,3,0.016666666666666666,1
transistor,test\good\047.png,good,0.0,3,0.016666666666666666,1
transistor,test\good\051.png,good,0.0,3,0.016666666666666666,1
transistor,test\good\056.png,good,0.0,3,0.016666666666666666,1
wood,test\good\016.png,good,0.0,3,0.016666666666666666,3
wood,test\good\018.png,good,0.0,3,0.016666666666666666,3
grid,test\bent\004.png,bent,0.0082550048828125,3,0.015873015873015872,1
grid,test\glue\001.png,glue,0.0047454833984375,3,0.015873015873015872,1
grid,test\metal_contamination\009.png,metal_contamination,0.0040130615234375,3,0.015873015873015872,1
grid,test\thread\003.png,thread,0.0175018310546875,3,0.015873015873015872,1
tile,test\good\000.png,good,0.0,3,0.015873015873015872,1
tile,test\good\015.png,good,0.0,3,0.015873015873015872,2
metal_nut,test\bent\008.png,bent,0.02008056640625,3,0.015151515151515152,1
metal_nut,test\bent\023.png,bent,0.021392822265625,3,0.015151515151515152,1
metal_nut,test\color\004.png,color,0.0045013427734375,3,0.015151515151515152,1
metal_nut,test\color\008.png,color,0.046051025390625,3,0.015151515151515152,1
metal_nut,test\color\009.png,color,0.0178070068359375,3,0.015151515151515152,1
metal_nut,test\color\013.png,color,0.0230255126953125,3,0.015151515151515152,1
metal_nut,test\color\020.png,color,0.0367889404296875,3,0.015151515151515152,1
metal_nut,test\flip\000.png,flip,0.4842987060546875,3,0.015151515151515152,1
metal_nut,test\flip\001.png,flip,0.4869842529296875,3,0.015151515151515152,1
metal_nut,test\flip\003.png,flip,0.4866943359375,3,0.015151515151515152,1
metal_nut,test\flip\004.png,flip,0.479461669921875,3,0.015151515151515152,1
metal_nut,test\flip\005.png,flip,0.4803009033203125,3,0.015151515151515152,1
metal_nut,test\flip\007.png,flip,0.485504150390625,3,0.015151515151515152,1
metal_nut,test\flip\009.png,flip,0.4825439453125,3,0.015151515151515152,1
metal_nut,test\flip\011.png,flip,0.4796295166015625,3,0.015151515151515152,1
metal_nut,test\flip\013.png,flip,0.4787750244140625,3,0.015151515151515152,1
metal_nut,test\flip\017.png,flip,0.4869232177734375,3,0.015151515151515152,1
metal_nut,test\flip\019.png,flip,0.4828338623046875,3,0.015151515151515152,1
metal_nut,test\flip\020.png,flip,0.4821014404296875,3,0.015151515151515152,1
metal_nut,test\flip\022.png,flip,0.4813385009765625,3,0.015151515151515152,1
metal_nut,test\scratch\015.png,scratch,0.0327301025390625,3,0.015151515151515152,1
carpet,test\good\002.png,good,0.0,3,0.0149812734082397,2
carpet,test\good\009.png,good,0.0,3,0.0149812734082397,1
cable,test\good\000.png,good,0.0,3,0.014492753623188406,2
cable,test\good\018.png,good,0.0,3,0.014492753623188406,2
cable,test\good\053.png,good,0.0,3,0.014492753623188406,2
capsule,test\crack\002.png,crack,0.0021209716796875,3,0.014492753623188406,1
capsule,test\crack\003.png,crack,0.00347900390625,3,0.014492753623188406,1
capsule,test\crack\007.png,crack,0.0048980712890625,3,0.014492753623188406,1
capsule,test\crack\009.png,crack,0.0053558349609375,3,0.014492753623188406,1
capsule,test\crack\014.png,crack,0.0009918212890625,3,0.014492753623188406,1
capsule,test\crack\020.png,crack,0.00067138671875,3,0.014492753623188406,1
capsule,test\faulty_imprint\004.png,faulty_imprint,0.041168212890625,3,0.014492753623188406,1
capsule,test\faulty_imprint\005.png,faulty_imprint,0.0391693115234375,3,0.014492753623188406,1
capsule,test\poke\016.png,poke,0.00128173828125,3,0.014492753623188406,1
capsule,test\squeeze\003.png,squeeze,0.00341796875,3,0.014492753623188406,1
capsule,test\squeeze\005.png,squeeze,0.0057525634765625,3,0.014492753623188406,1
capsule,test\squeeze\008.png,squeeze,0.0314178466796875,3,0.014492753623188406,1
capsule,test\squeeze\010.png,squeeze,0.01177978515625,3,0.014492753623188406,1
capsule,test\squeeze\012.png,squeeze,0.0641937255859375,3,0.014492753623188406,1
capsule,test\squeeze\013.png,squeeze,0.021728515625,3,0.014492753623188406,1
capsule,test\squeeze\016.png,squeeze,0.0802154541015625,3,0.014492753623188406,1
capsule,test\squeeze\018.png,squeeze,0.010986328125,3,0.014492753623188406,1
hazelnut,test\good\038.png,good,0.0,3,0.014285714285714285,1
screw,test\good\036.png,good,0.0,3,0.014005602240896359,2
zipper,test\good\018.png,good,0.0,3,0.014005602240896357,2
pill,test\color\006.png,color,0.003021240234375,3,0.012820512820512822,1
pill,test\color\008.png,color,0.0008087158203125,3,0.012820512820512822,1
pill,test\color\012.png,color,0.0009002685546875,3,0.012820512820512822,1
pill,test\color\015.png,color,0.000701904296875,3,0.012820512820512822,1
pill,test\color\019.png,color,0.0043487548828125,3,0.012820512820512822,1
pill,test\combined\003.png,combined,0.009002685546875,3,0.012820512820512822,1
pill,test\combined\004.png,combined,0.0148773193359375,3,0.012820512820512822,1
pill,test\combined\006.png,combined,0.039794921875,3,0.012820512820512822,1
pill,test\contamination\007.png,contamination,0.025360107421875,3,0.012820512820512822,1
pill,test\contamination\014.png,contamination,0.0065765380859375,3,0.012820512820512822,1
pill,test\contamination\015.png,contamination,0.0169830322265625,3,0.012820512820512822,1
pill,test\contamination\016.png,contamination,0.01458740234375,3,0.012820512820512822,1
pill,test\contamination\018.png,contamination,0.0213775634765625,3,0.012820512820512822,1
pill,test\crack\016.png,crack,0.0032806396484375,3,0.012820512820512822,1
pill,test\crack\020.png,crack,0.0064544677734375,3,0.012820512820512822,1
pill,test\crack\022.png,crack,0.0070953369140625,3,0.012820512820512822,1
pill,test\faulty_imprint\014.png,faulty_imprint,0.013427734375,3,0.012820512820512822,1
pill,test\scratch\018.png,scratch,0.054779052734375,3,0.012820512820512822,1
pill,test\scratch\021.png,scratch,0.0123138427734375,3,0.012820512820512822,1
carpet,test\color\006.png,color,0.0240936279296875,3,0.011904761904761904,1
tile,test\good\019.png,good,0.0,3,0.011904761904761904,1
pill,test\good\003.png,good,0.0,3,0.011820330969267141,1
pill,test\good\018.png,good,0.0,3,0.011820330969267141,1
grid,test\good\001.png,good,0.0,3,0.011695906432748537,2
grid,test\good\002.png,good,0.0,3,0.011695906432748537,2
grid,test\good\003.png,good,0.0,3,0.011695906432748537,2
grid,test\good\004.png,good,0.0,3,0.011695906432748537,2
grid,test\good\007.png,good,0.0,3,0.011695906432748537,2
grid,test\good\008.png,good,0.0,3,0.011695906432748537,2
grid,test\good\011.png,good,0.0,3,0.011695906432748537,2
grid,test\good\012.png,good,0.0,3,0.011695906432748537,2
grid,test\good\015.png,good,0.0,3,0.011695906432748537,2
grid,test\good\016.png,good,0.0,3,0.011695906432748537,2
grid,test\good\017.png,good,0.0,3,0.011695906432748537,2
grid,test\good\019.png,good,0.0,3,0.011695906432748537,2
grid,test\good\020.png,good,0.0,3,0.011695906432748537,2
cable,test\combined\010.png,combined,0.074554443359375,3,0.011494252873563218,2
cable,test\cut_outer_insulation\003.png,cut_outer_insulation,0.0073699951171875,3,0.011494252873563218,1
cable,test\poke_insulation\005.png,poke_insulation,0.00634765625,3,0.011494252873563218,2
cable,test\poke_insulation\009.png,poke_insulation,0.0352783203125,3,0.011494252873563218,1
carpet,test\good\020.png,good,0.0,3,0.011235955056179775,2
transistor,test\cut_lead\006.png,cut_lead,0.015228271484375,3,0.011111111111111112,2
wood,test\good\008.png,good,0.0,3,0.011111111111111112,2
wood,test\good\014.png,good,0.0,3,0.011111111111111112,2
wood,test\good\015.png,good,0.0,3,0.011111111111111112,2
bottle,test\good\015.png,good,0.0,3,0.010582010582010581,1
tile,test\crack\015.png,crack,0.0086822509765625,3,0.010101010101010102,1
tile,test\glue_strip\007.png,glue_strip,0.140594482421875,3,0.010101010101010102,1
tile,test\gray_stroke\011.png,gray_stroke,0.06939697265625,3,0.010101010101010102,1
tile,test\gray_stroke\015.png,gray_stroke,0.0180206298828125,3,0.010101010101010102,1
tile,test\rough\014.png,rough,0.1351776123046875,3,0.010101010101010102,1
capsule,test\good\005.png,good,0.0,3,0.009174311926605505,1
capsule,test\good\014.png,good,0.0,3,0.009174311926605505,2
zipper,test\good\017.png,good,0.0,3,0.008403361344537815,2
screw,test\scratch_neck\024.png,scratch_neck,0.0030975341796875,3,0.008130081300813009,1
screw,test\thread_top\014.png,thread_top,0.0047454833984375,3,0.008130081300813009,1
tile,test\good\016.png,good,0.0,3,0.007936507936507936,1
tile,test\good\018.png,good,0.0,3,0.007936507936507936,2
tile,test\good\030.png,good,0.0,3,0.007936507936507936,1
carpet,test\good\015.png,good,0.0,3,0.00749063670411985,2
cable,test\good\011.png,good,0.0,3,0.007246376811594203,1
metal_nut,test\good\014.png,good,0.0,3,0.007168458781362008,2
capsule,test\good\018.png,good,0.0,3,0.0061162079510703364,1
grid,test\good\000.png,good,0.0,3,0.005847953216374269,1
grid,test\good\009.png,good,0.0,3,0.005847953216374269,1
grid,test\good\013.png,good,0.0,3,0.005847953216374269,1
cable,test\bent_wire\004.png,bent_wire,0.03155517578125,3,0.005747126436781609,1
cable,test\bent_wire\006.png,bent_wire,0.038818359375,3,0.005747126436781609,1
cable,test\bent_wire\010.png,bent_wire,0.0364532470703125,3,0.005747126436781609,1
cable,test\combined\001.png,combined,0.039276123046875,3,0.005747126436781609,1
cable,test\combined\008.png,combined,0.04638671875,3,0.005747126436781609,1
cable,test\cut_inner_insulation\003.png,cut_inner_insulation,0.059844970703125,3,0.005747126436781609,1
cable,test\cut_outer_insulation\005.png,cut_outer_insulation,0.0045166015625,3,0.005747126436781609,1
zipper,test\good\001.png,good,0.0,3,0.0056022408963585435,1
zipper,test\good\002.png,good,0.0,3,0.0056022408963585435,1
zipper,test\good\026.png,good,0.0,3,0.0056022408963585435,2
transistor,test\bent_lead\002.png,bent_lead,0.01123046875,3,0.005555555555555556,1
transistor,test\bent_lead\003.png,bent_lead,0.0091400146484375,3,0.005555555555555556,1
transistor,test\bent_lead\004.png,bent_lead,0.0037689208984375,3,0.005555555555555556,1
transistor,test\bent_lead\009.png,bent_lead,0.0089263916015625,3,0.005555555555555556,1
wood,test\good\000.png,good,0.0,3,0.005555555555555556,1
wood,test\good\007.png,good,0.0,3,0.005555555555555556,1
wood,test\good\012.png,good,0.0,3,0.005555555555555556,1
wood,test\good\013.png,good,0.0,3,0.005555555555555556,1
pill,test\good\022.png,good,0.0,3,0.004728132387706856,1
tile,test\good\013.png,good,0.0,3,0.003968253968253968,1
tile,test\good\014.png,good,0.0,3,0.003968253968253968,1
tile,test\good\027.png,good,0.0,3,0.003968253968253968,1
tile,test\good\029.png,good,0.0,3,0.003968253968253968,1
carpet,test\good\016.png,good,0.0,3,0.003745318352059925,1
carpet,test\good\018.png,good,0.0,3,0.003745318352059925,1
carpet,test\good\019.png,good,0.0,3,0.003745318352059925,1
carpet,test\good\023.png,good,0.0,3,0.003745318352059925,1
carpet,test\good\025.png,good,0.0,3,0.003745318352059925,1
cable,test\good\001.png,good,0.0,3,0.0036231884057971015,1
cable,test\good\025.png,good,0.0,3,0.0036231884057971015,1
metal_nut,test\good\009.png,good,0.0,3,0.003584229390681004,1
metal_nut,test\good\015.png,good,0.0,3,0.003584229390681004,1
capsule,test\good\012.png,good,0.0,3,0.0030581039755351682,1
zipper,test\good\000.png,good,0.0,3,0.0028011204481792717,1
zipper,test\good\003.png,good,0.0,3,0.0028011204481792717,1
zipper,test\good\011.png,good,0.0,3,0.0028011204481792717,1
zipper,test\good\013.png,good,0.0,3,0.0028011204481792717,1
zipper,test\good\014.png,good,0.0,3,0.0028011204481792717,1
pill,test\good\004.png,good,0.0,3,0.002364066193853428,1
pill,test\good\015.png,good,0.0,3,0.002364066193853428,1
bottle,test\broken_large\000.png,broken_large,0.1088104248046875,3,0.0,0
bottle,test\broken_large\001.png,broken_large,0.094482421875,3,0.0,0
bottle,test\broken_large\002.png,broken_large,0.1553955078125,3,0.0,0
bottle,test\broken_large\003.png,broken_large,0.2739715576171875,3,0.0,0
bottle,test\broken_large\004.png,broken_large,0.040863037109375,3,0.0,0
bottle,test\broken_large\005.png,broken_large,0.0409698486328125,3,0.0,0
bottle,test\broken_large\006.png,broken_large,0.1527862548828125,3,0.0,0
bottle,test\broken_large\007.png,broken_large,0.1616668701171875,3,0.0,0
bottle,test\broken_large\008.png,broken_large,0.1302490234375,3,0.0,0
bottle,test\broken_large\009.png,broken_large,0.0876312255859375,3,0.0,0
bottle,test\broken_large\010.png,broken_large,0.1112518310546875,3,0.0,0
bottle,test\broken_large\011.png,broken_large,0.074737548828125,3,0.0,0
bottle,test\broken_large\012.png,broken_large,0.0868072509765625,3,0.0,0
bottle,test\broken_large\013.png,broken_large,0.134857177734375,3,0.0,0
bottle,test\broken_large\014.png,broken_large,0.047210693359375,3,0.0,0
bottle,test\broken_large\015.png,broken_large,0.0933380126953125,3,0.0,0
bottle,test\broken_large\016.png,broken_large,0.1467132568359375,3,0.0,0
bottle,test\broken_large\017.png,broken_large,0.140716552734375,3,0.0,0
bottle,test\broken_large\018.png,broken_large,0.131256103515625,3,0.0,0
bottle,test\broken_large\019.png,broken_large,0.1262664794921875,3,0.0,0
bottle,test\broken_small\000.png,broken_small,0.00885009765625,3,0.0,0
bottle,test\broken_small\001.png,broken_small,0.0148468017578125,3,0.0,0
bottle,test\broken_small\002.png,broken_small,0.036468505859375,3,0.0,0
bottle,test\broken_small\003.png,broken_small,0.08062744140625,3,0.0,0
bottle,test\broken_small\004.png,broken_small,0.0321197509765625,3,0.0,0
bottle,test\broken_small\005.png,broken_small,0.01507568359375,3,0.0,0
bottle,test\broken_small\006.png,broken_small,0.0269622802734375,3,0.0,0
bottle,test\broken_small\007.png,broken_small,0.020904541015625,3,0.0,0
bottle,test\broken_small\008.png,broken_small,0.0213623046875,3,0.0,0
bottle,test\broken_small\009.png,broken_small,0.0234222412109375,3,0.0,0
bottle,test\broken_small\010.png,broken_small,0.0458221435546875,3,0.0,0
bottle,test\broken_small\011.png,broken_small,0.019256591796875,3,0.0,0
bottle,test\broken_small\012.png,broken_small,0.0780792236328125,3,0.0,0
bottle,test\broken_small\013.png,broken_small,0.0323333740234375,3,0.0,0
bottle,test\broken_small\014.png,broken_small,0.0179901123046875,3,0.0,0
bottle,test\broken_small\015.png,broken_small,0.0166168212890625,3,0.0,0
bottle,test\broken_small\016.png,broken_small,0.020416259765625,3,0.0,0
bottle,test\broken_small\017.png,broken_small,0.025177001953125,3,0.0,0
bottle,test\broken_small\018.png,broken_small,0.0571441650390625,3,0.0,0
bottle,test\broken_small\019.png,broken_small,0.02801513671875,3,0.0,0
bottle,test\broken_small\020.png,broken_small,0.0349273681640625,3,0.0,0
bottle,test\broken_small\021.png,broken_small,0.018585205078125,3,0.0,0
bottle,test\contamination\000.png,contamination,0.07232666015625,3,0.0,0
bottle,test\contamination\001.png,contamination,0.07171630859375,3,0.0,0
bottle,test\contamination\002.png,contamination,0.0183258056640625,3,0.0,0
bottle,test\contamination\005.png,contamination,0.123016357421875,3,0.0,0
bottle,test\contamination\006.png,contamination,0.15283203125,3,0.0,0
bottle,test\contamination\007.png,contamination,0.0556793212890625,3,0.0,0
bottle,test\contamination\008.png,contamination,0.165069580078125,3,0.0,0
bottle,test\contamination\009.png,contamination,0.1380615234375,3,0.0,0
bottle,test\contamination\010.png,contamination,0.1150360107421875,3,0.0,0
bottle,test\contamination\011.png,contamination,0.14892578125,3,0.0,0
bottle,test\contamination\012.png,contamination,0.151214599609375,3,0.0,0
bottle,test\contamination\013.png,contamination,0.050994873046875,3,0.0,0
bottle,test\contamination\014.png,contamination,0.006927490234375,3,0.0,0
bottle,test\contamination\015.png,contamination,0.0416107177734375,3,0.0,0
bottle,test\contamination\016.png,contamination,0.15093994140625,3,0.0,0
bottle,test\contamination\017.png,contamination,0.083465576171875,3,0.0,0
bottle,test\contamination\018.png,contamination,0.0057220458984375,3,0.0,0
bottle,test\contamination\019.png,contamination,0.0333099365234375,3,0.0,0
bottle,test\contamination\020.png,contamination,0.1498565673828125,3,0.0,0
bottle,test\good\000.png,good,0.0,3,0.0,0
bottle,test\good\001.png,good,0.0,3,0.0,0
bottle,test\good\002.png,good,0.0,3,0.0,0
bottle,test\good\003.png,good,0.0,3,0.0,0
bottle,test\good\004.png,good,0.0,3,0.0,0
bottle,test\good\005.png,good,0.0,3,0.0,0
bottle,test\good\006.png,good,0.0,3,0.0,0
bottle,test\good\007.png,good,0.0,3,0.0,0
bottle,test\good\008.png,good,0.0,3,0.0,0
bottle,test\good\009.png,good,0.0,3,0.0,0
bottle,test\good\010.png,good,0.0,3,0.0,0
bottle,test\good\011.png,good,0.0,3,0.0,0
bottle,test\good\012.png,good,0.0,3,0.0,0
bottle,test\good\013.png,good,0.0,3,0.0,0
bottle,test\good\014.png,good,0.0,3,0.0,0
bottle,test\good\016.png,good,0.0,3,0.0,0
bottle,test\good\017.png,good,0.0,3,0.0,0
bottle,test\good\018.png,good,0.0,3,0.0,0
bottle,test\good\019.png,good,0.0,3,0.0,0
cable,test\bent_wire\009.png,bent_wire,0.0363006591796875,3,0.0,0
cable,test\bent_wire\011.png,bent_wire,0.11383056640625,3,0.0,0
cable,test\cable_swap\002.png,cable_swap,0.054443359375,3,0.0,0
cable,test\combined\000.png,combined,0.0401611328125,3,0.0,0
cable,test\combined\002.png,combined,0.022796630859375,3,0.0,0
cable,test\combined\004.png,combined,0.047515869140625,3,0.0,0
cable,test\combined\007.png,combined,0.0741729736328125,3,0.0,0
cable,test\cut_inner_insulation\011.png,cut_inner_insulation,0.0536346435546875,3,0.0,0
cable,test\cut_outer_insulation\000.png,cut_outer_insulation,0.022308349609375,3,0.0,0
cable,test\cut_outer_insulation\002.png,cut_outer_insulation,0.013946533203125,3,0.0,0
cable,test\cut_outer_insulation\006.png,cut_outer_insulation,0.011138916015625,3,0.0,0
cable,test\cut_outer_insulation\008.png,cut_outer_insulation,0.033905029296875,3,0.0,0
cable,test\cut_outer_insulation\009.png,cut_outer_insulation,0.0098419189453125,3,0.0,0
cable,test\good\017.png,good,0.0,3,0.0,0
cable,test\good\023.png,good,0.0,3,0.0,0
cable,test\good\026.png,good,0.0,3,0.0,0
cable,test\good\046.png,good,0.0,3,0.0,0
capsule,test\crack\001.png,crack,0.0232696533203125,3,0.0,0
capsule,test\crack\004.png,crack,0.0030975341796875,3,0.0,0
capsule,test\crack\006.png,crack,0.005401611328125,3,0.0,0
capsule,test\crack\010.png,crack,0.01806640625,3,0.0,0
capsule,test\crack\011.png,crack,0.0054931640625,3,0.0,0
capsule,test\crack\012.png,crack,0.003326416015625,3,0.0,0
capsule,test\crack\015.png,crack,0.0116424560546875,3,0.0,0
capsule,test\crack\017.png,crack,0.00469970703125,3,0.0,0
capsule,test\crack\018.png,crack,0.00274658203125,3,0.0,0
capsule,test\good\001.png,good,0.0,3,0.0,0
capsule,test\good\016.png,good,0.0,3,0.0,0
capsule,test\good\017.png,good,0.0,3,0.0,0
capsule,test\good\022.png,good,0.0,3,0.0,0
capsule,test\poke\000.png,poke,0.0123443603515625,3,0.0,0
capsule,test\poke\008.png,poke,0.005218505859375,3,0.0,0
capsule,test\squeeze\000.png,squeeze,0.07672119140625,3,0.0,0
capsule,test\squeeze\001.png,squeeze,0.0499725341796875,3,0.0,0
capsule,test\squeeze\002.png,squeeze,0.0021209716796875,3,0.0,0
capsule,test\squeeze\004.png,squeeze,0.0058135986328125,3,0.0,0
capsule,test\squeeze\006.png,squeeze,0.07061767578125,3,0.0,0
capsule,test\squeeze\007.png,squeeze,0.0659332275390625,3,0.0,0
capsule,test\squeeze\009.png,squeeze,0.0486297607421875,3,0.0,0
capsule,test\squeeze\011.png,squeeze,0.061431884765625,3,0.0,0
capsule,test\squeeze\014.png,squeeze,0.0806121826171875,3,0.0,0
capsule,test\squeeze\015.png,squeeze,0.0243988037109375,3,0.0,0
capsule,test\squeeze\017.png,squeeze,0.005889892578125,3,0.0,0
carpet,test\color\000.png,color,0.0586700439453125,3,0.0,0
carpet,test\color\001.png,color,0.0207366943359375,3,0.0,0
carpet,test\color\002.png,color,0.0241546630859375,3,0.0,0
carpet,test\color\003.png,color,0.0116119384765625,3,0.0,0
carpet,test\color\004.png,color,0.020721435546875,3,0.0,0
carpet,test\color\005.png,color,0.016326904296875,3,0.0,0
carpet,test\color\007.png,color,0.0157470703125,3,0.0,0
carpet,test\color\008.png,color,0.062744140625,3,0.0,0
carpet,test\color\009.png,color,0.0310516357421875,3,0.0,0
carpet,test\color\010.png,color,0.0210723876953125,3,0.0,0
carpet,test\color\011.png,color,0.003509521484375,3,0.0,0
carpet,test\color\012.png,color,0.0065765380859375,3,0.0,0
carpet,test\color\013.png,color,0.00421142578125,3,0.0,0
carpet,test\color\014.png,color,0.005645751953125,3,0.0,0
carpet,test\color\015.png,color,0.00689697265625,3,0.0,0
carpet,test\color\016.png,color,0.00897216796875,3,0.0,0
carpet,test\color\018.png,color,0.00439453125,3,0.0,0
carpet,test\cut\000.png,cut,0.0576171875,3,0.0,0
carpet,test\cut\001.png,cut,0.03369140625,3,0.0,0
carpet,test\cut\002.png,cut,0.039093017578125,3,0.0,0
carpet,test\cut\003.png,cut,0.0404052734375,3,0.0,0
carpet,test\cut\004.png,cut,0.0317840576171875,3,0.0,0
carpet,test\cut\005.png,cut,0.03192138671875,3,0.0,0
carpet,test\cut\006.png,cut,0.0458984375,3,0.0,0
carpet,test\cut\007.png,cut,0.04339599609375,3,0.0,0
carpet,test\cut\008.png,cut,0.0383758544921875,3,0.0,0
carpet,test\cut\009.png,cut,0.080169677734375,3,0.0,0
carpet,test\cut\010.png,cut,0.054290771484375,3,0.0,0
carpet,test\cut\011.png,cut,0.051727294921875,3,0.0,0
carpet,test\cut\012.png,cut,0.0728912353515625,3,0.0,0
carpet,test\cut\013.png,cut,0.05804443359375,3,0.0,0
carpet,test\cut\014.png,cut,0.03857421875,3,0.0,0
carpet,test\cut\015.png,cut,0.0698089599609375,3,0.0,0
carpet,test\cut\016.png,cut,0.042205810546875,3,0.0,0
carpet,test\good\000.png,good,0.0,3,0.0,0
carpet,test\good\001.png,good,0.0,3,0.0,0
carpet,test\good\010.png,good,0.0,3,0.0,0
carpet,test\good\011.png,good,0.0,3,0.0,0
carpet,test\good\017.png,good,0.0,3,0.0,0
carpet,test\good\021.png,good,0.0,3,0.0,0
carpet,test\good\024.png,good,0.0,3,0.0,0
carpet,test\good\026.png,good,0.0,3,0.0,0
carpet,test\good\027.png,good,0.0,3,0.0,0
carpet,test\hole\000.png,hole,0.0117950439453125,3,0.0,0
carpet,test\hole\001.png,hole,0.00677490234375,3,0.0,0
carpet,test\hole\002.png,hole,0.0178070068359375,3,0.0,0
carpet,test\hole\003.png,hole,0.028411865234375,3,0.0,0
carpet,test\hole\004.png,hole,0.0155029296875,3,0.0,0
carpet,test\hole\005.png,hole,0.028350830078125,3,0.0,0
carpet,test\hole\006.png,hole,0.0285797119140625,3,0.0,0
carpet,test\hole\007.png,hole,0.03302001953125,3,0.0,0
carpet,test\hole\008.png,hole,0.037567138671875,3,0.0,0
carpet,test\hole\009.png,hole,0.056243896484375,3,0.0,0
carpet,test\hole\010.png,hole,0.0150299072265625,3,0.0,0
carpet,test\hole\011.png,hole,0.0147552490234375,3,0.0,0
carpet,test\hole\012.png,hole,0.020355224609375,3,0.0,0
carpet,test\hole\013.png,hole,0.01837158203125,3,0.0,0
carpet,test\hole\014.png,hole,0.0124664306640625,3,0.0,0
carpet,test\hole\015.png,hole,0.012725830078125,3,0.0,0
carpet,test\hole\016.png,hole,0.0247955322265625,3,0.0,0
carpet,test\metal_contamination\002.png,metal_contamination,0.0057220458984375,3,0.0,0
carpet,test\metal_contamination\003.png,metal_contamination,0.00335693359375,3,0.0,0
carpet,test\metal_contamination\004.png,metal_contamination,0.005523681640625,3,0.0,0
carpet,test\metal_contamination\005.png,metal_contamination,0.009246826171875,3,0.0,0
carpet,test\metal_contamination\006.png,metal_contamination,0.00445556640625,3,0.0,0
carpet,test\metal_contamination\007.png,metal_contamination,0.013397216796875,3,0.0,0
carpet,test\metal_contamination\008.png,metal_contamination,0.0055389404296875,3,0.0,0
carpet,test\metal_contamination\009.png,metal_contamination,0.0044708251953125,3,0.0,0
carpet,test\metal_contamination\010.png,metal_contamination,0.00604248046875,3,0.0,0
carpet,test\metal_contamination\011.png,metal_contamination,0.003143310546875,3,0.0,0
carpet,test\metal_contamination\012.png,metal_contamination,0.0035552978515625,3,0.0,0
carpet,test\metal_contamination\013.png,metal_contamination,0.00299072265625,3,0.0,0
carpet,test\metal_contamination\014.png,metal_contamination,0.0029296875,3,0.0,0
carpet,test\metal_contamination\015.png,metal_contamination,0.0038299560546875,3,0.0,0
carpet,test\metal_contamination\016.png,metal_contamination,0.003143310546875,3,0.0,0
carpet,test\thread\000.png,thread,0.006317138671875,3,0.0,0
carpet,test\thread\001.png,thread,0.00299072265625,3,0.0,0
carpet,test\thread\002.png,thread,0.0045013427734375,3,0.0,0
carpet,test\thread\003.png,thread,0.001800537109375,3,0.0,0
carpet,test\thread\004.png,thread,0.01446533203125,3,0.0,0
carpet,test\thread\005.png,thread,0.0169830322265625,3,0.0,0
carpet,test\thread\006.png,thread,0.0204925537109375,3,0.0,0
carpet,test\thread\007.png,thread,0.0084686279296875,3,0.0,0
carpet,test\thread\008.png,thread,0.0250244140625,3,0.0,0
carpet,test\thread\010.png,thread,0.0061187744140625,3,0.0,0
carpet,test\thread\011.png,thread,0.0031890869140625,3,0.0,0
carpet,test\thread\012.png,thread,0.0277099609375,3,0.0,0
carpet,test\thread\013.png,thread,0.0531463623046875,3,0.0,0
carpet,test\thread\014.png,thread,0.005218505859375,3,0.0,0
carpet,test\thread\017.png,thread,0.0100860595703125,3,0.0,0
grid,test\bent\000.png,bent,0.0052490234375,3,0.0,0
grid,test\bent\001.png,bent,0.00433349609375,3,0.0,0
grid,test\bent\002.png,bent,0.0041961669921875,3,0.0,0
grid,test\bent\003.png,bent,0.007476806640625,3,0.0,0
grid,test\bent\005.png,bent,0.0142059326171875,3,0.0,0
grid,test\bent\006.png,bent,0.0214996337890625,3,0.0,0
grid,test\bent\007.png,bent,0.0115509033203125,3,0.0,0
grid,test\bent\008.png,bent,0.0059356689453125,3,0.0,0
grid,test\bent\009.png,bent,0.0138397216796875,3,0.0,0
grid,test\bent\010.png,bent,0.0187225341796875,3,0.0,0
grid,test\bent\011.png,bent,0.014495849609375,3,0.0,0
grid,test\broken\000.png,broken,0.0071258544921875,3,0.0,0
grid,test\broken\001.png,broken,0.0234375,3,0.0,0
grid,test\broken\002.png,broken,0.0025482177734375,3,0.0,0
grid,test\broken\003.png,broken,0.0114898681640625,3,0.0,0
grid,test\broken\004.png,broken,0.0045013427734375,3,0.0,0
grid,test\broken\005.png,broken,0.006317138671875,3,0.0,0
grid,test\broken\006.png,broken,0.005218505859375,3,0.0,0
grid,test\broken\007.png,broken,0.004669189453125,3,0.0,0
grid,test\broken\008.png,broken,0.0039520263671875,3,0.0,0
grid,test\broken\009.png,broken,0.0059967041015625,3,0.0,0
grid,test\broken\010.png,broken,0.0050201416015625,3,0.0,0
grid,test\broken\011.png,broken,0.0037994384765625,3,0.0,0
grid,test\glue\000.png,glue,0.005584716796875,3,0.0,0
grid,test\glue\002.png,glue,0.005126953125,3,0.0,0
grid,test\glue\003.png,glue,0.004547119140625,3,0.0,0
grid,test\glue\004.png,glue,0.007415771484375,3,0.0,0
grid,test\glue\005.png,glue,0.0025177001953125,3,0.0,0
grid,test\glue\006.png,glue,0.00457763671875,3,0.0,0
grid,test\glue\009.png,glue,0.0063018798828125,3,0.0,0
grid,test\glue\010.png,glue,0.006500244140625,3,0.0,0
grid,test\metal_contamination\000.png,metal_contamination,0.00250244140625,3,0.0,0
grid,test\metal_contamination\001.png,metal_contamination,0.0070648193359375,3,0.0,0
grid,test\metal_contamination\002.png,metal_contamination,0.00439453125,3,0.0,0
grid,test\metal_contamination\003.png,metal_contamination,0.0082244873046875,3,0.0,0
grid,test\metal_contamination\004.png,metal_contamination,0.004241943359375,3,0.0,0
grid,test\metal_contamination\005.png,metal_contamination,0.0038299560546875,3,0.0,0
grid,test\metal_contamination\006.png,metal_contamination,0.00299072265625,3,0.0,0
grid,test\metal_contamination\007.png,metal_contamination,0.0019073486328125,3,0.0,0
grid,test\metal_contamination\008.png,metal_contamination,0.0040130615234375,3,0.0,0
grid,test\metal_contamination\010.png,metal_contamination,0.0049285888671875,3,0.0,0
grid,test\thread\000.png,thread,0.007080078125,3,0.0,0
grid,test\thread\001.png,thread,0.0135955810546875,3,0.0,0
grid,test\thread\002.png,thread,0.0152740478515625,3,0.0,0
grid,test\thread\004.png,thread,0.0314788818359375,3,0.0,0
grid,test\thread\005.png,thread,0.014892578125,3,0.0,0
grid,test\thread\006.png,thread,0.0150146484375,3,0.0,0
grid,test\thread\007.png,thread,0.0322113037109375,3,0.0,0
grid,test\thread\008.png,thread,0.035888671875,3,0.0,0
grid,test\thread\009.png,thread,0.015655517578125,3,0.0,0
grid,test\thread\010.png,thread,0.0242919921875,3,0.0,0
hazelnut,test\good\006.png,good,0.0,3,0.0,0
hazelnut,test\good\027.png,good,0.0,3,0.0,0
leather,test\color\000.png,color,0.0048675537109375,3,0.0,0
leather,test\color\001.png,color,0.0020904541015625,3,0.0,0
leather,test\color\002.png,color,0.0055694580078125,3,0.0,0
leather,test\color\003.png,color,0.0051727294921875,3,0.0,0
leather,test\color\004.png,color,0.00689697265625,3,0.0,0
leather,test\color\005.png,color,0.0018768310546875,3,0.0,0
leather,test\color\006.png,color,0.0009002685546875,3,0.0,0
leather,test\color\007.png,color,0.00244140625,3,0.0,0
leather,test\color\008.png,color,0.012908935546875,3,0.0,0
leather,test\color\009.png,color,0.0045013427734375,3,0.0,0
leather,test\color\010.png,color,0.0016021728515625,3,0.0,0
leather,test\color\011.png,color,0.0024566650390625,3,0.0,0
leather,test\color\012.png,color,0.002197265625,3,0.0,0
leather,test\color\013.png,color,0.0037689208984375,3,0.0,0
leather,test\color\014.png,color,0.002044677734375,3,0.0,0
leather,test\color\015.png,color,0.0078277587890625,3,0.0,0
leather,test\color\016.png,color,0.001556396484375,3,0.0,0
leather,test\color\017.png,color,0.009521484375,3,0.0,0
leather,test\color\018.png,color,0.0013580322265625,3,0.0,0
leather,test\cut\000.png,cut,0.00128173828125,3,0.0,0
leather,test\cut\001.png,cut,0.004150390625,3,0.0,0
leather,test\cut\002.png,cut,0.0009765625,3,0.0,0
leather,test\cut\003.png,cut,0.012359619140625,3,0.0,0
leather,test\cut\004.png,cut,0.0078125,3,0.0,0
leather,test\cut\005.png,cut,0.002349853515625,3,0.0,0
leather,test\cut\006.png,cut,0.0045318603515625,3,0.0,0
leather,test\cut\007.png,cut,0.004058837890625,3,0.0,0
leather,test\cut\008.png,cut,0.0035552978515625,3,0.0,0
leather,test\cut\009.png,cut,0.0015411376953125,3,0.0,0
leather,test\cut\010.png,cut,0.001708984375,3,0.0,0
leather,test\cut\011.png,cut,0.002105712890625,3,0.0,0
leather,test\cut\012.png,cut,0.0031280517578125,3,0.0,0
leather,test\cut\013.png,cut,0.0065765380859375,3,0.0,0
leather,test\cut\014.png,cut,0.0032501220703125,3,0.0,0
leather,test\cut\015.png,cut,0.003753662109375,3,0.0,0
leather,test\cut\016.png,cut,0.0076141357421875,3,0.0,0
leather,test\cut\017.png,cut,0.0069732666015625,3,0.0,0
leather,test\cut\018.png,cut,0.0169219970703125,3,0.0,0
leather,test\fold\000.png,fold,0.00885009765625,3,0.0,0
leather,test\fold\001.png,fold,0.0088043212890625,3,0.0,0
leather,test\fold\002.png,fold,0.01043701171875,3,0.0,0
leather,test\fold\003.png,fold,0.0126495361328125,3,0.0,0
leather,test\fold\004.png,fold,0.04052734375,3,0.0,0
leather,test\fold\005.png,fold,0.0427703857421875,3,0.0,0
leather,test\fold\006.png,fold,0.0197906494140625,3,0.0,0
leather,test\fold\007.png,fold,0.040802001953125,3,0.0,0
leather,test\fold\008.png,fold,0.015472412109375,3,0.0,0
leather,test\fold\009.png,fold,0.0687713623046875,3,0.0,0
leather,test\fold\010.png,fold,0.036285400390625,3,0.0,0
leather,test\fold\011.png,fold,0.012725830078125,3,0.0,0
leather,test\fold\012.png,fold,0.0167999267578125,3,0.0,0
leather,test\fold\013.png,fold,0.00848388671875,3,0.0,0
leather,test\fold\014.png,fold,0.0166778564453125,3,0.0,0
leather,test\fold\015.png,fold,0.0339508056640625,3,0.0,0
leather,test\fold\016.png,fold,0.033355712890625,3,0.0,0
leather,test\glue\000.png,glue,0.01678466796875,3,0.0,0
leather,test\glue\001.png,glue,0.0079803466796875,3,0.0,0
leather,test\glue\002.png,glue,0.0050048828125,3,0.0,0
leather,test\glue\003.png,glue,0.0175018310546875,3,0.0,0
leather,test\glue\004.png,glue,0.001617431640625,3,0.0,0
leather,test\glue\005.png,glue,0.014739990234375,3,0.0,0
leather,test\glue\006.png,glue,0.0075225830078125,3,0.0,0
leather,test\glue\007.png,glue,0.004791259765625,3,0.0,0
leather,test\glue\008.png,glue,0.0077362060546875,3,0.0,0
leather,test\glue\009.png,glue,0.0036163330078125,3,0.0,0
leather,test\glue\010.png,glue,0.003082275390625,3,0.0,0
leather,test\glue\011.png,glue,0.002593994140625,3,0.0,0
leather,test\glue\012.png,glue,0.006072998046875,3,0.0,0
leather,test\glue\013.png,glue,0.0159759521484375,3,0.0,0
leather,test\glue\014.png,glue,0.004852294921875,3,0.0,0
leather,test\glue\015.png,glue,0.0067138671875,3,0.0,0
leather,test\glue\016.png,glue,0.0086517333984375,3,0.0,0
leather,test\glue\017.png,glue,0.016876220703125,3,0.0,0
leather,test\glue\018.png,glue,0.005157470703125,3,0.0,0
leather,test\good\000.png,good,0.0,3,0.0,0
leather,test\good\001.png,good,0.0,3,0.0,0
leather,test\good\002.png,good,0.0,3,0.0,0
leather,test\good\003.png,good,0.0,3,0.0,0
leather,test\good\004.png,good,0.0,3,0.0,0
leather,test\good\005.png,good,0.0,3,0.0,0
leather,test\good\006.png,good,0.0,3,0.0,0
leather,test\good\007.png,good,0.0,3,0.0,0
leather,test\good\008.png,good,0.0,3,0.0,0
leather,test\good\009.png,good,0.0,3,0.0,0
leather,test\good\010.png,good,0.0,3,0.0,0
leather,test\good\011.png,good,0.0,3,0.0,0
leather,test\good\012.png,good,0.0,3,0.0,0
leather,test\good\013.png,good,0.0,3,0.0,0
leather,test\good\014.png,good,0.0,3,0.0,0
leather,test\good\015.png,good,0.0,3,0.0,0
leather,test\good\016.png,good,0.0,3,0.0,0
leather,test\good\017.png,good,0.0,3,0.0,0
leather,test\good\018.png,good,0.0,3,0.0,0
leather,test\good\019.png,good,0.0,3,0.0,0
leather,test\good\020.png,good,0.0,3,0.0,0
leather,test\good\021.png,good,0.0,3,0.0,0
leather,test\good\022.png,good,0.0,3,0.0,0
leather,test\good\023.png,good,0.0,3,0.0,0
leather,test\good\024.png,good,0.0,3,0.0,0
leather,test\good\025.png,good,0.0,3,0.0,0
leather,test\good\026.png,good,0.0,3,0.0,0
leather,test\good\027.png,good,0.0,3,0.0,0
leather,test\good\028.png,good,0.0,3,0.0,0
leather,test\good\029.png,good,0.0,3,0.0,0
leather,test\good\030.png,good,0.0,3,0.0,0
leather,test\good\031.png,good,0.0,3,0.0,0
leather,test\poke\000.png,poke,0.00152587890625,3,0.0,0
leather,test\poke\001.png,poke,0.0034332275390625,3,0.0,0
leather,test\poke\002.png,poke,0.0040283203125,3,0.0,0
leather,test\poke\003.png,poke,0.0025177001953125,3,0.0,0
leather,test\poke\004.png,poke,0.0019989013671875,3,0.0,0
leather,test\poke\005.png,poke,0.001800537109375,3,0.0,0
leather,test\poke\006.png,poke,0.002838134765625,3,0.0,0
leather,test\poke\007.png,poke,0.0021514892578125,3,0.0,0
leather,test\poke\008.png,poke,0.002044677734375,3,0.0,0
leather,test\poke\009.png,poke,0.003204345703125,3,0.0,0
leather,test\poke\010.png,poke,0.002197265625,3,0.0,0
leather,test\poke\011.png,poke,0.003265380859375,3,0.0,0
leather,test\poke\012.png,poke,0.0038604736328125,3,0.0,0
leather,test\poke\013.png,poke,0.0022735595703125,3,0.0,0
leather,test\poke\014.png,poke,0.0022430419921875,3,0.0,0
leather,test\poke\015.png,poke,0.001678466796875,3,0.0,0
leather,test\poke\016.png,poke,0.0027313232421875,3,0.0,0
leather,test\poke\017.png,poke,0.00164794921875,3,0.0,0
metal_nut,test\bent\000.png,bent,0.0469207763671875,3,0.0,0
metal_nut,test\bent\009.png,bent,0.0169219970703125,3,0.0,0
metal_nut,test\bent\011.png,bent,0.0146484375,3,0.0,0
metal_nut,test\bent\013.png,bent,0.0247802734375,3,0.0,0
metal_nut,test\color\015.png,color,0.047698974609375,3,0.0,0
metal_nut,test\flip\002.png,flip,0.482269287109375,3,0.0,0
metal_nut,test\flip\006.png,flip,0.48077392578125,3,0.0,0
metal_nut,test\flip\008.png,flip,0.47833251953125,3,0.0,0
metal_nut,test\flip\010.png,flip,0.482177734375,3,0.0,0
metal_nut,test\flip\012.png,flip,0.478851318359375,3,0.0,0
metal_nut,test\flip\014.png,flip,0.4792022705078125,3,0.0,0
metal_nut,test\flip\015.png,flip,0.4815216064453125,3,0.0,0
metal_nut,test\flip\016.png,flip,0.4864501953125,3,0.0,0
metal_nut,test\flip\018.png,flip,0.480010986328125,3,0.0,0
metal_nut,test\flip\021.png,flip,0.48187255859375,3,0.0,0
pill,test\color\001.png,color,0.0045928955078125,3,0.0,0
pill,test\color\002.png,color,0.0054473876953125,3,0.0,0
pill,test\color\003.png,color,0.0054931640625,3,0.0,0
pill,test\color\004.png,color,0.0038299560546875,3,0.0,0
pill,test\color\005.png,color,0.0073394775390625,3,0.0,0
pill,test\color\009.png,color,0.0005035400390625,3,0.0,0
pill,test\color\010.png,color,0.0013885498046875,3,0.0,0
pill,test\color\013.png,color,0.00091552734375,3,0.0,0
pill,test\color\022.png,color,0.0069732666015625,3,0.0,0
pill,test\color\023.png,color,0.0054168701171875,3,0.0,0
pill,test\combined\001.png,combined,0.0286712646484375,3,0.0,0
pill,test\combined\002.png,combined,0.0103302001953125,3,0.0,0
pill,test\combined\005.png,combined,0.01373291015625,3,0.0,0
pill,test\combined\008.png,combined,0.0124053955078125,3,0.0,0
pill,test\combined\009.png,combined,0.028045654296875,3,0.0,0
pill,test\combined\011.png,combined,0.0118408203125,3,0.0,0
pill,test\combined\012.png,combined,0.0098876953125,3,0.0,0
pill,test\combined\013.png,combined,0.016204833984375,3,0.0,0
pill,test\combined\014.png,combined,0.009979248046875,3,0.0,0
pill,test\combined\015.png,combined,0.05877685546875,3,0.0,0
pill,test\combined\016.png,combined,0.0279083251953125,3,0.0,0
pill,test\contamination\000.png,contamination,0.00726318359375,3,0.0,0
pill,test\contamination\001.png,contamination,0.012908935546875,3,0.0,0
pill,test\contamination\002.png,contamination,0.0089111328125,3,0.0,0
pill,test\contamination\003.png,contamination,0.0084991455078125,3,0.0,0
pill,test\contamination\011.png,contamination,0.016998291015625,3,0.0,0
pill,test\contamination\020.png,contamination,0.0126495361328125,3,0.0,0
pill,test\crack\002.png,crack,0.009857177734375,3,0.0,0
pill,test\crack\004.png,crack,0.0072784423828125,3,0.0,0
pill,test\crack\005.png,crack,0.01483154296875,3,0.0,0
pill,test\crack\006.png,crack,0.0029754638671875,3,0.0,0
pill,test\crack\007.png,crack,0.0045318603515625,3,0.0,0
pill,test\crack\008.png,crack,0.0105438232421875,3,0.0,0
pill,test\crack\011.png,crack,0.01123046875,3,0.0,0
pill,test\crack\012.png,crack,0.004058837890625,3,0.0,0
pill,test\crack\017.png,crack,0.0110015869140625,3,0.0,0
pill,test\crack\018.png,crack,0.0115203857421875,3,0.0,0
pill,test\crack\019.png,crack,0.011383056640625,3,0.0,0
pill,test\crack\021.png,crack,0.00433349609375,3,0.0,0
pill,test\crack\025.png,crack,0.0016937255859375,3,0.0,0
pill,test\faulty_imprint\002.png,faulty_imprint,0.0145721435546875,3,0.0,0
pill,test\faulty_imprint\006.png,faulty_imprint,0.0259246826171875,3,0.0,0
pill,test\faulty_imprint\007.png,faulty_imprint,0.0601806640625,3,0.0,0
pill,test\faulty_imprint\008.png,faulty_imprint,0.0305328369140625,3,0.0,0
pill,test\faulty_imprint\010.png,faulty_imprint,0.0340423583984375,3,0.0,0
pill,test\faulty_imprint\013.png,faulty_imprint,0.022979736328125,3,0.0,0
pill,test\faulty_imprint\015.png,faulty_imprint,0.0197296142578125,3,0.0,0
pill,test\faulty_imprint\018.png,faulty_imprint,0.024444580078125,3,0.0,0
pill,test\good\001.png,good,0.0,3,0.0,0
pill,test\pill_type\000.png,pill_type,0.4056549072265625,3,0.0,0
pill,test\pill_type\001.png,pill_type,0.4090728759765625,3,0.0,0
pill,test\pill_type\002.png,pill_type,0.4050140380859375,3,0.0,0
pill,test\pill_type\003.png,pill_type,0.4084930419921875,3,0.0,0
pill,test\pill_type\004.png,pill_type,0.4088287353515625,3,0.0,0
pill,test\pill_type\005.png,pill_type,0.40985107421875,3,0.0,0
pill,test\pill_type\006.png,pill_type,0.406158447265625,3,0.0,0
pill,test\pill_type\007.png,pill_type,0.4079742431640625,3,0.0,0
pill,test\pill_type\008.png,pill_type,0.409332275390625,3,0.0,0
pill,test\scratch\003.png,scratch,0.00665283203125,3,0.0,0
pill,test\scratch\011.png,scratch,0.0097198486328125,3,0.0,0
pill,test\scratch\023.png,scratch,0.02349853515625,3,0.0,0
screw,test\manipulated_front\009.png,manipulated_front,0.0063629150390625,3,0.0,0
tile,test\crack\000.png,crack,0.02667236328125,3,0.0,0
tile,test\crack\001.png,crack,0.0167694091796875,3,0.0,0
tile,test\crack\002.png,crack,0.0276031494140625,3,0.0,0
tile,test\crack\003.png,crack,0.0280303955078125,3,0.0,0
tile,test\crack\004.png,crack,0.0098419189453125,3,0.0,0
tile,test\crack\005.png,crack,0.0150909423828125,3,0.0,0
tile,test\crack\006.png,crack,0.0361785888671875,3,0.0,0
tile,test\crack\007.png,crack,0.02734375,3,0.0,0
tile,test\crack\008.png,crack,0.019775390625,3,0.0,0
tile,test\crack\009.png,crack,0.024017333984375,3,0.0,0
tile,test\crack\010.png,crack,0.0361480712890625,3,0.0,0
tile,test\crack\011.png,crack,0.0128631591796875,3,0.0,0
tile,test\crack\012.png,crack,0.029205322265625,3,0.0,0
tile,test\crack\013.png,crack,0.02056884765625,3,0.0,0
tile,test\crack\014.png,crack,0.0162200927734375,3,0.0,0
tile,test\crack\016.png,crack,0.0209503173828125,3,0.0,0
tile,test\glue_strip\000.png,glue_strip,0.063140869140625,3,0.0,0
tile,test\glue_strip\001.png,glue_strip,0.0836181640625,3,0.0,0
tile,test\glue_strip\003.png,glue_strip,0.3547515869140625,3,0.0,0
tile,test\glue_strip\004.png,glue_strip,0.1848907470703125,3,0.0,0
tile,test\glue_strip\005.png,glue_strip,0.0555877685546875,3,0.0,0
tile,test\glue_strip\006.png,glue_strip,0.17657470703125,3,0.0,0
tile,test\glue_strip\008.png,glue_strip,0.1301727294921875,3,0.0,0
tile,test\glue_strip\009.png,glue_strip,0.04962158203125,3,0.0,0
tile,test\glue_strip\010.png,glue_strip,0.1654052734375,3,0.0,0
tile,test\glue_strip\011.png,glue_strip,0.099365234375,3,0.0,0
tile,test\glue_strip\012.png,glue_strip,0.10711669921875,3,0.0,0
tile,test\glue_strip\014.png,glue_strip,0.048919677734375,3,0.0,0
tile,test\glue_strip\015.png,glue_strip,0.048248291015625,3,0.0,0
tile,test\glue_strip\016.png,glue_strip,0.0340118408203125,3,0.0,0
tile,test\glue_strip\017.png,glue_strip,0.1571502685546875,3,0.0,0
tile,test\good\001.png,good,0.0,3,0.0,0
tile,test\good\002.png,good,0.0,3,0.0,0
tile,test\good\003.png,good,0.0,3,0.0,0
tile,test\good\005.png,good,0.0,3,0.0,0
tile,test\good\007.png,good,0.0,3,0.0,0
tile,test\good\009.png,good,0.0,3,0.0,0
tile,test\good\010.png,good,0.0,3,0.0,0
tile,test\good\011.png,good,0.0,3,0.0,0
tile,test\good\012.png,good,0.0,3,0.0,0
tile,test\good\020.png,good,0.0,3,0.0,0
tile,test\good\021.png,good,0.0,3,0.0,0
tile,test\good\022.png,good,0.0,3,0.0,0
tile,test\good\023.png,good,0.0,3,0.0,0
tile,test\good\026.png,good,0.0,3,0.0,0
tile,test\good\028.png,good,0.0,3,0.0,0
tile,test\good\031.png,good,0.0,3,0.0,0
tile,test\good\032.png,good,0.0,3,0.0,0
tile,test\gray_stroke\013.png,gray_stroke,0.0313568115234375,3,0.0,0
tile,test\oil\000.png,oil,0.22235107421875,3,0.0,0
tile,test\oil\001.png,oil,0.1290283203125,3,0.0,0
tile,test\oil\002.png,oil,0.182647705078125,3,0.0,0
tile,test\oil\003.png,oil,0.1391448974609375,3,0.0,0
tile,test\oil\004.png,oil,0.1316375732421875,3,0.0,0
tile,test\oil\005.png,oil,0.1236724853515625,3,0.0,0
tile,test\oil\006.png,oil,0.1416473388671875,3,0.0,0
tile,test\oil\007.png,oil,0.1627197265625,3,0.0,0
tile,test\oil\008.png,oil,0.136260986328125,3,0.0,0
tile,test\oil\009.png,oil,0.145904541015625,3,0.0,0
tile,test\oil\010.png,oil,0.1293182373046875,3,0.0,0
tile,test\oil\011.png,oil,0.1169281005859375,3,0.0,0
tile,test\oil\012.png,oil,0.125701904296875,3,0.0,0
tile,test\oil\013.png,oil,0.1283111572265625,3,0.0,0
tile,test\oil\014.png,oil,0.1653289794921875,3,0.0,0
tile,test\oil\015.png,oil,0.235076904296875,3,0.0,0
tile,test\oil\016.png,oil,0.2180938720703125,3,0.0,0
tile,test\oil\017.png,oil,0.1963043212890625,3,0.0,0
tile,test\rough\001.png,rough,0.0942535400390625,3,0.0,0
tile,test\rough\003.png,rough,0.2062530517578125,3,0.0,0
tile,test\rough\004.png,rough,0.331512451171875,3,0.0,0
tile,test\rough\007.png,rough,0.1183319091796875,3,0.0,0
tile,test\rough\008.png,rough,0.1549530029296875,3,0.0,0
tile,test\rough\009.png,rough,0.2857208251953125,3,0.0,0
tile,test\rough\010.png,rough,0.121490478515625,3,0.0,0
tile,test\rough\011.png,rough,0.1015472412109375,3,0.0,0
tile,test\rough\012.png,rough,0.2086334228515625,3,0.0,0
tile,test\rough\013.png,rough,0.2589874267578125,3,0.0,0
toothbrush,test\defective\000.png,defective,0.0226287841796875,3,0.0,0
toothbrush,test\defective\005.png,defective,0.048492431640625,3,0.0,0
toothbrush,test\defective\008.png,defective,0.051513671875,3,0.0,0
toothbrush,test\defective\010.png,defective,0.057037353515625,3,0.0,0
toothbrush,test\defective\012.png,defective,0.017669677734375,3,0.0,0
toothbrush,test\defective\014.png,defective,0.027099609375,3,0.0,0
toothbrush,test\defective\016.png,defective,0.0118408203125,3,0.0,0
toothbrush,test\defective\017.png,defective,0.0278472900390625,3,0.0,0
toothbrush,test\defective\022.png,defective,0.1298370361328125,3,0.0,0
toothbrush,test\defective\023.png,defective,0.026519775390625,3,0.0,0
toothbrush,test\defective\025.png,defective,0.037872314453125,3,0.0,0
toothbrush,test\defective\026.png,defective,0.0081329345703125,3,0.0,0
toothbrush,test\defective\029.png,defective,0.066650390625,3,0.0,0
toothbrush,test\good\000.png,good,0.0,3,0.0,0
toothbrush,test\good\001.png,good,0.0,3,0.0,0
toothbrush,test\good\002.png,good,0.0,3,0.0,0
toothbrush,test\good\003.png,good,0.0,3,0.0,0
toothbrush,test\good\008.png,good,0.0,3,0.0,0
toothbrush,test\good\010.png,good,0.0,3,0.0,0
toothbrush,test\good\011.png,good,0.0,3,0.0,0
transistor,test\bent_lead\000.png,bent_lead,0.0042266845703125,3,0.0,0
transistor,test\bent_lead\001.png,bent_lead,0.0023345947265625,3,0.0,0
transistor,test\bent_lead\005.png,bent_lead,0.0158843994140625,3,0.0,0
transistor,test\bent_lead\006.png,bent_lead,0.03582763671875,3,0.0,0
transistor,test\bent_lead\007.png,bent_lead,0.031768798828125,3,0.0,0
transistor,test\bent_lead\008.png,bent_lead,0.0365447998046875,3,0.0,0
transistor,test\cut_lead\000.png,cut_lead,0.011260986328125,3,0.0,0
transistor,test\damaged_case\001.png,damaged_case,0.053436279296875,3,0.0,0
transistor,test\damaged_case\009.png,damaged_case,0.0509185791015625,3,0.0,0
transistor,test\good\000.png,good,0.0,3,0.0,0
transistor,test\good\005.png,good,0.0,3,0.0,0
transistor,test\good\007.png,good,0.0,3,0.0,0
transistor,test\good\027.png,good,0.0,3,0.0,0
transistor,test\good\030.png,good,0.0,3,0.0,0
transistor,test\good\034.png,good,0.0,3,0.0,0
transistor,test\good\048.png,good,0.0,3,0.0,0
transistor,test\good\049.png,good,0.0,3,0.0,0
transistor,test\good\050.png,good,0.0,3,0.0,0
transistor,test\misplaced\000.png,misplaced,0.4034881591796875,3,0.0,0
transistor,test\misplaced\001.png,misplaced,0.408660888671875,3,0.0,0
transistor,test\misplaced\002.png,misplaced,0.3797149658203125,3,0.0,0
transistor,test\misplaced\003.png,misplaced,0.3772735595703125,3,0.0,0
transistor,test\misplaced\004.png,misplaced,0.404296875,3,0.0,0
transistor,test\misplaced\005.png,misplaced,0.42962646484375,3,0.0,0
transistor,test\misplaced\006.png,misplaced,0.404541015625,3,0.0,0
transistor,test\misplaced\007.png,misplaced,0.4891510009765625,3,0.0,0
transistor,test\misplaced\008.png,misplaced,0.492401123046875,3,0.0,0
transistor,test\misplaced\009.png,misplaced,0.3954620361328125,3,0.0,0
wood,test\color\000.png,color,0.0212554931640625,3,0.0,0
wood,test\color\001.png,color,0.0428009033203125,3,0.0,0
wood,test\color\003.png,color,0.0098114013671875,3,0.0,0
wood,test\color\005.png,color,0.0167694091796875,3,0.0,0
wood,test\combined\000.png,combined,0.146820068359375,3,0.0,0
wood,test\combined\001.png,combined,0.0235595703125,3,0.0,0
wood,test\combined\002.png,combined,0.02069091796875,3,0.0,0
wood,test\combined\003.png,combined,0.038238525390625,3,0.0,0
wood,test\combined\004.png,combined,0.0662384033203125,3,0.0,0
wood,test\combined\005.png,combined,0.0095062255859375,3,0.0,0
wood,test\combined\006.png,combined,0.087127685546875,3,0.0,0
wood,test\combined\007.png,combined,0.05938720703125,3,0.0,0
wood,test\combined\008.png,combined,0.0455322265625,3,0.0,0
wood,test\combined\009.png,combined,0.01995849609375,3,0.0,0
wood,test\combined\010.png,combined,0.077362060546875,3,0.0,0
wood,test\good\001.png,good,0.0,3,0.0,0
wood,test\good\002.png,good,0.0,3,0.0,0
wood,test\good\003.png,good,0.0,3,0.0,0
wood,test\good\004.png,good,0.0,3,0.0,0
wood,test\good\005.png,good,0.0,3,0.0,0
wood,test\good\006.png,good,0.0,3,0.0,0
wood,test\good\010.png,good,0.0,3,0.0,0
wood,test\good\011.png,good,0.0,3,0.0,0
wood,test\hole\000.png,hole,0.0248260498046875,3,0.0,0
wood,test\hole\001.png,hole,0.0113067626953125,3,0.0,0
wood,test\hole\002.png,hole,0.0094757080078125,3,0.0,0
wood,test\hole\003.png,hole,0.0123138427734375,3,0.0,0
wood,test\hole\004.png,hole,0.019378662109375,3,0.0,0
wood,test\hole\007.png,hole,0.0083770751953125,3,0.0,0
wood,test\hole\008.png,hole,0.0034637451171875,3,0.0,0
wood,test\hole\009.png,hole,0.0086822509765625,3,0.0,0
wood,test\liquid\000.png,liquid,0.0348358154296875,3,0.0,0
wood,test\liquid\001.png,liquid,0.1022491455078125,3,0.0,0
wood,test\liquid\003.png,liquid,0.030364990234375,3,0.0,0
wood,test\liquid\004.png,liquid,0.0196075439453125,3,0.0,0
wood,test\liquid\005.png,liquid,0.074493408203125,3,0.0,0
wood,test\liquid\007.png,liquid,0.0398406982421875,3,0.0,0
wood,test\liquid\008.png,liquid,0.0676727294921875,3,0.0,0
wood,test\liquid\009.png,liquid,0.036590576171875,3,0.0,0
wood,test\scratch\002.png,scratch,0.0514373779296875,3,0.0,0
wood,test\scratch\007.png,scratch,0.3152923583984375,3,0.0,0
wood,test\scratch\008.png,scratch,0.0240478515625,3,0.0,0
wood,test\scratch\009.png,scratch,0.0246429443359375,3,0.0,0
wood,test\scratch\010.png,scratch,0.0272979736328125,3,0.0,0
wood,test\scratch\011.png,scratch,0.1222991943359375,3,0.0,0
wood,test\scratch\013.png,scratch,0.0113525390625,3,0.0,0
wood,test\scratch\015.png,scratch,0.0228271484375,3,0.0,0
wood,test\scratch\018.png,scratch,0.044586181640625,3,0.0,0
zipper,test\broken_teeth\003.png,broken_teeth,0.01739501953125,3,0.0,0
zipper,test\combined\000.png,combined,0.1182098388671875,3,0.0,0
zipper,test\combined\003.png,combined,0.0139923095703125,3,0.0,0
zipper,test\combined\006.png,combined,0.03399658203125,3,0.0,0
zipper,test\combined\010.png,combined,0.02777099609375,3,0.0,0
zipper,test\combined\011.png,combined,0.041015625,3,0.0,0
zipper,test\combined\013.png,combined,0.029296875,3,0.0,0
zipper,test\combined\015.png,combined,0.0708465576171875,3,0.0,0
zipper,test\fabric_border\000.png,fabric_border,0.0080413818359375,3,0.0,0
zipper,test\fabric_border\001.png,fabric_border,0.0096282958984375,3,0.0,0
zipper,test\fabric_border\002.png,fabric_border,0.0034637451171875,3,0.0,0
zipper,test\fabric_border\003.png,fabric_border,0.0070648193359375,3,0.0,0
zipper,test\fabric_border\004.png,fabric_border,0.0184478759765625,3,0.0,0
zipper,test\fabric_border\005.png,fabric_border,0.019805908203125,3,0.0,0
zipper,test\fabric_border\006.png,fabric_border,0.020172119140625,3,0.0,0
zipper,test\fabric_border\007.png,fabric_border,0.0166473388671875,3,0.0,0
zipper,test\fabric_border\008.png,fabric_border,0.020721435546875,3,0.0,0
zipper,test\fabric_border\009.png,fabric_border,0.0242919921875,3,0.0,0
zipper,test\fabric_border\010.png,fabric_border,0.01434326171875,3,0.0,0
zipper,test\fabric_border\011.png,fabric_border,0.020965576171875,3,0.0,0
zipper,test\fabric_border\012.png,fabric_border,0.0253448486328125,3,0.0,0
zipper,test\fabric_border\013.png,fabric_border,0.0107574462890625,3,0.0,0
zipper,test\fabric_border\014.png,fabric_border,0.0096435546875,3,0.0,0
zipper,test\fabric_border\015.png,fabric_border,0.0225830078125,3,0.0,0
zipper,test\fabric_border\016.png,fabric_border,0.0348052978515625,3,0.0,0
zipper,test\good\005.png,good,0.0,3,0.0,0
zipper,test\good\006.png,good,0.0,3,0.0,0
zipper,test\good\008.png,good,0.0,3,0.0,0
zipper,test\good\009.png,good,0.0,3,0.0,0
zipper,test\good\010.png,good,0.0,3,0.0,0
zipper,test\good\012.png,good,0.0,3,0.0,0
zipper,test\good\015.png,good,0.0,3,0.0,0
zipper,test\good\016.png,good,0.0,3,0.0,0
zipper,test\good\020.png,good,0.0,3,0.0,0
zipper,test\good\023.png,good,0.0,3,0.0,0
zipper,test\good\025.png,good,0.0,3,0.0,0
zipper,test\good\030.png,good,0.0,3,0.0,0
zipper,test\good\031.png,good,0.0,3,0.0,0
zipper,test\split_teeth\003.png,split_teeth,0.0345306396484375,3,0.0,0
zipper,test\split_teeth\004.png,split_teeth,0.0494842529296875,3,0.0,0
